pricing_id,route_id,fuel_surcharge_usd,port_charge_usd,demand_factor,risk_surcharge_usd,target_margin_percent
P00001,R00001,100.0,75.0,1.0,50.0,15.0
P00002,R00002,120.0,85.0,1.05,65.0,18.0
P00003,R00003,130.0,95.0,0.95,70.0,12.0
P00004,R00004,90.0,60.0,1.0,40.0,16.0
P00005,R00005,85.0,55.0,1.1,35.0,14.0
P00006,R00006,115.0,90.0,0.9,80.0,20.0
P00007,R00007,110.0,80.0,1.0,75.0,17.0
P00008,R00008,95.0,70.0,1.05,60.0,13.0
P00009,R00009,80.0,65.0,1.15,45.0,15.0
P00010,R00010,75.0,50.0,1.0,30.0,18.0
P00011,R00011,85.0,55.0,1.1,40.0,16.0
P00012,R00012,70.0,60.0,0.95,50.0,14.0
P00013,R00013,65.0,45.0,1.0,25.0,17.0
P00014,R00014,105.0,85.0,1.05,70.0,19.0
P00015,R00015,70.0,48.0,1.0,32.0,15.0
P00016,R00016,90.0,65.0,1.08,55.0,18.0
P00017,R00017,150.0,110.0,1.0,85.0,16.0
P00018,R00018,140.0,100.0,1.05,90.0,15.0
P00019,R00019,145.0,105.0,1.0,95.0,17.0
P00020,R00020,110.0,80.0,1.1,60.0,14.0
P00021,R00021,120.0,85.0,1.0,65.0,16.0
P00022,R00022,155.0,120.0,0.95,100.0,18.0
P00023,R00023,135.0,95.0,1.0,80.0,15.0
P00024,R00024,130.0,90.0,1.05,75.0,17.0
P00025,R00025,95.0,70.0,1.0,50.0,16.0
P00026,R00026,100.0,75.0,1.1,55.0,15.0
P00027,R00027,105.0,80.0,1.05,60.0,18.0
P00028,R00028,80.0,60.0,1.0,40.0,14.0
P00029,R00029,75.0,55.0,1.0,35.0,16.0
P00030,R00030,115.0,90.0,0.95,70.0,19.0
P00031,R00031,100.0,75.0,1.0,50.0,15.0
P00032,R00032,90.0,65.0,1.05,45.0,17.0
P00033,R00033,140.0,100.0,1.0,80.0,16.0
P00034,R00034,150.0,110.0,1.05,90.0,15.0
P00035,R00035,120.0,85.0,1.1,65.0,14.0
P00036,R00036,125.0,90.0,1.0,70.0,17.0
P00037,R00037,110.0,80.0,1.0,55.0,16.0
P00038,R00038,135.0,95.0,1.05,85.0,18.0
P00039,R00039,140.0,100.0,1.0,80.0,15.0
P00040,R00040,100.0,75.0,1.08,50.0,14.0
P00041,R00041,130.0,95.0,1.0,75.0,17.0
P00042,R00042,105.0,80.0,1.05,55.0,15.0
P00043,R00043,120.0,90.0,1.0,70.0,16.0
P00044,R00044,110.0,85.0,1.1,60.0,18.0
P00045,R00045,115.0,80.0,1.0,65.0,14.0
P00046,R00046,135.0,100.0,0.95,85.0,19.0
P00047,R00047,95.0,70.0,1.0,45.0,15.0
P00048,R00048,125.0,85.0,1.05,70.0,17.0
P00049,R00049,80.0,60.0,1.0,40.0,16.0
P00050,R00050,65.0,45.0,1.1,30.0,18.0
P00051,R00051,90.0,70.0,1.05,55.0,15.0
P00052,R00052,75.0,55.0,1.0,35.0,17.0
P00053,R00053,65.0,45.0,1.0,25.0,14.0
P00054,R00054,100.0,80.0,0.95,60.0,19.0
P00055,R00055,85.0,65.0,1.0,45.0,16.0
P00056,R00056,80.0,60.0,1.05,40.0,15.0
P00057,R00057,95.0,75.0,1.0,55.0,17.0
P00058,R00058,90.0,70.0,1.05,50.0,15.0
P00059,R00059,95.0,70.0,1.0,55.0,16.0
P00060,R00060,110.0,85.0,1.1,70.0,18.0
P00061,R00061,70.0,50.0,1.0,30.0,14.0
P00062,R00062,110.0,85.0,0.95,70.0,19.0
P00063,R00063,100.0,80.0,1.0,60.0,16.0
P00064,R00064,105.0,75.0,1.05,65.0,17.0
P00065,R00065,110.0,85.0,1.0,70.0,16.0
P00066,R00066,85.0,60.0,1.05,40.0,15.0
P00067,R00067,120.0,95.0,1.0,80.0,17.0
P00068,R00068,115.0,85.0,1.1,75.0,18.0
P00069,R00069,110.0,80.0,1.0,70.0,16.0
P00070,R00070,130.0,100.0,0.95,90.0,20.0
P00071,R00071,90.0,65.0,1.0,45.0,15.0
P00072,R00072,100.0,75.0,1.05,55.0,17.0
P00073,R00073,160.0,120.0,1.0,100.0,17.0
P00074,R00074,120.0,90.0,1.05,65.0,15.0
P00075,R00075,140.0,105.0,1.0,85.0,16.0
P00076,R00076,130.0,95.0,1.1,75.0,18.0
P00077,R00077,140.0,100.0,1.0,90.0,14.0
P00078,R00078,165.0,130.0,0.95,110.0,19.0
P00079,R00079,110.0,85.0,1.0,55.0,15.0
P00080,R00080,125.0,90.0,1.05,70.0,17.0
P00081,R00081,155.0,115.0,1.0,95.0,16.0
P00082,R00082,165.0,125.0,1.05,105.0,15.0
P00083,R00083,140.0,105.0,1.1,85.0,14.0
P00084,R00084,155.0,115.0,1.0,95.0,17.0
P00085,R00085,140.0,100.0,1.0,80.0,16.0
P00086,R00086,165.0,120.0,1.05,105.0,18.0
P00087,R00087,170.0,130.0,1.0,110.0,15.0
P00088,R00088,120.0,90.0,1.05,65.0,17.0
P00089,R00089,145.0,105.0,1.0,85.0,16.0
P00090,R00090,150.0,110.0,1.05,90.0,15.0
P00091,R00091,170.0,125.0,1.0,105.0,18.0
P00092,R00092,165.0,120.0,1.1,100.0,17.0
P00093,R00093,130.0,95.0,1.0,70.0,14.0
P00094,R00094,175.0,135.0,0.95,115.0,19.0
P00095,R00095,140.0,100.0,1.0,80.0,16.0
P00096,R00096,155.0,115.0,1.05,95.0,15.0
P00097,R00097,155.0,115.0,1.0,95.0,17.0
P00098,R00098,170.0,125.0,1.05,105.0,16.0
P00099,R00099,135.0,100.0,1.1,80.0,15.0
P00100,R00100,130.0,95.0,1.0,75.0,17.0
P00101,R00101,135.0,100.0,1.0,80.0,16.0
P00102,R00102,160.0,120.0,1.05,100.0,18.0
P00103,R00103,165.0,125.0,1.0,105.0,15.0
P00104,R00104,130.0,95.0,1.05,75.0,17.0
P00105,R00105,95.0,70.0,1.0,50.0,16.0
P00106,R00106,70.0,50.0,1.05,30.0,18.0
P00107,R00107,95.0,70.0,1.1,50.0,17.0
P00108,R00108,75.0,55.0,1.0,35.0,14.0
P00109,R00109,65.0,45.0,1.0,25.0,16.0
P00110,R00110,100.0,80.0,1.05,60.0,19.0
P00111,R00111,85.0,65.0,1.0,45.0,15.0
P00112,R00112,100.0,75.0,1.05,55.0,17.0
P00113,R00113,145.0,105.0,1.0,85.0,16.0
P00114,R00114,155.0,115.0,1.05,95.0,15.0
P00115,R00115,120.0,90.0,1.1,65.0,14.0
P00116,R00116,135.0,100.0,1.0,80.0,17.0
P00117,R00117,135.0,100.0,1.0,80.0,16.0
P00118,R00118,165.0,125.0,1.05,105.0,18.0
P00119,R00119,160.0,120.0,1.0,100.0,15.0
P00120,R00120,130.0,95.0,1.05,75.0,17.0
P00121,R00121,145.0,105.0,1.0,85.0,16.0
P00122,R00122,165.0,125.0,1.05,105.0,15.0
P00123,R00123,180.0,135.0,1.0,115.0,18.0
P00124,R00124,190.0,140.0,1.1,120.0,17.0
P00125,R00125,195.0,145.0,1.0,125.0,16.0
P00126,R00126,175.0,130.0,0.95,110.0,19.0
P00127,R00127,170.0,125.0,1.0,105.0,15.0
P00128,R00128,165.0,120.0,1.05,100.0,17.0
P00129,R00129,195.0,145.0,1.0,125.0,18.0
P00130,R00130,210.0,160.0,1.05,135.0,17.0
P00131,R00131,170.0,125.0,1.1,105.0,16.0
P00132,R00132,165.0,120.0,1.0,100.0,15.0
P00133,R00133,165.0,120.0,1.0,100.0,17.0
P00134,R00134,200.0,150.0,1.05,130.0,18.0
P00135,R00135,190.0,140.0,1.0,120.0,15.0
P00136,R00136,170.0,125.0,1.05,105.0,17.0
P00137,R00137,155.0,115.0,1.0,95.0,16.0
P00138,R00138,160.0,120.0,1.05,100.0,15.0
P00139,R00139,180.0,135.0,1.0,115.0,18.0
P00140,R00140,195.0,145.0,1.1,125.0,17.0
P00141,R00141,190.0,140.0,1.0,120.0,16.0
P00142,R00142,175.0,130.0,0.95,110.0,19.0
P00143,R00143,155.0,115.0,1.0,95.0,15.0
P00144,R00144,170.0,125.0,1.05,105.0,17.0
P00145,R00145,110.0,85.0,1.0,70.0,16.0
P00146,R00146,85.0,65.0,1.05,50.0,15.0
P00147,R00147,105.0,80.0,1.0,60.0,17.0
P00148,R00148,85.0,65.0,1.1,50.0,18.0
P00149,R00149,70.0,50.0,1.0,30.0,14.0
P00150,R00150,100.0,80.0,0.95,60.0,19.0
P00151,R00151,80.0,60.0,1.0,40.0,16.0
P00152,R00152,85.0,65.0,1.05,50.0,15.0
P00153,R00153,145.0,105.0,1.0,85.0,16.0
P00154,R00154,150.0,110.0,1.05,90.0,15.0
P00155,R00155,175.0,130.0,1.0,110.0,18.0
P00156,R00156,130.0,95.0,1.1,75.0,14.0
P00157,R00157,140.0,100.0,1.0,80.0,17.0
P00158,R00158,165.0,125.0,1.05,105.0,19.0
P00159,R00159,160.0,120.0,1.0,100.0,15.0
P00160,R00160,165.0,125.0,1.05,105.0,17.0
P00161,R00161,145.0,135.0,1.1,100.0,20.0
P00162,R00162,120.0,75.0,1.1,45.0,13.0
P00163,R00163,145.0,130.0,1.05,60.0,16.0
P00164,R00164,110.0,95.0,1.0,85.0,17.0
P00165,R00165,115.0,75.0,1.1,45.0,18.0
P00166,R00166,130.0,105.0,1.0,55.0,20.0
P00167,R00167,110.0,80.0,0.95,40.0,12.0
P00168,R00168,110.0,65.0,1.05,55.0,14.0
P00169,R00169,110.0,95.0,1.0,65.0,19.0
P00170,R00170,90.0,110.0,1.0,45.0,13.0
P00171,R00171,95.0,100.0,0.95,35.0,15.0
P00172,R00172,105.0,90.0,0.95,50.0,15.0
P00173,R00173,100.0,70.0,0.95,65.0,18.0
P00174,R00174,115.0,145.0,1.0,85.0,20.0
P00175,R00175,100.0,100.0,1.0,55.0,14.0
P00176,R00176,105.0,65.0,1.1,75.0,15.0
P00177,R00177,160.0,85.0,1.0,40.0,18.0
P00178,R00178,125.0,115.0,1.05,55.0,13.0
P00179,R00179,125.0,100.0,1.1,75.0,16.0
P00180,R00180,130.0,75.0,0.95,65.0,16.0
P00181,R00181,120.0,70.0,1.0,65.0,18.0
P00182,R00182,160.0,110.0,0.95,55.0,19.0
P00183,R00183,130.0,105.0,1.05,95.0,15.0
P00184,R00184,115.0,55.0,1.05,65.0,15.0
P00185,R00185,120.0,105.0,1.1,45.0,18.0
P00186,R00186,145.0,105.0,1.0,35.0,19.0
P00187,R00187,115.0,115.0,1.05,60.0,14.0
P00188,R00188,115.0,80.0,0.95,30.0,14.0
P00189,R00189,120.0,70.0,1.1,45.0,16.0
P00190,R00190,130.0,130.0,1.0,60.0,18.0
P00191,R00191,150.0,95.0,1.05,80.0,19.0
P00192,R00192,125.0,105.0,1.1,55.0,14.0
P00193,R00193,125.0,85.0,1.0,40.0,17.0
P00194,R00194,115.0,85.0,0.95,70.0,19.0
P00195,R00195,95.0,85.0,1.0,90.0,14.0
P00196,R00196,105.0,75.0,0.9,50.0,14.0
P00197,R00197,100.0,70.0,0.9,65.0,16.0
P00198,R00198,135.0,115.0,1.1,55.0,18.0
P00199,R00199,140.0,95.0,0.95,70.0,19.0
P00200,R00200,105.0,115.0,1.0,55.0,13.0
P00201,R00201,120.0,70.0,1.1,90.0,20.0
P00202,R00202,100.0,90.0,1.05,70.0,13.0
P00203,R00203,105.0,115.0,1.0,80.0,16.0
P00204,R00204,100.0,80.0,1.0,80.0,16.0
P00205,R00205,115.0,60.0,0.9,45.0,17.0
P00206,R00206,115.0,90.0,0.95,55.0,19.0
P00207,R00207,105.0,105.0,1.05,55.0,14.0
P00208,R00208,125.0,105.0,1.0,45.0,15.0
P00209,R00209,150.0,135.0,0.95,90.0,17.0
P00210,R00210,165.0,95.0,1.05,55.0,19.0
P00211,R00211,160.0,85.0,0.9,30.0,18.0
P00212,R00212,125.0,70.0,1.0,70.0,13.0
P00213,R00213,145.0,55.0,1.0,25.0,14.0
P00214,R00214,130.0,120.0,1.0,90.0,17.0
P00215,R00215,130.0,75.0,0.9,30.0,17.0
P00216,R00216,180.0,75.0,1.0,50.0,18.0
P00217,R00217,110.0,120.0,0.95,40.0,13.0
P00218,R00218,110.0,95.0,1.0,75.0,16.0
P00219,R00219,135.0,105.0,1.0,45.0,16.0
P00220,R00220,145.0,75.0,0.95,70.0,18.0
P00221,R00221,145.0,55.0,1.05,85.0,20.0
P00222,R00222,130.0,130.0,0.95,40.0,13.0
P00223,R00223,125.0,80.0,0.9,70.0,15.0
P00224,R00224,120.0,105.0,1.1,75.0,17.0
P00225,R00225,160.0,105.0,0.95,75.0,16.0
P00226,R00226,140.0,70.0,1.05,35.0,15.0
P00227,R00227,145.0,100.0,1.0,55.0,19.0
P00228,R00228,170.0,95.0,1.0,35.0,19.0
P00229,R00229,120.0,50.0,0.95,75.0,13.0
P00230,R00230,140.0,120.0,1.0,60.0,15.0
P00231,R00231,125.0,95.0,1.0,30.0,15.0
P00232,R00232,150.0,115.0,1.05,65.0,18.0
P00233,R00233,85.0,90.0,1.1,70.0,18.0
P00234,R00234,85.0,90.0,1.0,55.0,19.0
P00235,R00235,90.0,135.0,0.95,80.0,14.0
P00236,R00236,90.0,110.0,1.1,55.0,16.0
P00237,R00237,75.0,70.0,1.0,75.0,16.0
P00238,R00238,105.0,145.0,1.05,75.0,18.0
P00239,R00239,75.0,65.0,1.1,85.0,20.0
P00240,R00240,85.0,70.0,1.05,90.0,14.0
P00241,R00241,125.0,110.0,1.05,45.0,18.0
P00242,R00242,130.0,80.0,0.9,30.0,18.0
P00243,R00243,105.0,90.0,0.95,75.0,14.0
P00244,R00244,115.0,85.0,1.05,90.0,16.0
P00245,R00245,105.0,70.0,0.95,45.0,15.0
P00246,R00246,120.0,120.0,0.9,80.0,19.0
P00247,R00247,125.0,110.0,1.1,55.0,20.0
P00248,R00248,115.0,75.0,1.0,80.0,13.0
P00249,R00249,105.0,95.0,1.15,95.0,20.0
P00250,R00250,110.0,95.0,1.0,85.0,20.0
P00251,R00251,90.0,110.0,1.1,55.0,14.0
P00252,R00252,100.0,110.0,1.1,55.0,16.0
P00253,R00253,95.0,70.0,1.0,55.0,15.0
P00254,R00254,120.0,135.0,1.05,50.0,18.0
P00255,R00255,100.0,55.0,0.95,25.0,18.0
P00256,R00256,100.0,70.0,0.95,35.0,12.0
P00257,R00257,120.0,110.0,1.05,55.0,17.0
P00258,R00258,155.0,85.0,1.05,80.0,18.0
P00259,R00259,155.0,75.0,0.9,70.0,19.0
P00260,R00260,130.0,95.0,1.05,65.0,13.0
P00261,R00261,130.0,60.0,1.15,65.0,15.0
P00262,R00262,150.0,130.0,0.95,80.0,17.0
P00263,R00263,135.0,105.0,0.9,55.0,18.0
P00264,R00264,140.0,95.0,0.95,40.0,18.0
P00265,R00265,130.0,105.0,1.05,95.0,20.0
P00266,R00266,140.0,95.0,1.0,55.0,19.0
P00267,R00267,110.0,115.0,1.0,35.0,13.0
P00268,R00268,110.0,95.0,1.0,80.0,15.0
P00269,R00269,125.0,65.0,0.9,25.0,15.0
P00270,R00270,120.0,135.0,1.0,100.0,20.0
P00271,R00271,150.0,100.0,1.05,95.0,20.0
P00272,R00272,130.0,80.0,1.1,90.0,14.0
P00273,R00273,115.0,100.0,1.05,85.0,16.0
P00274,R00274,95.0,70.0,1.0,30.0,15.0
P00275,R00275,95.0,90.0,1.05,50.0,18.0
P00276,R00276,125.0,115.0,1.05,65.0,19.0
P00277,R00277,85.0,65.0,1.1,85.0,14.0
P00278,R00278,105.0,95.0,1.05,85.0,16.0
P00279,R00279,105.0,90.0,1.0,90.0,17.0
P00280,R00280,95.0,70.0,1.1,45.0,18.0
P00281,R00281,125.0,80.0,1.0,60.0,15.0
P00282,R00282,145.0,60.0,1.0,65.0,18.0
P00283,R00283,130.0,95.0,1.1,50.0,19.0
P00284,R00284,130.0,70.0,1.0,70.0,13.0
P00285,R00285,125.0,60.0,0.9,65.0,15.0
P00286,R00286,120.0,115.0,1.0,65.0,16.0
P00287,R00287,160.0,95.0,1.15,55.0,19.0
P00288,R00288,130.0,60.0,1.0,65.0,19.0
P00289,R00289,100.0,135.0,1.0,100.0,18.0
P00290,R00290,105.0,80.0,1.05,80.0,18.0
P00291,R00291,105.0,100.0,1.15,55.0,20.0
P00292,R00292,90.0,115.0,1.05,55.0,14.0
P00293,R00293,95.0,70.0,1.1,75.0,15.0
P00294,R00294,120.0,145.0,1.0,55.0,16.0
P00295,R00295,100.0,75.0,1.0,30.0,17.0
P00296,R00296,105.0,85.0,1.0,50.0,18.0
P00297,R00297,105.0,115.0,1.15,60.0,17.0
P00298,R00298,95.0,65.0,1.0,75.0,18.0
P00299,R00299,105.0,110.0,1.1,55.0,20.0
P00300,R00300,80.0,90.0,1.05,50.0,13.0
P00301,R00301,95.0,50.0,1.0,55.0,14.0
P00302,R00302,105.0,130.0,0.9,40.0,16.0
P00303,R00303,90.0,70.0,1.0,35.0,17.0
P00304,R00304,100.0,95.0,1.1,65.0,19.0
P00305,R00305,115.0,115.0,1.0,60.0,14.0
P00306,R00306,125.0,85.0,1.1,70.0,15.0
P00307,R00307,145.0,105.0,1.1,75.0,17.0
P00308,R00308,130.0,70.0,1.05,65.0,18.0
P00309,R00309,140.0,65.0,1.1,45.0,19.0
P00310,R00310,140.0,130.0,0.95,60.0,13.0
P00311,R00311,125.0,75.0,1.0,80.0,15.0
P00312,R00312,130.0,85.0,0.9,70.0,16.0
P00313,R00313,145.0,110.0,1.15,75.0,19.0
P00314,R00314,135.0,100.0,1.15,95.0,20.0
P00315,R00315,130.0,110.0,1.0,85.0,14.0
P00316,R00316,125.0,75.0,1.05,80.0,15.0
P00317,R00317,120.0,70.0,0.95,55.0,15.0
P00318,R00318,140.0,115.0,0.9,80.0,19.0
P00319,R00319,120.0,115.0,1.0,65.0,19.0
P00320,R00320,110.0,75.0,1.05,60.0,12.0
P00321,R00321,120.0,115.0,1.05,95.0,17.0
P00322,R00322,130.0,105.0,1.0,85.0,17.0
P00323,R00323,155.0,110.0,1.05,95.0,20.0
P00324,R00324,175.0,115.0,1.0,85.0,20.0
P00325,R00325,115.0,60.0,1.15,65.0,13.0
P00326,R00326,145.0,140.0,0.9,40.0,15.0
P00327,R00327,120.0,55.0,1.0,45.0,16.0
P00328,R00328,135.0,60.0,1.15,75.0,18.0
P00329,R00329,100.0,95.0,1.05,55.0,20.0
P00330,R00330,90.0,90.0,1.0,80.0,13.0
P00331,R00331,90.0,100.0,1.0,85.0,16.0
P00332,R00332,90.0,115.0,1.0,35.0,16.0
P00333,R00333,95.0,50.0,0.95,45.0,17.0
P00334,R00334,110.0,95.0,1.05,55.0,20.0
P00335,R00335,85.0,65.0,0.95,65.0,13.0
P00336,R00336,100.0,90.0,0.9,50.0,14.0
P00337,R00337,105.0,70.0,1.0,30.0,18.0
P00338,R00338,95.0,55.0,1.0,65.0,13.0
P00339,R00339,105.0,75.0,1.05,70.0,15.0
P00340,R00340,105.0,90.0,1.0,60.0,15.0
P00341,R00341,120.0,50.0,1.05,45.0,18.0
P00342,R00342,125.0,135.0,0.95,80.0,20.0
P00343,R00343,95.0,115.0,1.1,95.0,15.0
P00344,R00344,125.0,95.0,1.0,75.0,16.0
P00345,R00345,80.0,75.0,1.05,50.0,16.0
P00346,R00346,85.0,95.0,1.0,85.0,19.0
P00347,R00347,90.0,105.0,1.0,45.0,19.0
P00348,R00348,85.0,115.0,0.9,55.0,13.0
P00349,R00349,80.0,65.0,0.95,45.0,14.0
P00350,R00350,85.0,100.0,1.0,45.0,16.0
P00351,R00351,85.0,70.0,1.05,60.0,17.0
P00352,R00352,85.0,60.0,1.0,65.0,19.0
P00353,R00353,90.0,85.0,1.05,70.0,15.0
P00354,R00354,95.0,85.0,1.1,90.0,17.0
P00355,R00355,100.0,85.0,1.05,90.0,19.0
P00356,R00356,110.0,80.0,0.95,70.0,19.0
P00357,R00357,80.0,50.0,0.95,45.0,12.0
P00358,R00358,110.0,160.0,1.0,105.0,17.0
P00359,R00359,100.0,70.0,1.0,90.0,17.0
P00360,R00360,110.0,75.0,1.0,70.0,18.0
P00361,R00361,120.0,105.0,1.1,85.0,20.0
P00362,R00362,90.0,85.0,1.1,90.0,14.0
P00363,R00363,105.0,135.0,1.05,100.0,17.0
P00364,R00364,100.0,90.0,1.05,90.0,17.0
P00365,R00365,115.0,60.0,1.0,25.0,17.0
P00366,R00366,110.0,115.0,0.95,60.0,19.0
P00367,R00367,95.0,100.0,1.0,45.0,13.0
P00368,R00368,100.0,65.0,1.1,35.0,14.0
P00369,R00369,155.0,95.0,0.95,60.0,17.0
P00370,R00370,160.0,90.0,1.05,90.0,20.0
P00371,R00371,125.0,115.0,1.0,85.0,14.0
P00372,R00372,140.0,75.0,0.95,30.0,14.0
P00373,R00373,140.0,50.0,0.95,45.0,15.0
P00374,R00374,175.0,130.0,1.0,80.0,19.0
P00375,R00375,140.0,70.0,1.05,45.0,19.0
P00376,R00376,140.0,115.0,1.0,55.0,13.0
P00377,R00377,115.0,85.0,1.05,50.0,19.0
P00378,R00378,120.0,80.0,1.05,70.0,13.0
P00379,R00379,100.0,110.0,1.0,65.0,15.0
P00380,R00380,105.0,70.0,0.95,50.0,15.0
P00381,R00381,105.0,60.0,1.05,65.0,18.0
P00382,R00382,150.0,145.0,1.0,95.0,20.0
P00383,R00383,110.0,70.0,1.0,35.0,12.0
P00384,R00384,115.0,80.0,0.95,50.0,14.0
P00385,R00385,90.0,105.0,1.1,95.0,20.0
P00386,R00386,75.0,50.0,0.9,25.0,12.0
P00387,R00387,85.0,100.0,0.95,55.0,15.0
P00388,R00388,85.0,80.0,0.95,30.0,15.0
P00389,R00389,90.0,50.0,0.95,55.0,17.0
P00390,R00390,100.0,140.0,1.0,65.0,20.0
P00391,R00391,80.0,115.0,1.05,95.0,15.0
P00392,R00392,90.0,95.0,1.05,55.0,16.0
P00393,R00393,135.0,125.0,0.9,60.0,15.0
P00394,R00394,115.0,100.0,1.0,75.0,17.0
P00395,R00395,150.0,115.0,0.95,55.0,18.0
P00396,R00396,150.0,50.0,0.9,45.0,18.0
P00397,R00397,110.0,70.0,1.05,45.0,13.0
P00398,R00398,115.0,115.0,0.95,40.0,15.0
P00399,R00399,125.0,105.0,1.05,45.0,16.0
P00400,R00400,140.0,70.0,1.0,50.0,18.0
P00401,R00401,135.0,135.0,1.0,100.0,18.0
P00402,R00402,135.0,50.0,1.1,65.0,18.0
P00403,R00403,175.0,100.0,0.95,75.0,20.0
P00404,R00404,105.0,70.0,1.0,60.0,12.0
P00405,R00405,120.0,60.0,1.05,35.0,14.0
P00406,R00406,145.0,120.0,1.05,90.0,17.0
P00407,R00407,140.0,110.0,1.0,65.0,18.0
P00408,R00408,170.0,115.0,1.0,85.0,20.0
P00409,R00409,100.0,100.0,1.05,55.0,17.0
P00410,R00410,105.0,100.0,0.95,35.0,18.0
P00411,R00411,90.0,90.0,1.05,90.0,20.0
P00412,R00412,90.0,100.0,1.05,45.0,13.0
P00413,R00413,85.0,65.0,0.95,45.0,14.0
P00414,R00414,90.0,135.0,0.95,60.0,16.0
P00415,R00415,90.0,90.0,1.0,70.0,18.0
P00416,R00416,100.0,60.0,1.05,85.0,20.0
P00417,R00417,120.0,95.0,1.05,60.0,18.0
P00418,R00418,120.0,55.0,1.1,85.0,14.0
P00419,R00419,105.0,70.0,1.1,90.0,16.0
P00420,R00420,115.0,90.0,0.95,70.0,16.0
P00421,R00421,110.0,55.0,1.0,85.0,19.0
P00422,R00422,155.0,155.0,1.0,45.0,19.0
P00423,R00423,110.0,85.0,1.05,90.0,14.0
P00424,R00424,120.0,80.0,1.0,30.0,14.0
P00425,R00425,95.0,100.0,1.15,55.0,20.0
P00426,R00426,85.0,75.0,1.0,70.0,13.0
P00427,R00427,105.0,135.0,1.1,80.0,16.0
P00428,R00428,115.0,100.0,1.0,55.0,17.0
P00429,R00429,90.0,65.0,1.0,45.0,17.0
P00430,R00430,100.0,135.0,0.95,70.0,19.0
P00431,R00431,100.0,75.0,1.15,50.0,13.0
P00432,R00432,100.0,90.0,0.95,30.0,14.0
P00433,R00433,115.0,120.0,0.9,60.0,18.0
P00434,R00434,125.0,105.0,1.1,45.0,19.0
P00435,R00435,105.0,105.0,1.0,85.0,14.0
P00436,R00436,110.0,70.0,1.15,50.0,15.0
P00437,R00437,110.0,55.0,1.1,85.0,17.0
P00438,R00438,120.0,110.0,1.05,95.0,20.0
P00439,R00439,105.0,55.0,0.95,45.0,18.0
P00440,R00440,95.0,75.0,1.05,65.0,13.0
P00441,R00441,125.0,115.0,1.05,95.0,15.0
P00442,R00442,125.0,80.0,0.9,50.0,14.0
P00443,R00443,120.0,105.0,0.95,35.0,16.0
P00444,R00444,140.0,95.0,1.0,45.0,18.0
P00445,R00445,155.0,60.0,1.15,85.0,20.0
P00446,R00446,145.0,95.0,0.9,75.0,14.0
P00447,R00447,110.0,90.0,1.1,50.0,14.0
P00448,R00448,135.0,85.0,1.0,60.0,15.0
P00449,R00449,135.0,105.0,1.0,65.0,13.0
P00450,R00450,120.0,100.0,1.1,95.0,17.0
P00451,R00451,145.0,125.0,1.0,40.0,16.0
P00452,R00452,135.0,95.0,1.0,60.0,17.0
P00453,R00453,160.0,70.0,1.1,85.0,20.0
P00454,R00454,110.0,125.0,1.1,80.0,14.0
P00455,R00455,135.0,95.0,1.0,80.0,15.0
P00456,R00456,130.0,75.0,0.9,30.0,15.0
P00457,R00457,105.0,115.0,1.05,55.0,16.0
P00458,R00458,85.0,70.0,1.05,60.0,15.0
P00459,R00459,95.0,125.0,0.95,80.0,19.0
P00460,R00460,100.0,90.0,1.05,50.0,19.0
P00461,R00461,80.0,50.0,1.05,55.0,12.0
P00462,R00462,105.0,150.0,1.0,65.0,16.0
P00463,R00463,90.0,60.0,1.05,65.0,16.0
P00464,R00464,110.0,85.0,1.15,70.0,18.0
P00465,R00465,105.0,105.0,1.05,75.0,14.0
P00466,R00466,105.0,105.0,1.0,55.0,15.0
P00467,R00467,95.0,90.0,0.95,80.0,16.0
P00468,R00468,95.0,110.0,1.1,75.0,19.0
P00469,R00469,95.0,60.0,1.1,45.0,19.0
P00470,R00470,100.0,115.0,1.1,60.0,14.0
P00471,R00471,85.0,90.0,1.05,70.0,15.0
P00472,R00472,95.0,95.0,1.05,70.0,16.0
P00473,R00473,120.0,130.0,0.95,80.0,14.0
P00474,R00474,115.0,60.0,1.1,75.0,15.0
P00475,R00475,105.0,70.0,1.1,90.0,17.0
P00476,R00476,125.0,65.0,1.1,45.0,18.0
P00477,R00477,115.0,55.0,1.15,85.0,20.0
P00478,R00478,125.0,155.0,1.05,75.0,13.0
P00479,R00479,115.0,105.0,1.05,75.0,16.0
P00480,R00480,115.0,85.0,1.0,50.0,15.0
P00481,R00481,120.0,115.0,1.05,70.0,16.0
P00482,R00482,120.0,75.0,1.1,50.0,18.0
P00483,R00483,110.0,100.0,1.05,75.0,20.0
P00484,R00484,105.0,100.0,1.0,65.0,13.0
P00485,R00485,100.0,75.0,1.05,65.0,15.0
P00486,R00486,130.0,150.0,1.0,55.0,16.0
P00487,R00487,130.0,110.0,1.15,75.0,19.0
P00488,R00488,110.0,70.0,1.05,45.0,19.0
P00489,R00489,120.0,95.0,1.05,60.0,18.0
P00490,R00490,100.0,75.0,1.05,70.0,13.0
P00491,R00491,100.0,75.0,0.95,80.0,15.0
P00492,R00492,115.0,100.0,1.05,65.0,16.0
P00493,R00493,115.0,55.0,1.0,25.0,17.0
P00494,R00494,130.0,145.0,1.05,95.0,20.0
P00495,R00495,115.0,95.0,0.95,80.0,13.0
P00496,R00496,100.0,55.0,1.05,25.0,14.0
P00497,R00497,110.0,100.0,1.0,45.0,18.0
P00498,R00498,95.0,100.0,1.05,55.0,20.0
P00499,R00499,95.0,110.0,0.9,35.0,13.0
P00500,R00500,90.0,90.0,1.05,40.0,14.0
P00501,R00501,85.0,70.0,0.95,35.0,15.0
P00502,R00502,100.0,110.0,1.05,55.0,19.0
P00503,R00503,100.0,100.0,1.0,35.0,19.0
P00504,R00504,85.0,65.0,1.0,35.0,12.0
P00505,R00505,120.0,110.0,0.95,45.0,18.0
P00506,R00506,110.0,95.0,0.95,65.0,19.0
P00507,R00507,90.0,95.0,1.05,50.0,12.0
P00508,R00508,105.0,100.0,1.0,85.0,16.0
P00509,R00509,90.0,65.0,1.15,85.0,17.0
P00510,R00510,110.0,135.0,1.0,85.0,19.0
P00511,R00511,125.0,75.0,1.0,30.0,18.0
P00512,R00512,105.0,85.0,1.0,90.0,14.0
P00513,R00513,95.0,115.0,1.1,80.0,17.0
P00514,R00514,95.0,100.0,1.05,55.0,19.0
P00515,R00515,115.0,125.0,1.15,60.0,20.0
P00516,R00516,95.0,85.0,1.0,70.0,13.0
P00517,R00517,85.0,50.0,0.95,25.0,14.0
P00518,R00518,120.0,135.0,1.0,70.0,16.0
P00519,R00519,90.0,50.0,1.0,45.0,17.0
P00520,R00520,100.0,75.0,0.9,50.0,18.0
P00521,R00521,145.0,100.0,1.0,65.0,16.0
P00522,R00522,170.0,70.0,0.95,40.0,17.0
P00523,R00523,185.0,90.0,1.05,90.0,20.0
P00524,R00524,150.0,95.0,1.1,90.0,14.0
P00525,R00525,145.0,60.0,1.0,65.0,15.0
P00526,R00526,140.0,105.0,1.05,95.0,18.0
P00527,R00527,160.0,55.0,0.95,65.0,18.0
P00528,R00528,150.0,90.0,0.95,30.0,18.0
P00529,R00529,140.0,115.0,1.0,90.0,20.0
P00530,R00530,135.0,95.0,1.05,55.0,14.0
P00531,R00531,145.0,95.0,1.05,85.0,16.0
P00532,R00532,135.0,75.0,1.1,60.0,15.0
P00533,R00533,140.0,65.0,1.05,55.0,17.0
P00534,R00534,160.0,145.0,0.95,75.0,19.0
P00535,R00535,120.0,70.0,0.95,25.0,12.0
P00536,R00536,140.0,75.0,0.95,30.0,14.0
P00537,R00537,115.0,70.0,0.95,30.0,17.0
P00538,R00538,120.0,90.0,1.0,40.0,18.0
P00539,R00539,100.0,90.0,1.0,80.0,13.0
P00540,R00540,125.0,90.0,1.05,95.0,17.0
P00541,R00541,105.0,55.0,1.05,75.0,16.0
P00542,R00542,110.0,130.0,1.05,70.0,18.0
P00543,R00543,115.0,75.0,1.0,55.0,18.0
P00544,R00544,105.0,95.0,1.0,80.0,13.0
P00545,R00545,115.0,135.0,1.0,90.0,19.0
P00546,R00546,155.0,95.0,1.05,55.0,19.0
P00547,R00547,120.0,100.0,1.1,45.0,13.0
P00548,R00548,120.0,110.0,1.05,95.0,17.0
P00549,R00549,100.0,70.0,0.95,65.0,16.0
P00550,R00550,140.0,160.0,0.95,75.0,18.0
P00551,R00551,140.0,90.0,1.05,40.0,18.0
P00552,R00552,100.0,105.0,0.95,35.0,13.0
P00553,R00553,100.0,115.0,1.0,75.0,16.0
P00554,R00554,80.0,65.0,0.9,45.0,15.0
P00555,R00555,90.0,90.0,1.0,70.0,18.0
P00556,R00556,90.0,70.0,1.05,50.0,19.0
P00557,R00557,80.0,50.0,1.0,65.0,13.0
P00558,R00558,100.0,125.0,1.05,100.0,17.0
P00559,R00559,105.0,115.0,1.0,85.0,17.0
P00560,R00560,95.0,75.0,1.0,40.0,17.0
P00561,R00561,100.0,100.0,0.9,55.0,16.0
P00562,R00562,90.0,60.0,1.0,65.0,18.0
P00563,R00563,100.0,95.0,1.0,60.0,18.0
P00564,R00564,90.0,95.0,1.0,85.0,14.0
P00565,R00565,90.0,70.0,1.05,45.0,15.0
P00566,R00566,115.0,135.0,1.0,100.0,18.0
P00567,R00567,110.0,115.0,1.05,45.0,18.0
P00568,R00568,110.0,75.0,0.9,50.0,18.0
P00569,R00569,105.0,95.0,1.0,45.0,13.0
P00570,R00570,105.0,75.0,1.05,60.0,14.0
P00571,R00571,105.0,75.0,1.0,70.0,16.0
P00572,R00572,100.0,100.0,1.1,75.0,19.0
P00573,R00573,105.0,70.0,1.05,65.0,19.0
P00574,R00574,105.0,95.0,1.1,45.0,13.0
P00575,R00575,90.0,90.0,1.05,80.0,15.0
P00576,R00576,105.0,85.0,0.95,40.0,15.0
P00577,R00577,105.0,125.0,1.05,90.0,17.0
P00578,R00578,100.0,90.0,1.05,60.0,17.0
P00579,R00579,115.0,105.0,1.05,95.0,20.0
P00580,R00580,85.0,95.0,1.05,55.0,14.0
P00581,R00581,95.0,50.0,1.0,55.0,14.0
P00582,R00582,110.0,140.0,1.1,65.0,17.0
P00583,R00583,100.0,65.0,1.0,25.0,17.0
P00584,R00584,105.0,90.0,0.95,35.0,19.0
P00585,R00585,120.0,70.0,0.95,30.0,15.0
P00586,R00586,140.0,80.0,1.0,40.0,17.0
P00587,R00587,160.0,95.0,0.95,55.0,19.0
P00588,R00588,120.0,70.0,1.0,35.0,12.0
P00589,R00589,110.0,50.0,0.95,65.0,15.0
P00590,R00590,120.0,155.0,1.0,85.0,17.0
P00591,R00591,140.0,90.0,0.95,60.0,17.0
P00592,R00592,130.0,105.0,0.9,55.0,19.0
P00593,R00593,95.0,100.0,1.0,55.0,15.0
P00594,R00594,85.0,55.0,1.0,75.0,16.0
P00595,R00595,100.0,115.0,1.0,55.0,18.0
P00596,R00596,90.0,105.0,1.15,75.0,20.0
P00597,R00597,80.0,70.0,1.05,75.0,13.0
P00598,R00598,105.0,125.0,1.05,100.0,17.0
P00599,R00599,100.0,80.0,1.05,80.0,16.0
P00600,R00600,95.0,55.0,1.05,35.0,17.0
P00601,R00601,115.0,115.0,1.0,70.0,16.0
P00602,R00602,105.0,75.0,1.05,70.0,18.0
P00603,R00603,95.0,140.0,1.05,90.0,20.0
P00604,R00604,90.0,55.0,0.95,25.0,12.0
P00605,R00605,90.0,55.0,0.95,35.0,14.0
P00606,R00606,100.0,90.0,0.95,45.0,16.0
P00607,R00607,95.0,95.0,1.1,70.0,18.0
P00608,R00608,105.0,65.0,1.0,75.0,19.0
P00609,R00609,105.0,135.0,1.05,60.0,16.0
P00610,R00610,105.0,65.0,1.0,45.0,16.0
P00611,R00611,130.0,80.0,1.1,40.0,17.0
P00612,R00612,115.0,50.0,1.0,45.0,18.0
P00613,R00613,110.0,70.0,1.05,45.0,12.0
P00614,R00614,135.0,150.0,0.95,65.0,15.0
P00615,R00615,125.0,90.0,0.9,70.0,16.0
P00616,R00616,125.0,80.0,0.95,60.0,17.0
P00617,R00617,150.0,95.0,1.0,45.0,16.0
P00618,R00618,135.0,70.0,1.1,70.0,18.0
P00619,R00619,140.0,130.0,1.05,60.0,20.0
P00620,R00620,110.0,70.0,1.0,55.0,12.0
P00621,R00621,110.0,70.0,1.0,65.0,15.0
P00622,R00622,135.0,115.0,1.0,55.0,16.0
P00623,R00623,145.0,110.0,1.05,65.0,18.0
P00624,R00624,145.0,90.0,1.1,50.0,19.0
P00625,R00625,90.0,135.0,1.1,100.0,15.0
P00626,R00626,85.0,75.0,0.95,45.0,14.0
P00627,R00627,90.0,85.0,1.05,70.0,16.0
P00628,R00628,100.0,105.0,1.05,55.0,19.0
P00629,R00629,90.0,55.0,1.0,75.0,19.0
P00630,R00630,105.0,160.0,1.0,95.0,14.0
P00631,R00631,85.0,85.0,1.1,30.0,14.0
P00632,R00632,95.0,60.0,1.0,35.0,15.0
P00633,R00633,120.0,80.0,1.05,40.0,14.0
P00634,R00634,110.0,90.0,1.05,95.0,18.0
P00635,R00635,120.0,125.0,1.1,80.0,19.0
P00636,R00636,145.0,95.0,0.95,30.0,18.0
P00637,R00637,110.0,55.0,1.1,85.0,14.0
P00638,R00638,125.0,105.0,1.05,55.0,16.0
P00639,R00639,130.0,85.0,1.05,40.0,15.0
P00640,R00640,120.0,75.0,1.0,70.0,18.0
P00641,R00641,90.0,85.0,0.9,30.0,17.0
P00642,R00642,85.0,85.0,1.05,50.0,19.0
P00643,R00643,80.0,100.0,0.95,45.0,13.0
P00644,R00644,85.0,90.0,1.1,70.0,15.0
P00645,R00645,75.0,60.0,0.95,55.0,15.0
P00646,R00646,95.0,110.0,1.0,45.0,18.0
P00647,R00647,95.0,70.0,1.15,85.0,20.0
P00648,R00648,85.0,75.0,1.0,70.0,13.0
P00649,R00649,105.0,90.0,0.95,65.0,13.0
P00650,R00650,105.0,70.0,1.05,70.0,15.0
P00651,R00651,115.0,135.0,0.9,80.0,17.0
P00652,R00652,145.0,75.0,1.05,70.0,18.0
P00653,R00653,150.0,65.0,1.0,65.0,19.0
P00654,R00654,130.0,115.0,1.05,100.0,15.0
P00655,R00655,115.0,90.0,1.05,55.0,16.0
P00656,R00656,120.0,75.0,0.95,50.0,15.0
P00657,R00657,95.0,105.0,1.05,95.0,20.0
P00658,R00658,85.0,60.0,1.15,85.0,14.0
P00659,R00659,110.0,135.0,0.95,60.0,15.0
P00660,R00660,105.0,95.0,1.0,35.0,16.0
P00661,R00661,100.0,60.0,0.95,45.0,17.0
P00662,R00662,100.0,90.0,0.95,75.0,20.0
P00663,R00663,90.0,50.0,1.05,65.0,13.0
P00664,R00664,95.0,70.0,1.05,45.0,15.0
P00665,R00665,110.0,120.0,1.0,40.0,16.0
P00666,R00666,95.0,75.0,1.05,80.0,18.0
P00667,R00667,110.0,80.0,1.05,50.0,19.0
P00668,R00668,85.0,60.0,0.95,25.0,12.0
P00669,R00669,95.0,60.0,1.0,75.0,15.0
P00670,R00670,120.0,145.0,0.9,45.0,16.0
P00671,R00671,95.0,90.0,1.0,30.0,17.0
P00672,R00672,115.0,60.0,0.95,35.0,18.0
P00673,R00673,85.0,75.0,1.1,80.0,15.0
P00674,R00674,80.0,95.0,0.95,40.0,15.0
P00675,R00675,95.0,95.0,1.05,55.0,19.0
P00676,R00676,95.0,60.0,1.1,65.0,19.0
P00677,R00677,75.0,55.0,0.95,35.0,12.0
P00678,R00678,90.0,105.0,0.95,65.0,15.0
P00679,R00679,85.0,85.0,0.95,30.0,15.0
P00680,R00680,100.0,95.0,1.05,90.0,19.0
P00681,R00681,135.0,135.0,0.9,60.0,19.0
P00682,R00682,100.0,100.0,1.0,65.0,13.0
P00683,R00683,120.0,95.0,1.05,65.0,15.0
P00684,R00684,105.0,90.0,1.05,70.0,16.0
P00685,R00685,95.0,50.0,0.95,45.0,17.0
P00686,R00686,115.0,140.0,1.0,65.0,19.0
P00687,R00687,95.0,70.0,1.0,35.0,12.0
P00688,R00688,95.0,90.0,1.0,35.0,15.0
P00689,R00689,120.0,105.0,1.0,65.0,15.0
P00690,R00690,135.0,70.0,1.1,90.0,17.0
P00691,R00691,170.0,95.0,1.05,85.0,19.0
P00692,R00692,145.0,100.0,1.05,55.0,20.0
P00693,R00693,120.0,60.0,0.95,65.0,13.0
P00694,R00694,130.0,140.0,1.1,105.0,17.0
P00695,R00695,145.0,95.0,1.0,55.0,17.0
P00696,R00696,145.0,70.0,0.95,25.0,17.0
P00697,R00697,155.0,125.0,1.0,90.0,20.0
P00698,R00698,100.0,70.0,1.1,90.0,14.0
P00699,R00699,135.0,115.0,1.15,80.0,16.0
P00700,R00700,120.0,85.0,1.0,30.0,15.0
P00701,R00701,135.0,50.0,1.1,35.0,17.0
P00702,R00702,160.0,125.0,1.05,60.0,20.0
P00703,R00703,100.0,60.0,0.95,45.0,12.0
P00704,R00704,115.0,60.0,1.05,35.0,14.0
P00705,R00705,110.0,75.0,1.05,90.0,19.0
P00706,R00706,95.0,95.0,0.95,30.0,18.0
P00707,R00707,110.0,120.0,1.0,90.0,14.0
P00708,R00708,95.0,85.0,1.05,70.0,15.0
P00709,R00709,90.0,50.0,1.05,85.0,17.0
P00710,R00710,100.0,125.0,1.0,40.0,18.0
P00711,R00711,100.0,90.0,1.05,70.0,19.0
P00712,R00712,95.0,105.0,1.0,65.0,13.0
P00713,R00713,100.0,115.0,0.9,60.0,16.0
P00714,R00714,120.0,100.0,1.0,85.0,19.0
P00715,R00715,105.0,80.0,1.0,70.0,19.0
P00716,R00716,105.0,55.0,0.9,45.0,12.0
P00717,R00717,105.0,70.0,1.1,45.0,15.0
P00718,R00718,120.0,125.0,1.0,70.0,16.0
P00719,R00719,100.0,90.0,0.95,40.0,17.0
P00720,R00720,115.0,75.0,0.95,60.0,18.0
P00721,R00721,115.0,75.0,1.05,40.0,17.0
P00722,R00722,105.0,55.0,1.0,45.0,18.0
P00723,R00723,100.0,115.0,1.05,55.0,14.0
P00724,R00724,100.0,80.0,0.95,30.0,14.0
P00725,R00725,100.0,75.0,1.05,85.0,17.0
P00726,R00726,105.0,125.0,1.15,90.0,19.0
P00727,R00727,110.0,65.0,0.95,45.0,18.0
P00728,R00728,90.0,80.0,1.1,80.0,13.0
P00729,R00729,160.0,125.0,1.1,100.0,18.0
P00730,R00730,150.0,75.0,1.05,75.0,18.0
P00731,R00731,155.0,105.0,1.0,85.0,20.0
P00732,R00732,125.0,95.0,1.0,40.0,12.0
P00733,R00733,115.0,65.0,1.0,35.0,14.0
P00734,R00734,135.0,120.0,1.05,50.0,16.0
P00735,R00735,150.0,70.0,1.0,75.0,18.0
P00736,R00736,130.0,90.0,1.0,50.0,18.0
P00737,R00737,125.0,80.0,1.0,80.0,18.0
P00738,R00738,100.0,115.0,1.0,75.0,20.0
P00739,R00739,95.0,90.0,1.1,90.0,14.0
P00740,R00740,100.0,95.0,1.0,55.0,16.0
P00741,R00741,90.0,50.0,0.95,25.0,15.0
P00742,R00742,115.0,100.0,1.05,95.0,20.0
P00743,R00743,115.0,105.0,0.9,55.0,19.0
P00744,R00744,100.0,70.0,1.05,45.0,12.0
P00745,R00745,140.0,110.0,1.0,75.0,20.0
P00746,R00746,120.0,95.0,1.15,90.0,14.0
P00747,R00747,120.0,115.0,1.05,55.0,16.0
P00748,R00748,105.0,75.0,1.15,50.0,16.0
P00749,R00749,130.0,50.0,1.0,55.0,17.0
P00750,R00750,130.0,140.0,1.1,65.0,20.0
P00751,R00751,115.0,70.0,1.05,90.0,14.0
P00752,R00752,130.0,75.0,0.9,50.0,14.0
P00753,R00753,125.0,105.0,1.1,55.0,20.0
P00754,R00754,115.0,50.0,1.05,35.0,12.0
P00755,R00755,110.0,95.0,1.1,75.0,16.0
P00756,R00756,100.0,90.0,0.95,50.0,15.0
P00757,R00757,135.0,75.0,1.0,65.0,18.0
P00758,R00758,130.0,115.0,0.95,40.0,19.0
P00759,R00759,105.0,50.0,0.95,35.0,12.0
P00760,R00760,115.0,75.0,0.9,70.0,15.0
P00761,R00761,120.0,110.0,1.0,75.0,14.0
P00762,R00762,115.0,85.0,1.1,80.0,15.0
P00763,R00763,130.0,95.0,1.0,65.0,16.0
P00764,R00764,140.0,95.0,0.95,50.0,17.0
P00765,R00765,130.0,50.0,1.1,85.0,20.0
P00766,R00766,125.0,135.0,1.15,80.0,14.0
P00767,R00767,135.0,80.0,1.0,60.0,14.0
P00768,R00768,125.0,60.0,1.0,35.0,15.0
P00769,R00769,130.0,125.0,0.95,80.0,16.0
P00770,R00770,125.0,90.0,0.95,30.0,15.0
P00771,R00771,115.0,70.0,1.0,30.0,17.0
P00772,R00772,115.0,115.0,1.1,85.0,20.0
P00773,R00773,115.0,70.0,1.0,65.0,13.0
P00774,R00774,130.0,140.0,1.15,65.0,16.0
P00775,R00775,120.0,70.0,1.1,45.0,16.0
P00776,R00776,130.0,75.0,1.05,60.0,17.0
P00777,R00777,125.0,100.0,1.05,65.0,18.0
P00778,R00778,135.0,110.0,1.0,75.0,20.0
P00779,R00779,110.0,75.0,1.1,70.0,13.0
P00780,R00780,95.0,60.0,1.05,75.0,15.0
P00781,R00781,95.0,50.0,0.95,45.0,15.0
P00782,R00782,125.0,155.0,1.0,65.0,18.0
P00783,R00783,115.0,90.0,0.95,30.0,18.0
P00784,R00784,100.0,55.0,0.9,65.0,13.0
P00785,R00785,150.0,130.0,1.0,50.0,18.0
P00786,R00786,160.0,55.0,0.95,55.0,18.0
P00787,R00787,115.0,115.0,1.1,95.0,15.0
P00788,R00788,120.0,75.0,1.05,50.0,14.0
P00789,R00789,110.0,50.0,1.05,35.0,15.0
P00790,R00790,185.0,145.0,1.05,85.0,19.0
P00791,R00791,145.0,95.0,1.1,70.0,19.0
P00792,R00792,140.0,90.0,0.95,55.0,13.0
P00793,R00793,90.0,90.0,1.1,50.0,18.0
P00794,R00794,100.0,105.0,1.0,75.0,20.0
P00795,R00795,90.0,100.0,1.05,55.0,14.0
P00796,R00796,85.0,75.0,1.0,35.0,14.0
P00797,R00797,80.0,75.0,1.1,85.0,17.0
P00798,R00798,105.0,115.0,1.0,50.0,18.0
P00799,R00799,100.0,115.0,1.05,75.0,20.0
P00800,R00800,85.0,65.0,1.0,75.0,13.0
P00801,R00801,95.0,110.0,1.05,65.0,19.0
P00802,R00802,90.0,110.0,1.0,75.0,14.0
P00803,R00803,90.0,85.0,0.95,70.0,15.0
P00804,R00804,100.0,110.0,0.95,55.0,16.0
P00805,R00805,90.0,60.0,0.95,65.0,18.0
P00806,R00806,120.0,140.0,0.95,65.0,19.0
P00807,R00807,85.0,80.0,0.9,70.0,13.0
P00808,R00808,95.0,85.0,1.0,60.0,14.0
P00809,R00809,80.0,95.0,1.1,95.0,18.0
P00810,R00810,75.0,75.0,0.9,50.0,17.0
P00811,R00811,85.0,130.0,0.95,70.0,19.0
P00812,R00812,80.0,75.0,1.1,70.0,13.0
P00813,R00813,75.0,60.0,1.05,35.0,14.0
P00814,R00814,85.0,115.0,1.05,60.0,17.0
P00815,R00815,75.0,90.0,1.05,80.0,18.0
P00816,R00816,70.0,55.0,0.95,25.0,18.0
P00817,R00817,110.0,80.0,1.0,80.0,15.0
P00818,R00818,90.0,85.0,1.0,90.0,17.0
P00819,R00819,100.0,110.0,0.9,35.0,18.0
P00820,R00820,110.0,65.0,1.0,85.0,20.0
P00821,R00821,90.0,60.0,1.0,55.0,12.0
P00822,R00822,105.0,130.0,1.05,100.0,17.0
P00823,R00823,110.0,115.0,1.05,85.0,17.0
P00824,R00824,110.0,55.0,1.05,45.0,18.0
P00825,R00825,95.0,85.0,0.95,60.0,14.0
P00826,R00826,110.0,85.0,1.05,40.0,15.0
P00827,R00827,105.0,100.0,1.05,45.0,18.0
P00828,R00828,110.0,70.0,1.0,40.0,18.0
P00829,R00829,85.0,55.0,0.95,65.0,13.0
P00830,R00830,110.0,125.0,1.05,80.0,16.0
P00831,R00831,110.0,105.0,1.1,95.0,18.0
P00832,R00832,105.0,70.0,1.05,40.0,17.0
P00833,R00833,120.0,95.0,1.0,75.0,17.0
P00834,R00834,105.0,115.0,1.1,65.0,18.0
P00835,R00835,125.0,110.0,1.1,75.0,20.0
P00836,R00836,110.0,85.0,1.0,30.0,12.0
P00837,R00837,100.0,75.0,1.0,35.0,14.0
P00838,R00838,110.0,105.0,0.95,35.0,16.0
P00839,R00839,120.0,70.0,1.0,50.0,18.0
P00840,R00840,130.0,60.0,1.05,75.0,19.0
P00841,R00841,160.0,100.0,0.95,45.0,18.0
P00842,R00842,150.0,90.0,1.1,75.0,20.0
P00843,R00843,110.0,80.0,1.05,90.0,14.0
P00844,R00844,120.0,105.0,1.05,45.0,15.0
P00845,R00845,130.0,70.0,0.9,45.0,15.0
P00846,R00846,140.0,155.0,0.95,65.0,18.0
P00847,R00847,185.0,75.0,1.0,50.0,19.0
P00848,R00848,130.0,115.0,1.0,75.0,14.0
P00849,R00849,120.0,110.0,0.95,75.0,20.0
P00850,R00850,100.0,70.0,1.05,65.0,13.0
P00851,R00851,120.0,95.0,1.1,40.0,14.0
P00852,R00852,95.0,70.0,1.05,90.0,17.0
P00853,R00853,115.0,60.0,0.95,25.0,17.0
P00854,R00854,155.0,155.0,0.9,85.0,20.0
P00855,R00855,115.0,105.0,1.1,75.0,14.0
P00856,R00856,100.0,75.0,1.0,80.0,15.0
P00857,R00857,110.0,110.0,0.95,75.0,14.0
P00858,R00858,100.0,85.0,1.05,50.0,15.0
P00859,R00859,125.0,125.0,1.0,70.0,16.0
P00860,R00860,110.0,95.0,0.95,35.0,18.0
P00861,R00861,110.0,70.0,1.05,65.0,19.0
P00862,R00862,105.0,100.0,1.1,55.0,14.0
P00863,R00863,95.0,60.0,0.95,25.0,14.0
P00864,R00864,105.0,95.0,1.0,45.0,16.0
P00865,R00865,140.0,135.0,1.1,80.0,20.0
P00866,R00866,105.0,80.0,1.0,40.0,12.0
P00867,R00867,110.0,85.0,0.95,30.0,14.0
P00868,R00868,115.0,75.0,0.95,50.0,15.0
P00869,R00869,120.0,65.0,1.05,55.0,17.0
P00870,R00870,145.0,150.0,0.95,75.0,19.0
P00871,R00871,120.0,80.0,1.0,60.0,12.0
P00872,R00872,105.0,80.0,1.15,50.0,15.0
P00873,R00873,165.0,100.0,0.9,75.0,20.0
P00874,R00874,135.0,85.0,1.0,80.0,13.0
P00875,R00875,155.0,100.0,1.0,65.0,15.0
P00876,R00876,120.0,65.0,1.15,45.0,16.0
P00877,R00877,165.0,60.0,1.0,65.0,18.0
P00878,R00878,180.0,130.0,1.05,70.0,19.0
P00879,R00879,135.0,60.0,1.15,65.0,13.0
P00880,R00880,155.0,115.0,1.05,55.0,16.0
P00881,R00881,90.0,70.0,1.0,70.0,15.0
P00882,R00882,100.0,85.0,1.0,90.0,17.0
P00883,R00883,95.0,90.0,1.0,40.0,17.0
P00884,R00884,100.0,55.0,0.95,55.0,18.0
P00885,R00885,95.0,70.0,1.15,45.0,13.0
P00886,R00886,110.0,120.0,1.0,60.0,16.0
P00887,R00887,95.0,75.0,1.0,70.0,16.0
P00888,R00888,95.0,85.0,0.95,30.0,17.0
P00889,R00889,175.0,120.0,0.9,40.0,18.0
P00890,R00890,200.0,90.0,0.95,55.0,19.0
P00891,R00891,135.0,120.0,1.05,60.0,14.0
P00892,R00892,140.0,85.0,1.05,70.0,15.0
P00893,R00893,130.0,55.0,0.95,25.0,15.0
P00894,R00894,165.0,120.0,1.1,60.0,19.0
P00895,R00895,190.0,85.0,0.95,50.0,18.0
P00896,R00896,120.0,80.0,1.05,70.0,13.0
P00897,R00897,110.0,95.0,1.0,95.0,17.0
P00898,R00898,105.0,90.0,1.05,60.0,15.0
P00899,R00899,100.0,100.0,1.1,95.0,20.0
P00900,R00900,120.0,85.0,1.0,30.0,18.0
P00901,R00901,110.0,55.0,1.0,55.0,12.0
P00902,R00902,120.0,140.0,1.05,95.0,16.0
P00903,R00903,105.0,70.0,1.1,45.0,16.0
P00904,R00904,125.0,85.0,1.1,70.0,18.0
P00905,R00905,100.0,105.0,1.1,85.0,16.0
P00906,R00906,100.0,115.0,0.95,45.0,16.0
P00907,R00907,125.0,85.0,1.05,90.0,19.0
P00908,R00908,130.0,70.0,1.05,80.0,19.0
P00909,R00909,100.0,70.0,1.05,85.0,14.0
P00910,R00910,110.0,100.0,0.95,75.0,16.0
P00911,R00911,110.0,80.0,1.1,40.0,15.0
P00912,R00912,105.0,90.0,1.0,90.0,19.0
P00913,R00913,115.0,75.0,0.95,30.0,17.0
P00914,R00914,115.0,75.0,1.05,50.0,19.0
P00915,R00915,115.0,135.0,1.05,70.0,13.0
P00916,R00916,100.0,95.0,1.05,90.0,16.0
P00917,R00917,110.0,70.0,1.0,35.0,15.0
P00918,R00918,120.0,95.0,1.0,35.0,18.0
P00919,R00919,120.0,65.0,1.0,55.0,18.0
P00920,R00920,120.0,115.0,1.15,55.0,14.0
P00921,R00921,100.0,90.0,1.05,45.0,18.0
P00922,R00922,95.0,105.0,1.0,65.0,19.0
P00923,R00923,90.0,90.0,1.1,50.0,13.0
P00924,R00924,80.0,60.0,0.95,25.0,14.0
P00925,R00925,95.0,70.0,1.0,65.0,16.0
P00926,R00926,90.0,115.0,1.0,45.0,18.0
P00927,R00927,105.0,95.0,1.0,45.0,19.0
P00928,R00928,80.0,70.0,1.0,65.0,13.0
P00929,R00929,120.0,85.0,1.1,70.0,18.0
P00930,R00930,145.0,90.0,1.0,50.0,18.0
P00931,R00931,125.0,95.0,0.95,35.0,13.0
P00932,R00932,120.0,55.0,1.0,45.0,15.0
P00933,R00933,135.0,65.0,1.0,45.0,16.0
P00934,R00934,150.0,125.0,1.05,70.0,18.0
P00935,R00935,145.0,50.0,1.0,25.0,18.0
P00936,R00936,130.0,95.0,1.1,70.0,13.0
P00937,R00937,85.0,80.0,0.9,70.0,16.0
P00938,R00938,100.0,55.0,0.95,25.0,17.0
P00939,R00939,95.0,80.0,0.95,40.0,18.0
P00940,R00940,80.0,80.0,1.0,70.0,13.0
P00941,R00941,80.0,50.0,0.95,65.0,15.0
P00942,R00942,90.0,115.0,1.05,85.0,17.0
P00943,R00943,95.0,105.0,0.95,75.0,19.0
P00944,R00944,100.0,55.0,0.9,65.0,19.0
P00945,R00945,115.0,125.0,1.05,40.0,15.0
P00946,R00946,120.0,85.0,1.0,40.0,15.0
P00947,R00947,115.0,135.0,1.0,60.0,18.0
P00948,R00948,125.0,75.0,1.05,60.0,18.0
P00949,R00949,105.0,70.0,0.95,25.0,12.0
P00950,R00950,125.0,125.0,1.0,80.0,16.0
P00951,R00951,100.0,55.0,1.0,75.0,16.0
P00952,R00952,135.0,85.0,0.95,60.0,17.0
P00953,R00953,155.0,115.0,1.05,55.0,18.0
P00954,R00954,135.0,75.0,1.0,80.0,19.0
P00955,R00955,130.0,70.0,1.0,60.0,12.0
P00956,R00956,110.0,90.0,0.95,40.0,14.0
P00957,R00957,130.0,65.0,1.1,65.0,16.0
P00958,R00958,150.0,95.0,0.95,35.0,18.0
P00959,R00959,140.0,60.0,1.0,65.0,19.0
P00960,R00960,105.0,75.0,0.95,30.0,12.0
P00961,R00961,155.0,115.0,1.0,40.0,13.0
P00962,R00962,155.0,55.0,1.0,25.0,14.0
P00963,R00963,140.0,105.0,1.0,85.0,17.0
P00964,R00964,165.0,65.0,1.0,85.0,19.0
P00965,R00965,180.0,50.0,1.0,75.0,19.0
P00966,R00966,135.0,140.0,1.0,70.0,13.0
P00967,R00967,160.0,105.0,1.1,65.0,15.0
P00968,R00968,170.0,75.0,0.95,40.0,15.0
P00969,R00969,110.0,115.0,0.95,90.0,14.0
P00970,R00970,110.0,60.0,0.95,65.0,15.0
P00971,R00971,105.0,110.0,1.05,75.0,17.0
P00972,R00972,125.0,80.0,1.15,90.0,19.0
P00973,R00973,130.0,50.0,1.0,45.0,18.0
P00974,R00974,115.0,120.0,1.0,50.0,13.0
P00975,R00975,110.0,80.0,1.15,90.0,16.0
P00976,R00976,115.0,70.0,0.95,50.0,15.0
P00977,R00977,115.0,100.0,0.95,35.0,13.0
P00978,R00978,115.0,115.0,0.95,75.0,16.0
P00979,R00979,125.0,90.0,1.0,50.0,16.0
P00980,R00980,115.0,70.0,1.05,80.0,18.0
P00981,R00981,110.0,55.0,1.05,85.0,20.0
P00982,R00982,125.0,120.0,1.05,100.0,15.0
P00983,R00983,100.0,115.0,0.9,55.0,15.0
P00984,R00984,115.0,115.0,1.0,85.0,17.0
P00985,R00985,95.0,125.0,1.0,100.0,20.0
P00986,R00986,100.0,80.0,0.95,50.0,18.0
P00987,R00987,100.0,125.0,1.0,90.0,14.0
P00988,R00988,85.0,50.0,1.05,65.0,15.0
P00989,R00989,95.0,60.0,0.95,35.0,15.0
P00990,R00990,110.0,110.0,0.95,75.0,19.0
P00991,R00991,100.0,95.0,1.05,65.0,19.0
P00992,R00992,90.0,65.0,0.95,45.0,12.0
P00993,R00993,170.0,115.0,1.0,70.0,19.0
P00994,R00994,115.0,75.0,1.05,60.0,12.0
P00995,R00995,125.0,95.0,1.05,75.0,16.0
P00996,R00996,125.0,75.0,1.0,50.0,15.0
P00997,R00997,130.0,55.0,1.0,55.0,17.0
P00998,R00998,150.0,150.0,0.9,65.0,19.0
P00999,R00999,105.0,50.0,1.0,45.0,12.0
P01000,R01000,110.0,95.0,0.95,40.0,14.0
P01001,R01001,155.0,135.0,1.05,70.0,18.0
P01002,R01002,140.0,70.0,1.05,45.0,18.0
P01003,R01003,125.0,95.0,0.9,50.0,12.0
P01004,R01004,120.0,90.0,1.0,55.0,15.0
P01005,R01005,130.0,55.0,0.95,55.0,15.0
P01006,R01006,135.0,120.0,0.95,80.0,19.0
P01007,R01007,140.0,115.0,1.0,55.0,20.0
P01008,R01008,120.0,115.0,1.0,45.0,13.0
P01009,R01009,115.0,120.0,0.9,80.0,20.0
P01010,R01010,90.0,105.0,0.95,45.0,13.0
P01011,R01011,90.0,90.0,1.0,40.0,14.0
P01012,R01012,90.0,105.0,0.9,75.0,17.0
P01013,R01013,85.0,65.0,1.0,45.0,17.0
P01014,R01014,110.0,120.0,1.0,90.0,20.0
P01015,R01015,95.0,105.0,1.0,55.0,14.0
P01016,R01016,90.0,80.0,1.1,90.0,16.0
P01017,R01017,110.0,80.0,0.95,50.0,15.0
P01018,R01018,125.0,115.0,1.05,85.0,19.0
P01019,R01019,125.0,125.0,1.0,90.0,20.0
P01020,R01020,110.0,75.0,1.05,70.0,13.0
P01021,R01021,120.0,70.0,1.0,35.0,14.0
P01022,R01022,115.0,140.0,0.95,45.0,16.0
P01023,R01023,135.0,110.0,1.0,95.0,20.0
P01024,R01024,140.0,75.0,1.0,40.0,18.0
P01025,R01025,140.0,80.0,0.95,30.0,14.0
P01026,R01026,120.0,95.0,1.05,85.0,17.0
P01027,R01027,140.0,115.0,1.1,80.0,19.0
P01028,R01028,135.0,105.0,1.0,85.0,20.0
P01029,R01029,115.0,75.0,0.95,35.0,12.0
P01030,R01030,130.0,145.0,1.05,75.0,15.0
P01031,R01031,125.0,80.0,1.0,90.0,17.0
P01032,R01032,155.0,75.0,0.95,70.0,18.0
P01033,R01033,130.0,105.0,1.05,55.0,17.0
P01034,R01034,130.0,60.0,0.95,25.0,17.0
P01035,R01035,125.0,85.0,1.0,80.0,19.0
P01036,R01036,120.0,70.0,0.95,60.0,12.0
P01037,R01037,130.0,65.0,1.05,75.0,15.0
P01038,R01038,130.0,130.0,1.05,50.0,16.0
P01039,R01039,140.0,100.0,1.05,45.0,18.0
P01040,R01040,165.0,100.0,1.0,45.0,19.0
P01041,R01041,150.0,115.0,1.05,75.0,19.0
P01042,R01042,165.0,65.0,0.95,35.0,18.0
P01043,R01043,135.0,100.0,1.0,55.0,13.0
P01044,R01044,130.0,100.0,0.95,45.0,15.0
P01045,R01045,135.0,50.0,1.05,55.0,15.0
P01046,R01046,155.0,120.0,1.0,50.0,18.0
P01047,R01047,155.0,100.0,0.9,35.0,19.0
P01048,R01048,130.0,105.0,1.0,85.0,14.0
P01049,R01049,105.0,110.0,1.05,65.0,15.0
P01050,R01050,120.0,75.0,0.95,30.0,15.0
P01051,R01051,115.0,90.0,1.15,75.0,19.0
P01052,R01052,110.0,90.0,0.9,30.0,18.0
P01053,R01053,110.0,50.0,1.0,75.0,13.0
P01054,R01054,130.0,135.0,1.1,80.0,16.0
P01055,R01055,105.0,85.0,1.05,50.0,16.0
P01056,R01056,120.0,75.0,1.0,55.0,17.0
P01057,R01057,95.0,100.0,1.15,75.0,14.0
P01058,R01058,130.0,110.0,1.05,45.0,15.0
P01059,R01059,120.0,100.0,1.05,55.0,17.0
P01060,R01060,115.0,105.0,1.1,95.0,20.0
P01061,R01061,140.0,70.0,0.95,45.0,18.0
P01062,R01062,115.0,145.0,0.95,85.0,14.0
P01063,R01063,125.0,85.0,0.95,30.0,14.0
P01064,R01064,125.0,70.0,0.95,65.0,16.0
P01065,R01065,100.0,85.0,1.0,90.0,20.0
P01066,R01066,90.0,80.0,0.95,30.0,12.0
P01067,R01067,95.0,110.0,1.1,95.0,17.0
P01068,R01068,100.0,90.0,0.9,50.0,15.0
P01069,R01069,85.0,60.0,1.05,45.0,17.0
P01070,R01070,115.0,110.0,1.0,55.0,19.0
P01071,R01071,90.0,70.0,1.05,50.0,13.0
P01072,R01072,105.0,95.0,1.0,60.0,14.0
P01073,R01073,170.0,85.0,1.0,50.0,18.0
P01074,R01074,140.0,80.0,1.05,50.0,13.0
P01075,R01075,150.0,95.0,0.95,50.0,14.0
P01076,R01076,110.0,70.0,1.0,35.0,15.0
P01077,R01077,120.0,55.0,1.0,35.0,17.0
P01078,R01078,165.0,125.0,1.0,50.0,19.0
P01079,R01079,125.0,90.0,1.05,50.0,13.0
P01080,R01080,140.0,90.0,1.05,30.0,14.0
P01081,R01081,90.0,100.0,0.9,55.0,18.0
P01082,R01082,100.0,95.0,0.95,70.0,19.0
P01083,R01083,100.0,105.0,0.9,55.0,13.0
P01084,R01084,90.0,75.0,1.0,40.0,14.0
P01085,R01085,85.0,75.0,1.05,45.0,15.0
P01086,R01086,115.0,155.0,1.05,85.0,19.0
P01087,R01087,100.0,95.0,1.05,55.0,20.0
P01088,R01088,85.0,90.0,1.0,45.0,13.0
P01089,R01089,110.0,125.0,0.9,40.0,15.0
P01090,R01090,95.0,90.0,0.9,30.0,15.0
P01091,R01091,120.0,90.0,1.0,30.0,17.0
P01092,R01092,120.0,75.0,0.95,70.0,19.0
P01093,R01093,90.0,60.0,1.0,45.0,12.0
P01094,R01094,115.0,125.0,1.1,60.0,16.0
P01095,R01095,90.0,55.0,1.05,45.0,16.0
P01096,R01096,115.0,80.0,1.05,40.0,17.0
P01097,R01097,90.0,95.0,1.05,45.0,13.0
P01098,R01098,100.0,90.0,1.0,80.0,15.0
P01099,R01099,95.0,110.0,1.15,55.0,17.0
P01100,R01100,110.0,95.0,0.9,35.0,18.0
P01101,R01101,100.0,50.0,1.05,65.0,19.0
P01102,R01102,110.0,130.0,1.05,100.0,15.0
P01103,R01103,95.0,70.0,1.0,50.0,15.0
P01104,R01104,100.0,115.0,1.05,65.0,16.0
P01105,R01105,115.0,115.0,1.1,80.0,17.0
P01106,R01106,110.0,90.0,1.0,85.0,19.0
P01107,R01107,105.0,80.0,1.0,40.0,18.0
P01108,R01108,95.0,65.0,1.05,85.0,14.0
P01109,R01109,95.0,50.0,1.0,35.0,14.0
P01110,R01110,120.0,115.0,1.05,55.0,17.0
P01111,R01111,110.0,75.0,1.15,90.0,19.0
P01112,R01112,105.0,90.0,1.0,50.0,18.0
P01113,R01113,150.0,105.0,0.95,75.0,16.0
P01114,R01114,140.0,60.0,1.0,55.0,15.0
P01115,R01115,165.0,95.0,0.95,35.0,18.0
P01116,R01116,150.0,80.0,1.05,90.0,20.0
P01117,R01117,150.0,55.0,0.95,35.0,12.0
P01118,R01118,155.0,110.0,1.0,85.0,16.0
P01119,R01119,140.0,80.0,1.1,90.0,17.0
P01120,R01120,170.0,115.0,1.05,95.0,20.0
P01121,R01121,100.0,100.0,1.1,55.0,20.0
P01122,R01122,90.0,70.0,1.0,60.0,12.0
P01123,R01123,95.0,95.0,1.0,55.0,15.0
P01124,R01124,85.0,65.0,1.05,45.0,16.0
P01125,R01125,85.0,65.0,0.95,25.0,17.0
P01126,R01126,105.0,155.0,0.95,75.0,19.0
P01127,R01127,80.0,80.0,1.0,60.0,12.0
P01128,R01128,85.0,95.0,1.0,80.0,15.0
P01129,R01129,135.0,110.0,1.05,95.0,20.0
P01130,R01130,110.0,90.0,1.05,50.0,12.0
P01131,R01131,100.0,90.0,1.05,35.0,15.0
P01132,R01132,115.0,95.0,1.1,55.0,16.0
P01133,R01133,110.0,55.0,1.0,35.0,17.0
P01134,R01134,140.0,125.0,1.0,80.0,20.0
P01135,R01135,110.0,90.0,1.05,50.0,13.0
P01136,R01136,105.0,65.0,1.0,75.0,15.0
P01137,R01137,110.0,95.0,0.9,35.0,19.0
P01138,R01138,80.0,60.0,1.05,45.0,13.0
P01139,R01139,105.0,125.0,1.0,60.0,16.0
P01140,R01140,100.0,95.0,1.1,50.0,16.0
P01141,R01141,90.0,65.0,1.1,65.0,18.0
P01142,R01142,130.0,150.0,0.9,85.0,20.0
P01143,R01143,85.0,85.0,1.05,60.0,12.0
P01144,R01144,95.0,100.0,0.95,35.0,15.0
P01145,R01145,130.0,95.0,1.0,65.0,18.0
P01146,R01146,125.0,75.0,1.05,40.0,18.0
P01147,R01147,100.0,90.0,1.05,70.0,13.0
P01148,R01148,125.0,100.0,1.1,55.0,16.0
P01149,R01149,105.0,75.0,1.05,35.0,15.0
P01150,R01150,140.0,125.0,0.95,40.0,18.0
P01151,R01151,125.0,85.0,1.0,50.0,19.0
P01152,R01152,110.0,85.0,1.0,90.0,14.0
P01153,R01153,135.0,115.0,1.05,75.0,14.0
P01154,R01154,120.0,60.0,1.1,45.0,15.0
P01155,R01155,150.0,135.0,1.05,70.0,16.0
P01156,R01156,160.0,105.0,0.95,75.0,19.0
P01157,R01157,165.0,70.0,1.05,45.0,19.0
P01158,R01158,145.0,125.0,1.0,40.0,13.0
P01159,R01159,150.0,85.0,1.1,70.0,15.0
P01160,R01160,155.0,75.0,0.9,50.0,15.0
P01161,R01161,175.0,95.0,1.1,45.0,19.0
P01162,R01162,125.0,60.0,1.15,65.0,13.0
P01163,R01163,130.0,100.0,1.05,95.0,17.0
P01164,R01164,125.0,100.0,0.95,35.0,16.0
P01165,R01165,125.0,60.0,1.0,35.0,17.0
P01166,R01166,150.0,105.0,1.0,55.0,19.0
P01167,R01167,105.0,60.0,1.0,85.0,14.0
P01168,R01168,135.0,80.0,1.1,70.0,15.0
P01169,R01169,100.0,115.0,1.15,75.0,17.0
P01170,R01170,100.0,65.0,0.95,25.0,17.0
P01171,R01171,100.0,95.0,1.0,45.0,19.0
P01172,R01172,85.0,80.0,1.05,80.0,13.0
P01173,R01173,100.0,65.0,0.95,25.0,14.0
P01174,R01174,105.0,120.0,0.9,40.0,16.0
P01175,R01175,90.0,50.0,0.9,45.0,17.0
P01176,R01176,100.0,110.0,1.05,65.0,19.0
P01177,R01177,115.0,120.0,0.95,40.0,18.0
P01178,R01178,130.0,70.0,0.9,65.0,19.0
P01179,R01179,125.0,100.0,1.05,85.0,14.0
P01180,R01180,105.0,80.0,1.1,70.0,15.0
P01181,R01181,95.0,50.0,1.0,75.0,16.0
P01182,R01182,145.0,130.0,0.95,80.0,19.0
P01183,R01183,135.0,80.0,1.1,90.0,20.0
P01184,R01184,110.0,85.0,0.95,60.0,12.0
P01185,R01185,130.0,90.0,1.05,90.0,16.0
P01186,R01186,110.0,65.0,0.95,65.0,16.0
P01187,R01187,160.0,120.0,1.0,80.0,19.0
P01188,R01188,130.0,95.0,0.9,55.0,19.0
P01189,R01189,110.0,70.0,1.1,85.0,14.0
P01190,R01190,130.0,130.0,0.95,60.0,15.0
P01191,R01191,120.0,80.0,0.95,50.0,15.0
P01192,R01192,115.0,100.0,1.05,85.0,19.0
P01193,R01193,120.0,95.0,1.05,55.0,19.0
P01194,R01194,125.0,65.0,1.05,45.0,19.0
P01195,R01195,95.0,80.0,1.0,50.0,13.0
P01196,R01196,95.0,85.0,1.05,80.0,15.0
P01197,R01197,115.0,60.0,0.95,25.0,15.0
P01198,R01198,110.0,135.0,0.9,45.0,18.0
P01199,R01199,125.0,105.0,1.0,95.0,20.0
P01200,R01200,105.0,75.0,0.9,30.0,12.0
P01201,R01201,90.0,105.0,0.95,35.0,13.0
P01202,R01202,105.0,100.0,1.0,75.0,16.0
P01203,R01203,120.0,130.0,1.1,50.0,16.0
P01204,R01204,90.0,60.0,1.05,55.0,17.0
P01205,R01205,105.0,65.0,1.0,85.0,20.0
P01206,R01206,95.0,135.0,1.0,50.0,13.0
P01207,R01207,105.0,110.0,1.0,85.0,16.0
P01208,R01208,105.0,50.0,1.0,35.0,15.0
P01209,R01209,110.0,115.0,1.0,55.0,15.0
P01210,R01210,105.0,110.0,0.95,35.0,16.0
P01211,R01211,95.0,95.0,1.1,40.0,17.0
P01212,R01212,105.0,65.0,0.95,25.0,18.0
P01213,R01213,100.0,65.0,1.0,65.0,13.0
P01214,R01214,115.0,140.0,1.05,85.0,16.0
P01215,R01215,100.0,95.0,1.05,85.0,17.0
P01216,R01216,90.0,60.0,1.05,45.0,18.0
P01217,R01217,135.0,95.0,1.0,75.0,14.0
P01218,R01218,130.0,100.0,1.05,85.0,16.0
P01219,R01219,145.0,100.0,1.0,35.0,16.0
P01220,R01220,160.0,115.0,0.95,65.0,18.0
P01221,R01221,150.0,70.0,0.9,25.0,18.0
P01222,R01222,140.0,120.0,1.0,50.0,13.0
P01223,R01223,125.0,75.0,0.95,55.0,14.0
P01224,R01224,140.0,60.0,0.95,35.0,15.0
P01225,R01225,125.0,70.0,1.05,30.0,18.0
P01226,R01226,95.0,85.0,1.1,90.0,14.0
P01227,R01227,105.0,125.0,0.95,70.0,15.0
P01228,R01228,110.0,85.0,1.05,40.0,15.0
P01229,R01229,105.0,70.0,1.05,35.0,17.0
P01230,R01230,110.0,115.0,1.0,100.0,20.0
P01231,R01231,100.0,60.0,0.95,45.0,12.0
P01232,R01232,100.0,85.0,1.0,60.0,14.0
P01233,R01233,135.0,105.0,1.0,85.0,14.0
P01234,R01234,120.0,95.0,1.1,65.0,15.0
P01235,R01235,130.0,95.0,0.9,35.0,16.0
P01236,R01236,150.0,110.0,0.95,85.0,19.0
P01237,R01237,145.0,60.0,1.1,55.0,18.0
P01238,R01238,145.0,140.0,1.0,65.0,14.0
P01239,R01239,125.0,105.0,1.05,75.0,16.0
P01240,R01240,145.0,80.0,0.95,60.0,15.0
P01241,R01241,100.0,110.0,1.0,55.0,16.0
P01242,R01242,110.0,90.0,1.1,60.0,17.0
P01243,R01243,105.0,135.0,1.0,50.0,19.0
P01244,R01244,85.0,95.0,0.95,60.0,12.0
P01245,R01245,90.0,55.0,1.05,45.0,15.0
P01246,R01246,120.0,115.0,0.9,80.0,17.0
P01247,R01247,110.0,115.0,1.0,65.0,18.0
P01248,R01248,100.0,75.0,1.0,30.0,18.0
P01249,R01249,115.0,120.0,0.95,80.0,14.0
P01250,R01250,85.0,55.0,0.95,75.0,15.0
P01251,R01251,100.0,135.0,0.9,60.0,16.0
P01252,R01252,105.0,70.0,1.1,90.0,19.0
P01253,R01253,115.0,50.0,1.0,35.0,18.0
P01254,R01254,105.0,115.0,1.05,50.0,13.0
P01255,R01255,95.0,60.0,0.95,65.0,15.0
P01256,R01256,90.0,90.0,1.0,40.0,15.0
P01257,R01257,125.0,95.0,1.1,70.0,19.0
P01258,R01258,100.0,55.0,0.95,75.0,13.0
P01259,R01259,120.0,135.0,1.0,50.0,15.0
P01260,R01260,100.0,95.0,1.0,35.0,16.0
P01261,R01261,100.0,70.0,1.0,25.0,17.0
P01262,R01262,120.0,105.0,1.0,85.0,20.0
P01263,R01263,90.0,85.0,1.1,50.0,13.0
P01264,R01264,100.0,100.0,1.0,55.0,15.0
P01265,R01265,95.0,110.0,0.95,55.0,18.0
P01266,R01266,85.0,60.0,0.9,45.0,18.0
P01267,R01267,85.0,70.0,1.0,50.0,12.0
P01268,R01268,80.0,85.0,1.05,80.0,15.0
P01269,R01269,90.0,65.0,1.0,75.0,16.0
P01270,R01270,105.0,135.0,0.95,80.0,19.0
P01271,R01271,95.0,110.0,1.1,85.0,20.0
P01272,R01272,90.0,100.0,1.05,55.0,13.0
P01273,R01273,105.0,115.0,1.0,75.0,17.0
P01274,R01274,100.0,70.0,0.95,45.0,17.0
P01275,R01275,105.0,115.0,0.95,75.0,20.0
P01276,R01276,115.0,90.0,1.05,85.0,14.0
P01277,R01277,105.0,60.0,1.1,65.0,15.0
P01278,R01278,125.0,135.0,1.05,80.0,17.0
P01279,R01279,115.0,90.0,1.0,80.0,18.0
P01280,R01280,120.0,70.0,1.05,50.0,19.0
P01281,R01281,130.0,75.0,0.9,30.0,17.0
P01282,R01282,115.0,70.0,1.1,65.0,19.0
P01283,R01283,105.0,95.0,1.0,45.0,13.0
P01284,R01284,100.0,105.0,1.0,75.0,16.0
P01285,R01285,100.0,60.0,1.0,25.0,15.0
P01286,R01286,110.0,125.0,0.95,70.0,18.0
P01287,R01287,110.0,75.0,1.05,60.0,18.0
P01288,R01288,105.0,90.0,1.0,35.0,13.0
P01289,R01289,150.0,110.0,1.05,35.0,15.0
P01290,R01290,150.0,55.0,1.05,65.0,16.0
P01291,R01291,130.0,85.0,0.95,30.0,17.0
P01292,R01292,170.0,70.0,0.95,65.0,19.0
P01293,R01293,120.0,50.0,1.1,65.0,13.0
P01294,R01294,160.0,150.0,0.95,65.0,15.0
P01295,R01295,140.0,115.0,1.1,65.0,16.0
P01296,R01296,160.0,75.0,1.0,50.0,18.0
P01297,R01297,135.0,120.0,1.0,80.0,16.0
P01298,R01298,115.0,55.0,0.95,65.0,16.0
P01299,R01299,160.0,70.0,0.95,50.0,17.0
P01300,R01300,145.0,85.0,1.0,70.0,19.0
P01301,R01301,145.0,50.0,1.1,65.0,13.0
P01302,R01302,130.0,110.0,0.95,55.0,15.0
P01303,R01303,130.0,105.0,1.05,65.0,16.0
P01304,R01304,150.0,85.0,1.0,80.0,18.0
P01305,R01305,155.0,105.0,0.9,55.0,18.0
P01306,R01306,175.0,55.0,1.0,75.0,19.0
P01307,R01307,150.0,90.0,1.0,50.0,13.0
P01308,R01308,125.0,105.0,1.05,65.0,15.0
P01309,R01309,125.0,55.0,1.0,25.0,15.0
P01310,R01310,150.0,110.0,1.05,65.0,18.0
P01311,R01311,190.0,85.0,1.1,60.0,18.0
P01312,R01312,125.0,100.0,1.05,95.0,15.0
P01313,R01313,120.0,110.0,1.0,35.0,19.0
P01314,R01314,90.0,50.0,1.15,65.0,13.0
P01315,R01315,115.0,75.0,1.0,50.0,15.0
P01316,R01316,110.0,50.0,1.05,25.0,15.0
P01317,R01317,100.0,55.0,1.05,35.0,17.0
P01318,R01318,130.0,160.0,1.0,75.0,19.0
P01319,R01319,100.0,80.0,1.0,30.0,12.0
P01320,R01320,115.0,70.0,1.0,90.0,16.0
P01321,R01321,90.0,80.0,1.05,90.0,14.0
P01322,R01322,95.0,75.0,1.15,50.0,15.0
P01323,R01323,105.0,115.0,1.0,35.0,16.0
P01324,R01324,110.0,70.0,1.1,90.0,19.0
P01325,R01325,100.0,50.0,0.95,25.0,18.0
P01326,R01326,105.0,100.0,1.0,55.0,13.0
P01327,R01327,100.0,75.0,0.95,80.0,15.0
P01328,R01328,100.0,100.0,1.05,55.0,17.0
P01329,R01329,120.0,115.0,1.0,65.0,15.0
P01330,R01330,115.0,85.0,1.0,30.0,15.0
P01331,R01331,115.0,115.0,1.0,55.0,18.0
P01332,R01332,155.0,110.0,1.0,85.0,20.0
P01333,R01333,110.0,55.0,0.95,65.0,13.0
P01334,R01334,125.0,135.0,1.0,60.0,16.0
P01335,R01335,105.0,55.0,1.1,45.0,16.0
P01336,R01336,135.0,85.0,1.05,80.0,18.0
P01337,R01337,110.0,115.0,1.1,95.0,20.0
P01338,R01338,110.0,95.0,1.05,50.0,19.0
P01339,R01339,90.0,95.0,0.95,55.0,13.0
P01340,R01340,90.0,95.0,0.95,85.0,16.0
P01341,R01341,95.0,70.0,1.1,35.0,15.0
P01342,R01342,95.0,120.0,0.95,60.0,18.0
P01343,R01343,95.0,95.0,0.95,50.0,18.0
P01344,R01344,85.0,90.0,1.0,40.0,12.0
P01345,R01345,105.0,95.0,1.05,95.0,18.0
P01346,R01346,105.0,90.0,1.05,90.0,19.0
P01347,R01347,110.0,110.0,0.95,35.0,19.0
P01348,R01348,110.0,85.0,1.05,80.0,13.0
P01349,R01349,95.0,55.0,0.95,55.0,14.0
P01350,R01350,120.0,120.0,0.95,40.0,16.0
P01351,R01351,120.0,115.0,1.0,55.0,18.0
P01352,R01352,125.0,85.0,1.1,50.0,19.0
P01353,R01353,120.0,110.0,1.05,55.0,14.0
P01354,R01354,115.0,115.0,1.0,65.0,15.0
P01355,R01355,125.0,120.0,0.95,60.0,16.0
P01356,R01356,155.0,80.0,1.05,60.0,17.0
P01357,R01357,180.0,70.0,1.0,35.0,18.0
P01358,R01358,120.0,110.0,1.15,55.0,14.0
P01359,R01359,145.0,105.0,1.0,35.0,15.0
P01360,R01360,140.0,80.0,1.05,40.0,15.0
P01361,R01361,105.0,75.0,0.95,50.0,18.0
P01362,R01362,100.0,110.0,1.05,55.0,13.0
P01363,R01363,95.0,80.0,1.15,70.0,15.0
P01364,R01364,100.0,60.0,1.15,65.0,16.0
P01365,R01365,95.0,65.0,0.9,25.0,17.0
P01366,R01366,110.0,135.0,0.95,50.0,19.0
P01367,R01367,100.0,90.0,1.05,70.0,13.0
P01368,R01368,90.0,110.0,1.05,65.0,15.0
P01369,R01369,135.0,115.0,1.1,70.0,13.0
P01370,R01370,130.0,105.0,0.9,35.0,15.0
P01371,R01371,115.0,95.0,1.0,70.0,16.0
P01372,R01372,120.0,85.0,1.0,30.0,17.0
P01373,R01373,135.0,55.0,1.05,85.0,20.0
P01374,R01374,125.0,125.0,1.1,80.0,14.0
P01375,R01375,105.0,85.0,1.0,90.0,16.0
P01376,R01376,125.0,50.0,1.0,45.0,16.0
P01377,R01377,100.0,95.0,1.05,85.0,16.0
P01378,R01378,90.0,70.0,0.9,45.0,15.0
P01379,R01379,110.0,120.0,1.1,80.0,19.0
P01380,R01380,100.0,55.0,1.05,45.0,19.0
P01381,R01381,80.0,75.0,0.95,75.0,13.0
P01382,R01382,105.0,110.0,1.05,95.0,17.0
P01383,R01383,90.0,80.0,1.1,90.0,17.0
P01384,R01384,95.0,85.0,0.95,70.0,18.0
P01385,R01385,110.0,110.0,1.0,95.0,18.0
P01386,R01386,135.0,90.0,1.05,60.0,17.0
P01387,R01387,135.0,120.0,1.1,40.0,19.0
P01388,R01388,105.0,95.0,1.1,70.0,13.0
P01389,R01389,100.0,65.0,1.05,35.0,14.0
P01390,R01390,115.0,95.0,0.95,55.0,16.0
P01391,R01391,120.0,95.0,1.15,50.0,18.0
P01392,R01392,155.0,110.0,0.95,45.0,19.0
P01393,R01393,115.0,90.0,0.9,50.0,15.0
P01394,R01394,115.0,90.0,0.95,85.0,19.0
P01395,R01395,110.0,115.0,1.0,45.0,19.0
P01396,R01396,95.0,70.0,1.0,45.0,13.0
P01397,R01397,90.0,50.0,0.95,45.0,14.0
P01398,R01398,125.0,125.0,1.0,100.0,18.0
P01399,R01399,120.0,80.0,0.9,30.0,17.0
P01400,R01400,100.0,60.0,1.05,75.0,19.0
P01401,R01401,140.0,110.0,1.05,85.0,20.0
P01402,R01402,125.0,75.0,0.95,60.0,12.0
P01403,R01403,125.0,130.0,1.05,50.0,15.0
P01404,R01404,115.0,105.0,1.0,35.0,16.0
P01405,R01405,120.0,50.0,1.0,55.0,17.0
P01406,R01406,125.0,145.0,0.95,45.0,19.0
P01407,R01407,110.0,60.0,1.1,45.0,13.0
P01408,R01408,130.0,110.0,1.05,95.0,17.0
P01409,R01409,120.0,110.0,1.0,45.0,18.0
P01410,R01410,125.0,85.0,1.05,40.0,18.0
P01411,R01411,110.0,115.0,1.05,75.0,14.0
P01412,R01412,115.0,75.0,1.0,90.0,16.0
P01413,R01413,125.0,55.0,1.05,65.0,16.0
P01414,R01414,120.0,115.0,0.95,75.0,19.0
P01415,R01415,135.0,50.0,1.0,35.0,18.0
P01416,R01416,135.0,115.0,0.9,55.0,13.0
P01417,R01417,125.0,95.0,1.05,50.0,16.0
P01418,R01418,130.0,90.0,0.95,50.0,17.0
P01419,R01419,150.0,95.0,1.0,75.0,20.0
P01420,R01420,100.0,70.0,1.0,45.0,12.0
P01421,R01421,120.0,60.0,1.05,45.0,15.0
P01422,R01422,120.0,105.0,0.95,85.0,17.0
P01423,R01423,130.0,70.0,0.95,65.0,18.0
P01424,R01424,120.0,95.0,1.05,50.0,19.0
P01425,R01425,105.0,90.0,0.9,70.0,16.0
P01426,R01426,115.0,70.0,1.05,50.0,18.0
P01427,R01427,115.0,95.0,0.95,55.0,19.0
P01428,R01428,100.0,100.0,0.95,85.0,14.0
P01429,R01429,115.0,65.0,1.0,55.0,14.0
P01430,R01430,105.0,115.0,1.0,45.0,16.0
P01431,R01431,110.0,100.0,1.0,65.0,18.0
P01432,R01432,140.0,105.0,1.05,45.0,19.0
P01433,R01433,105.0,130.0,0.95,90.0,16.0
P01434,R01434,95.0,50.0,1.1,85.0,17.0
P01435,R01435,120.0,100.0,1.05,55.0,18.0
P01436,R01436,105.0,100.0,1.05,75.0,20.0
P01437,R01437,100.0,50.0,1.1,85.0,14.0
P01438,R01438,125.0,145.0,1.0,75.0,15.0
P01439,R01439,90.0,70.0,1.05,35.0,15.0
P01440,R01440,110.0,55.0,1.0,55.0,17.0
P01441,R01441,90.0,100.0,1.0,75.0,17.0
P01442,R01442,95.0,85.0,0.95,60.0,17.0
P01443,R01443,95.0,115.0,0.95,40.0,19.0
P01444,R01444,90.0,95.0,1.05,65.0,13.0
P01445,R01445,85.0,55.0,1.15,45.0,15.0
P01446,R01446,100.0,135.0,1.0,85.0,17.0
P01447,R01447,95.0,75.0,1.0,70.0,18.0
P01448,R01448,85.0,80.0,1.05,40.0,18.0
P01449,R01449,120.0,95.0,1.0,85.0,19.0
P01450,R01450,120.0,90.0,1.05,60.0,18.0
P01451,R01451,90.0,95.0,1.1,75.0,14.0
P01452,R01452,100.0,90.0,0.95,30.0,14.0
P01453,R01453,90.0,65.0,1.1,75.0,16.0
P01454,R01454,120.0,135.0,0.95,75.0,18.0
P01455,R01455,100.0,50.0,1.0,65.0,19.0
P01456,R01456,110.0,95.0,1.05,40.0,12.0
P01457,R01457,160.0,120.0,0.9,40.0,19.0
P01458,R01458,145.0,75.0,1.0,90.0,14.0
P01459,R01459,145.0,90.0,0.9,55.0,15.0
P01460,R01460,145.0,75.0,1.05,70.0,16.0
P01461,R01461,145.0,55.0,1.1,45.0,18.0
P01462,R01462,185.0,145.0,1.05,85.0,20.0
P01463,R01463,140.0,80.0,1.05,70.0,13.0
P01464,R01464,135.0,110.0,1.0,85.0,16.0
P01465,R01465,95.0,75.0,1.0,80.0,16.0
P01466,R01466,95.0,70.0,1.05,40.0,17.0
P01467,R01467,110.0,90.0,0.9,75.0,20.0
P01468,R01468,85.0,50.0,1.0,35.0,12.0
P01469,R01469,80.0,50.0,0.95,25.0,14.0
P01470,R01470,95.0,135.0,1.0,40.0,16.0
P01471,R01471,90.0,100.0,1.1,75.0,19.0
P01472,R01472,85.0,75.0,1.05,70.0,19.0
P01473,R01473,130.0,105.0,1.1,55.0,20.0
P01474,R01474,115.0,65.0,1.05,45.0,12.0
P01475,R01475,135.0,125.0,1.05,60.0,16.0
P01476,R01476,120.0,70.0,1.1,25.0,15.0
P01477,R01477,145.0,60.0,1.05,65.0,18.0
P01478,R01478,130.0,130.0,0.95,40.0,19.0
P01479,R01479,110.0,55.0,0.95,35.0,12.0
P01480,R01480,125.0,70.0,1.15,55.0,14.0
P01481,R01481,90.0,90.0,1.0,95.0,15.0
P01482,R01482,100.0,65.0,1.1,25.0,14.0
P01483,R01483,100.0,70.0,0.9,50.0,15.0
P01484,R01484,110.0,105.0,0.95,75.0,19.0
P01485,R01485,110.0,60.0,0.95,25.0,18.0
P01486,R01486,95.0,115.0,1.1,75.0,14.0
P01487,R01487,105.0,95.0,1.1,55.0,16.0
P01488,R01488,95.0,105.0,1.05,75.0,17.0
P01489,R01489,150.0,110.0,1.0,75.0,16.0
P01490,R01490,125.0,70.0,1.05,60.0,15.0
P01491,R01491,150.0,95.0,0.95,35.0,18.0
P01492,R01492,150.0,90.0,1.05,95.0,20.0
P01493,R01493,110.0,70.0,1.05,65.0,13.0
P01494,R01494,145.0,95.0,1.0,45.0,15.0
P01495,R01495,150.0,80.0,0.95,30.0,15.0
P01496,R01496,140.0,115.0,1.1,55.0,19.0
P01497,R01497,110.0,105.0,1.05,65.0,15.0
P01498,R01498,130.0,90.0,1.1,75.0,17.0
P01499,R01499,115.0,95.0,0.95,85.0,19.0
P01500,R01500,145.0,75.0,1.0,50.0,19.0
P01501,R01501,120.0,75.0,1.1,45.0,13.0
P01502,R01502,125.0,125.0,0.9,60.0,15.0
P01503,R01503,110.0,60.0,0.95,65.0,16.0
P01504,R01504,125.0,115.0,0.95,85.0,19.0
P01505,R01505,110.0,115.0,1.05,75.0,16.0
P01506,R01506,95.0,70.0,1.0,75.0,16.0
P01507,R01507,115.0,90.0,1.0,45.0,18.0
P01508,R01508,110.0,95.0,1.0,40.0,18.0
P01509,R01509,95.0,50.0,1.0,75.0,13.0
P01510,R01510,120.0,105.0,0.9,35.0,15.0
P01511,R01511,110.0,60.0,0.95,25.0,15.0
P01512,R01512,120.0,85.0,0.95,40.0,17.0
P01513,R01513,110.0,105.0,0.95,75.0,16.0
P01514,R01514,110.0,90.0,1.0,40.0,15.0
P01515,R01515,100.0,110.0,1.1,75.0,19.0
P01516,R01516,115.0,80.0,1.05,50.0,19.0
P01517,R01517,100.0,50.0,1.05,85.0,14.0
P01518,R01518,120.0,125.0,1.05,100.0,17.0
P01519,R01519,90.0,75.0,1.0,40.0,15.0
P01520,R01520,105.0,95.0,1.05,90.0,19.0
P01521,R01521,170.0,105.0,0.95,75.0,20.0
P01522,R01522,110.0,90.0,1.0,80.0,13.0
P01523,R01523,145.0,85.0,1.05,70.0,15.0
P01524,R01524,135.0,85.0,1.0,40.0,15.0
P01525,R01525,120.0,65.0,1.05,85.0,19.0
P01526,R01526,135.0,100.0,1.0,55.0,20.0
P01527,R01527,105.0,50.0,0.95,55.0,12.0
P01528,R01528,115.0,50.0,1.15,65.0,15.0
P01529,R01529,125.0,110.0,1.0,45.0,18.0
P01530,R01530,135.0,90.0,1.0,70.0,19.0
P01531,R01531,110.0,110.0,1.0,75.0,14.0
P01532,R01532,120.0,100.0,1.0,75.0,16.0
P01533,R01533,100.0,70.0,1.0,25.0,15.0
P01534,R01534,135.0,155.0,1.0,65.0,18.0
P01535,R01535,135.0,75.0,0.95,80.0,19.0
P01536,R01536,115.0,60.0,0.9,25.0,12.0
P01537,R01537,140.0,110.0,0.95,55.0,15.0
P01538,R01538,120.0,110.0,0.9,55.0,16.0
P01539,R01539,130.0,110.0,0.95,55.0,18.0
P01540,R01540,130.0,75.0,1.05,80.0,19.0
P01541,R01541,105.0,60.0,0.95,65.0,13.0
P01542,R01542,130.0,160.0,1.05,65.0,16.0
P01543,R01543,125.0,85.0,1.05,70.0,16.0
P01544,R01544,130.0,80.0,1.0,30.0,17.0
P01545,R01545,120.0,90.0,1.0,40.0,15.0
P01546,R01546,115.0,115.0,1.0,55.0,19.0
P01547,R01547,130.0,100.0,1.1,55.0,20.0
P01548,R01548,110.0,75.0,1.0,80.0,13.0
P01549,R01549,110.0,60.0,1.05,45.0,14.0
P01550,R01550,130.0,115.0,1.0,80.0,17.0
P01551,R01551,115.0,60.0,1.05,85.0,19.0
P01552,R01552,130.0,55.0,1.05,65.0,19.0
P01553,R01553,115.0,110.0,1.0,85.0,19.0
P01554,R01554,115.0,55.0,1.1,45.0,19.0
P01555,R01555,110.0,95.0,1.05,80.0,13.0
P01556,R01556,110.0,105.0,1.0,35.0,15.0
P01557,R01557,100.0,70.0,1.1,45.0,16.0
P01558,R01558,125.0,120.0,0.95,80.0,19.0
P01559,R01559,110.0,95.0,1.0,40.0,18.0
P01560,R01560,120.0,85.0,1.0,50.0,13.0
P01561,R01561,135.0,100.0,1.05,95.0,20.0
P01562,R01562,100.0,70.0,1.05,65.0,13.0
P01563,R01563,125.0,135.0,0.95,40.0,15.0
P01564,R01564,105.0,85.0,1.0,90.0,17.0
P01565,R01565,105.0,65.0,1.0,75.0,18.0
P01566,R01566,120.0,115.0,1.05,75.0,20.0
P01567,R01567,105.0,60.0,1.0,55.0,12.0
P01568,R01568,95.0,55.0,1.05,55.0,14.0
P01569,R01569,95.0,80.0,0.95,50.0,17.0
P01570,R01570,100.0,110.0,0.95,75.0,20.0
P01571,R01571,95.0,115.0,1.05,55.0,14.0
P01572,R01572,95.0,80.0,1.15,90.0,16.0
P01573,R01573,95.0,60.0,1.0,25.0,15.0
P01574,R01574,110.0,150.0,1.05,85.0,19.0
P01575,R01575,115.0,75.0,0.95,40.0,18.0
P01576,R01576,115.0,115.0,1.05,95.0,15.0
P01577,R01577,85.0,100.0,1.0,45.0,15.0
P01578,R01578,100.0,95.0,1.1,75.0,17.0
P01579,R01579,115.0,135.0,1.1,100.0,20.0
P01580,R01580,95.0,95.0,1.0,40.0,18.0
P01581,R01581,95.0,50.0,1.05,85.0,14.0
P01582,R01582,110.0,135.0,1.05,55.0,15.0
P01583,R01583,110.0,115.0,1.0,65.0,16.0
P01584,R01584,105.0,85.0,0.95,60.0,17.0
P01585,R01585,120.0,90.0,0.9,30.0,18.0
P01586,R01586,105.0,70.0,1.05,70.0,13.0
P01587,R01587,105.0,70.0,1.0,90.0,16.0
P01588,R01588,110.0,80.0,0.95,50.0,15.0
P01589,R01589,115.0,50.0,1.0,55.0,17.0
P01590,R01590,130.0,110.0,0.9,75.0,20.0
P01591,R01591,100.0,50.0,0.95,65.0,13.0
P01592,R01592,105.0,70.0,1.1,85.0,16.0
P01593,R01593,115.0,100.0,0.95,55.0,16.0
P01594,R01594,120.0,50.0,1.1,85.0,19.0
P01595,R01595,120.0,90.0,1.05,50.0,19.0
P01596,R01596,100.0,80.0,0.95,70.0,13.0
P01597,R01597,110.0,55.0,1.0,65.0,15.0
P01598,R01598,135.0,135.0,1.0,55.0,16.0
P01599,R01599,120.0,85.0,1.05,70.0,18.0
P01600,R01600,105.0,90.0,1.05,70.0,19.0
P01601,R01601,185.0,125.0,0.95,80.0,20.0
P01602,R01602,135.0,70.0,1.1,45.0,13.0
P01603,R01603,130.0,110.0,0.95,55.0,15.0
P01604,R01604,150.0,65.0,1.0,55.0,15.0
P01605,R01605,170.0,70.0,1.05,85.0,19.0
P01606,R01606,140.0,110.0,1.0,75.0,20.0
P01607,R01607,140.0,115.0,1.0,85.0,14.0
P01608,R01608,145.0,60.0,1.05,55.0,14.0
P01609,R01609,105.0,100.0,1.0,95.0,20.0
P01610,R01610,90.0,70.0,0.95,55.0,12.0
P01611,R01611,105.0,85.0,1.05,70.0,15.0
P01612,R01612,105.0,50.0,1.15,65.0,16.0
P01613,R01613,90.0,60.0,1.05,75.0,18.0
P01614,R01614,120.0,130.0,1.0,60.0,20.0
P01615,R01615,100.0,75.0,1.05,30.0,12.0
P01616,R01616,100.0,85.0,1.1,90.0,16.0
P01617,R01617,125.0,100.0,0.9,35.0,15.0
P01618,R01618,160.0,90.0,1.05,50.0,16.0
P01619,R01619,135.0,105.0,1.05,95.0,20.0
P01620,R01620,145.0,95.0,1.05,75.0,20.0
P01621,R01621,140.0,65.0,1.0,65.0,13.0
P01622,R01622,155.0,105.0,0.95,55.0,15.0
P01623,R01623,125.0,90.0,1.0,60.0,15.0
P01624,R01624,160.0,85.0,1.1,50.0,18.0
P01625,R01625,115.0,100.0,1.1,95.0,15.0
P01626,R01626,105.0,75.0,1.05,75.0,15.0
P01627,R01627,120.0,105.0,0.95,75.0,17.0
P01628,R01628,125.0,50.0,0.95,45.0,17.0
P01629,R01629,135.0,55.0,1.1,85.0,20.0
P01630,R01630,120.0,130.0,1.15,100.0,15.0
P01631,R01631,115.0,100.0,1.0,75.0,16.0
P01632,R01632,110.0,90.0,1.0,80.0,16.0
P01633,R01633,140.0,115.0,0.95,50.0,19.0
P01634,R01634,120.0,85.0,1.0,80.0,13.0
P01635,R01635,125.0,90.0,0.95,65.0,15.0
P01636,R01636,110.0,60.0,0.95,25.0,15.0
P01637,R01637,130.0,60.0,0.95,25.0,17.0
P01638,R01638,160.0,130.0,1.0,60.0,20.0
P01639,R01639,105.0,115.0,1.05,95.0,15.0
P01640,R01640,130.0,90.0,1.15,70.0,15.0
P01641,R01641,115.0,85.0,1.1,70.0,18.0
P01642,R01642,135.0,110.0,1.1,95.0,20.0
P01643,R01643,105.0,95.0,1.05,95.0,15.0
P01644,R01644,95.0,100.0,0.95,65.0,15.0
P01645,R01645,95.0,65.0,1.15,85.0,17.0
P01646,R01646,130.0,140.0,0.95,40.0,18.0
P01647,R01647,115.0,90.0,1.0,60.0,18.0
P01648,R01648,95.0,70.0,0.95,65.0,13.0
P01649,R01649,105.0,90.0,1.1,75.0,19.0
P01650,R01650,100.0,55.0,1.05,55.0,18.0
P01651,R01651,90.0,85.0,1.1,50.0,13.0
P01652,R01652,90.0,75.0,1.05,65.0,15.0
P01653,R01653,90.0,65.0,1.0,65.0,16.0
P01654,R01654,110.0,115.0,0.95,80.0,19.0
P01655,R01655,105.0,90.0,1.05,90.0,20.0
P01656,R01656,100.0,70.0,1.0,70.0,13.0
P01657,R01657,140.0,110.0,1.0,55.0,13.0
P01658,R01658,150.0,100.0,1.0,45.0,15.0
P01659,R01659,130.0,115.0,0.95,45.0,16.0
P01660,R01660,145.0,80.0,1.05,90.0,19.0
P01661,R01661,145.0,75.0,1.0,75.0,19.0
P01662,R01662,120.0,135.0,1.0,85.0,14.0
P01663,R01663,130.0,80.0,1.0,50.0,14.0
P01664,R01664,130.0,75.0,1.05,70.0,16.0
P01665,R01665,185.0,75.0,0.95,40.0,18.0
P01666,R01666,115.0,85.0,1.0,70.0,13.0
P01667,R01667,155.0,100.0,1.15,75.0,16.0
P01668,R01668,130.0,95.0,1.0,35.0,16.0
P01669,R01669,160.0,50.0,1.05,75.0,18.0
P01670,R01670,190.0,125.0,0.9,80.0,20.0
P01671,R01671,120.0,70.0,1.05,85.0,14.0
P01672,R01672,125.0,105.0,1.0,35.0,15.0
P01673,R01673,120.0,100.0,1.05,55.0,19.0
P01674,R01674,95.0,65.0,0.95,55.0,18.0
P01675,R01675,95.0,105.0,1.05,45.0,13.0
P01676,R01676,100.0,105.0,1.1,55.0,16.0
P01677,R01677,95.0,50.0,1.05,45.0,16.0
P01678,R01678,120.0,130.0,1.0,80.0,19.0
P01679,R01679,105.0,95.0,1.0,70.0,19.0
P01680,R01680,100.0,105.0,0.95,75.0,14.0
P01681,R01681,120.0,105.0,1.0,95.0,17.0
P01682,R01682,100.0,65.0,1.0,25.0,15.0
P01683,R01683,120.0,125.0,1.05,50.0,18.0
P01684,R01684,110.0,80.0,0.95,30.0,18.0
P01685,R01685,110.0,60.0,0.95,25.0,12.0
P01686,R01686,105.0,135.0,1.0,85.0,16.0
P01687,R01687,120.0,80.0,1.1,50.0,16.0
P01688,R01688,120.0,70.0,0.95,35.0,17.0
P01689,R01689,105.0,135.0,1.1,80.0,17.0
P01690,R01690,110.0,70.0,1.0,60.0,17.0
P01691,R01691,125.0,110.0,1.05,95.0,20.0
P01692,R01692,100.0,60.0,1.05,65.0,13.0
P01693,R01693,100.0,70.0,1.05,55.0,14.0
P01694,R01694,125.0,125.0,1.0,80.0,17.0
P01695,R01695,115.0,80.0,1.0,80.0,18.0
P01696,R01696,125.0,95.0,1.05,70.0,19.0
P01697,R01697,140.0,115.0,0.95,55.0,19.0
P01698,R01698,100.0,80.0,0.95,50.0,12.0
P01699,R01699,120.0,85.0,1.0,70.0,15.0
P01700,R01700,110.0,95.0,1.0,70.0,16.0
P01701,R01701,110.0,55.0,1.0,75.0,18.0
P01702,R01702,160.0,155.0,1.1,85.0,20.0
P01703,R01703,95.0,60.0,0.9,65.0,13.0
P01704,R01704,100.0,55.0,1.0,75.0,15.0
P01705,R01705,165.0,105.0,1.1,75.0,20.0
P01706,R01706,100.0,60.0,1.0,75.0,13.0
P01707,R01707,110.0,80.0,1.1,40.0,14.0
P01708,R01708,115.0,50.0,1.1,85.0,17.0
P01709,R01709,115.0,60.0,1.1,35.0,17.0
P01710,R01710,140.0,130.0,1.1,100.0,20.0
P01711,R01711,115.0,110.0,1.1,75.0,14.0
P01712,R01712,105.0,95.0,1.1,50.0,15.0
P01713,R01713,95.0,80.0,1.05,90.0,19.0
P01714,R01714,120.0,75.0,1.05,30.0,18.0
P01715,R01715,110.0,135.0,1.0,90.0,14.0
P01716,R01716,115.0,95.0,1.0,80.0,15.0
P01717,R01717,100.0,50.0,1.1,45.0,16.0
P01718,R01718,95.0,115.0,1.05,45.0,18.0
P01719,R01719,100.0,115.0,1.1,55.0,20.0
P01720,R01720,95.0,75.0,0.9,70.0,13.0
P01721,R01721,100.0,125.0,0.95,40.0,13.0
P01722,R01722,90.0,80.0,1.0,50.0,14.0
P01723,R01723,95.0,115.0,1.05,55.0,17.0
P01724,R01724,100.0,50.0,1.05,45.0,18.0
P01725,R01725,100.0,65.0,1.0,65.0,19.0
P01726,R01726,95.0,125.0,1.05,50.0,13.0
P01727,R01727,105.0,105.0,1.0,85.0,16.0
P01728,R01728,100.0,55.0,1.0,65.0,16.0
P01729,R01729,110.0,80.0,1.05,60.0,12.0
P01730,R01730,125.0,80.0,0.9,70.0,15.0
P01731,R01731,125.0,130.0,1.1,60.0,17.0
P01732,R01732,115.0,70.0,1.0,40.0,17.0
P01733,R01733,120.0,60.0,0.95,65.0,19.0
P01734,R01734,120.0,120.0,1.0,90.0,14.0
P01735,R01735,135.0,75.0,1.0,30.0,14.0
P01736,R01736,110.0,65.0,0.95,25.0,15.0
P01737,R01737,105.0,85.0,1.0,50.0,16.0
P01738,R01738,90.0,65.0,1.0,45.0,18.0
P01739,R01739,105.0,75.0,0.95,30.0,18.0
P01740,R01740,95.0,60.0,1.1,85.0,14.0
P01741,R01741,85.0,55.0,0.95,55.0,14.0
P01742,R01742,115.0,150.0,0.9,65.0,16.0
P01743,R01743,110.0,105.0,1.0,75.0,19.0
P01744,R01744,110.0,65.0,1.0,85.0,20.0
P01745,R01745,100.0,95.0,1.0,30.0,15.0
P01746,R01746,100.0,80.0,0.95,50.0,17.0
P01747,R01747,100.0,80.0,1.1,90.0,20.0
P01748,R01748,90.0,110.0,0.95,75.0,14.0
P01749,R01749,90.0,55.0,1.0,65.0,15.0
P01750,R01750,105.0,145.0,1.0,65.0,16.0
P01751,R01751,100.0,105.0,1.1,75.0,19.0
P01752,R01752,110.0,70.0,0.95,50.0,18.0
P01753,R01753,140.0,120.0,0.95,80.0,20.0
P01754,R01754,110.0,70.0,1.0,35.0,12.0
P01755,R01755,140.0,90.0,1.05,80.0,15.0
P01756,R01756,120.0,95.0,1.05,90.0,17.0
P01757,R01757,115.0,60.0,1.05,45.0,17.0
P01758,R01758,130.0,140.0,1.1,65.0,20.0
P01759,R01759,115.0,85.0,1.05,70.0,13.0
P01760,R01760,115.0,50.0,1.0,55.0,14.0
P01761,R01761,120.0,90.0,1.05,40.0,12.0
P01762,R01762,125.0,80.0,1.0,90.0,16.0
P01763,R01763,125.0,80.0,0.95,80.0,16.0
P01764,R01764,150.0,55.0,1.1,65.0,18.0
P01765,R01765,185.0,60.0,1.05,65.0,19.0
P01766,R01766,145.0,110.0,0.95,55.0,13.0
P01767,R01767,145.0,110.0,1.1,95.0,17.0
P01768,R01768,160.0,90.0,1.05,70.0,16.0
P01769,R01769,105.0,115.0,1.0,85.0,17.0
P01770,R01770,120.0,100.0,0.95,85.0,19.0
P01771,R01771,140.0,120.0,1.05,80.0,20.0
P01772,R01772,95.0,110.0,1.15,55.0,14.0
P01773,R01773,105.0,55.0,1.05,55.0,14.0
P01774,R01774,105.0,130.0,1.0,80.0,17.0
P01775,R01775,105.0,80.0,1.1,40.0,17.0
P01776,R01776,130.0,65.0,1.0,65.0,19.0
P01777,R01777,120.0,115.0,0.95,55.0,19.0
P01778,R01778,105.0,75.0,1.0,90.0,14.0
P01779,R01779,120.0,135.0,0.95,60.0,15.0
P01780,R01780,120.0,95.0,1.0,75.0,17.0
P01781,R01781,115.0,60.0,1.05,45.0,18.0
P01782,R01782,155.0,150.0,1.0,45.0,19.0
P01783,R01783,115.0,75.0,1.0,60.0,12.0
P01784,R01784,100.0,70.0,0.95,70.0,15.0
P01785,R01785,110.0,105.0,1.1,95.0,20.0
P01786,R01786,105.0,100.0,1.05,55.0,14.0
P01787,R01787,100.0,125.0,0.95,50.0,15.0
P01788,R01788,85.0,80.0,0.95,80.0,16.0
P01789,R01789,85.0,50.0,1.05,65.0,18.0
P01790,R01790,115.0,120.0,1.0,80.0,20.0
P01791,R01791,95.0,115.0,0.95,75.0,14.0
P01792,R01792,90.0,75.0,1.0,70.0,15.0
P01793,R01793,135.0,135.0,1.0,90.0,14.0
P01794,R01794,110.0,85.0,0.9,50.0,14.0
P01795,R01795,120.0,80.0,1.05,70.0,16.0
P01796,R01796,125.0,100.0,1.05,55.0,19.0
P01797,R01797,125.0,70.0,1.15,45.0,19.0
P01798,R01798,115.0,145.0,1.05,95.0,14.0
P01799,R01799,120.0,90.0,1.05,70.0,15.0
P01800,R01800,105.0,95.0,1.1,50.0,16.0
P01801,R01801,105.0,105.0,1.05,75.0,16.0
P01802,R01802,105.0,110.0,1.1,95.0,18.0
P01803,R01803,95.0,95.0,1.0,60.0,17.0
P01804,R01804,100.0,80.0,1.0,70.0,19.0
P01805,R01805,90.0,60.0,1.05,45.0,13.0
P01806,R01806,105.0,150.0,0.95,45.0,15.0
P01807,R01807,100.0,95.0,1.05,80.0,16.0
P01808,R01808,95.0,80.0,0.95,70.0,18.0
P01809,R01809,135.0,110.0,1.05,85.0,16.0
P01810,R01810,130.0,50.0,0.95,75.0,16.0
P01811,R01811,150.0,110.0,0.9,35.0,18.0
P01812,R01812,160.0,80.0,1.0,70.0,19.0
P01813,R01813,115.0,65.0,1.0,75.0,13.0
P01814,R01814,140.0,135.0,1.0,50.0,15.0
P01815,R01815,120.0,50.0,0.95,55.0,15.0
P01816,R01816,125.0,55.0,0.95,35.0,17.0
P01817,R01817,110.0,90.0,1.1,90.0,16.0
P01818,R01818,120.0,90.0,0.95,50.0,15.0
P01819,R01819,130.0,105.0,1.0,35.0,18.0
P01820,R01820,120.0,50.0,1.05,65.0,19.0
P01821,R01821,95.0,55.0,0.95,55.0,12.0
P01822,R01822,105.0,90.0,1.05,55.0,16.0
P01823,R01823,120.0,95.0,1.05,90.0,17.0
P01824,R01824,115.0,105.0,1.0,55.0,19.0
P01825,R01825,90.0,100.0,1.05,55.0,15.0
P01826,R01826,95.0,85.0,1.0,70.0,16.0
P01827,R01827,90.0,100.0,1.05,75.0,19.0
P01828,R01828,105.0,75.0,0.95,50.0,18.0
P01829,R01829,80.0,75.0,1.1,45.0,13.0
P01830,R01830,100.0,115.0,1.0,45.0,15.0
P01831,R01831,80.0,90.0,1.0,30.0,15.0
P01832,R01832,100.0,115.0,1.0,35.0,18.0
P01833,R01833,105.0,85.0,0.95,80.0,19.0
P01834,R01834,80.0,70.0,1.0,70.0,13.0
P01835,R01835,90.0,125.0,1.05,60.0,16.0
P01836,R01836,90.0,65.0,1.15,45.0,16.0
P01837,R01837,90.0,50.0,0.95,45.0,17.0
P01838,R01838,95.0,135.0,1.1,70.0,19.0
P01839,R01839,90.0,75.0,1.0,50.0,13.0
P01840,R01840,90.0,90.0,1.1,60.0,14.0
P01841,R01841,100.0,95.0,1.0,70.0,15.0
P01842,R01842,110.0,65.0,0.95,35.0,15.0
P01843,R01843,100.0,110.0,1.0,65.0,18.0
P01844,R01844,130.0,110.0,1.05,95.0,20.0
P01845,R01845,100.0,70.0,0.9,25.0,12.0
P01846,R01846,130.0,155.0,0.9,65.0,15.0
P01847,R01847,105.0,75.0,1.1,60.0,15.0
P01848,R01848,110.0,90.0,1.0,50.0,18.0
P01849,R01849,120.0,105.0,1.1,95.0,18.0
P01850,R01850,105.0,70.0,1.0,35.0,17.0
P01851,R01851,130.0,105.0,1.05,55.0,20.0
P01852,R01852,115.0,75.0,1.0,50.0,12.0
P01853,R01853,115.0,50.0,1.0,25.0,14.0
P01854,R01854,120.0,110.0,1.05,55.0,17.0
P01855,R01855,115.0,65.0,1.05,65.0,18.0
P01856,R01856,130.0,90.0,0.95,75.0,20.0
P01857,R01857,115.0,115.0,1.1,60.0,16.0
P01858,R01858,105.0,80.0,0.9,30.0,15.0
P01859,R01859,95.0,75.0,0.95,70.0,18.0
P01860,R01860,105.0,75.0,0.95,40.0,18.0
P01861,R01861,90.0,55.0,0.95,55.0,12.0
P01862,R01862,100.0,95.0,0.95,65.0,15.0
P01863,R01863,105.0,55.0,1.1,65.0,16.0
P01864,R01864,105.0,75.0,1.1,90.0,19.0
P01865,R01865,130.0,100.0,1.05,95.0,20.0
P01866,R01866,115.0,90.0,1.1,45.0,13.0
P01867,R01867,120.0,100.0,0.95,55.0,15.0
P01868,R01868,135.0,85.0,0.95,80.0,16.0
P01869,R01869,120.0,55.0,1.05,65.0,18.0
P01870,R01870,175.0,155.0,1.05,75.0,19.0
P01871,R01871,120.0,70.0,0.95,35.0,12.0
P01872,R01872,105.0,85.0,1.05,80.0,15.0
P01873,R01873,175.0,105.0,1.05,65.0,18.0
P01874,R01874,145.0,75.0,1.0,50.0,18.0
P01875,R01875,135.0,80.0,0.95,80.0,13.0
P01876,R01876,130.0,55.0,1.1,65.0,15.0
P01877,R01877,135.0,50.0,1.0,35.0,15.0
P01878,R01878,160.0,130.0,1.05,90.0,19.0
P01879,R01879,145.0,100.0,1.05,85.0,20.0
P01880,R01880,125.0,95.0,1.05,70.0,13.0
P01881,R01881,95.0,130.0,1.0,70.0,15.0
P01882,R01882,105.0,105.0,1.05,75.0,17.0
P01883,R01883,115.0,120.0,1.05,90.0,19.0
P01884,R01884,95.0,115.0,1.0,35.0,19.0
P01885,R01885,90.0,50.0,1.0,55.0,12.0
P01886,R01886,100.0,125.0,1.0,40.0,15.0
P01887,R01887,85.0,50.0,0.95,35.0,15.0
P01888,R01888,90.0,95.0,1.0,65.0,18.0
P01889,R01889,125.0,90.0,1.1,70.0,15.0
P01890,R01890,135.0,90.0,0.95,70.0,16.0
P01891,R01891,125.0,105.0,1.05,75.0,19.0
P01892,R01892,115.0,50.0,1.05,55.0,18.0
P01893,R01893,120.0,65.0,1.0,55.0,12.0
P01894,R01894,115.0,100.0,1.15,55.0,16.0
P01895,R01895,115.0,95.0,0.95,75.0,17.0
P01896,R01896,125.0,90.0,1.05,70.0,18.0
P01897,R01897,125.0,110.0,1.05,55.0,16.0
P01898,R01898,100.0,90.0,1.0,30.0,15.0
P01899,R01899,115.0,95.0,0.95,35.0,18.0
P01900,R01900,115.0,80.0,0.95,70.0,19.0
P01901,R01901,100.0,70.0,1.05,65.0,13.0
P01902,R01902,120.0,95.0,1.05,85.0,16.0
P01903,R01903,105.0,50.0,1.0,25.0,15.0
P01904,R01904,115.0,75.0,1.0,70.0,18.0
P01905,R01905,120.0,100.0,1.1,45.0,13.0
P01906,R01906,135.0,90.0,1.0,30.0,14.0
P01907,R01907,145.0,100.0,1.1,55.0,17.0
P01908,R01908,155.0,95.0,1.0,80.0,18.0
P01909,R01909,120.0,60.0,1.05,65.0,19.0
P01910,R01910,145.0,115.0,1.0,85.0,14.0
P01911,R01911,130.0,110.0,1.1,95.0,17.0
P01912,R01912,145.0,95.0,1.0,75.0,17.0
P01913,R01913,110.0,80.0,1.05,90.0,14.0
P01914,R01914,130.0,75.0,1.0,70.0,15.0
P01915,R01915,135.0,115.0,1.05,55.0,17.0
P01916,R01916,165.0,105.0,1.05,55.0,19.0
P01917,R01917,165.0,55.0,1.1,45.0,19.0
P01918,R01918,145.0,140.0,1.1,90.0,14.0
P01919,R01919,140.0,90.0,0.95,30.0,14.0
P01920,R01920,125.0,90.0,1.05,60.0,15.0
P01921,R01921,150.0,135.0,0.9,60.0,19.0
P01922,R01922,115.0,105.0,1.05,35.0,13.0
P01923,R01923,125.0,75.0,0.95,30.0,14.0
P01924,R01924,125.0,85.0,1.1,90.0,17.0
P01925,R01925,135.0,50.0,1.05,35.0,17.0
P01926,R01926,140.0,130.0,0.95,70.0,19.0
P01927,R01927,125.0,105.0,1.0,85.0,14.0
P01928,R01928,110.0,55.0,1.05,85.0,16.0
P01929,R01929,110.0,115.0,1.1,75.0,20.0
P01930,R01930,90.0,80.0,1.05,90.0,14.0
P01931,R01931,85.0,85.0,1.05,90.0,16.0
P01932,R01932,90.0,80.0,1.0,80.0,16.0
P01933,R01933,90.0,50.0,1.1,65.0,18.0
P01934,R01934,110.0,130.0,0.95,80.0,20.0
P01935,R01935,85.0,75.0,1.0,45.0,12.0
P01936,R01936,90.0,70.0,1.0,35.0,14.0
P01937,R01937,135.0,115.0,1.05,85.0,17.0
P01938,R01938,145.0,85.0,1.1,90.0,19.0
P01939,R01939,145.0,130.0,1.05,90.0,20.0
P01940,R01940,120.0,85.0,0.95,80.0,13.0
P01941,R01941,145.0,75.0,1.05,65.0,15.0
P01942,R01942,165.0,115.0,0.95,90.0,17.0
P01943,R01943,140.0,50.0,1.05,75.0,18.0
P01944,R01944,145.0,95.0,1.1,70.0,19.0
P01945,R01945,120.0,95.0,1.1,55.0,16.0
P01946,R01946,105.0,50.0,1.0,55.0,15.0
P01947,R01947,130.0,110.0,1.15,55.0,19.0
P01948,R01948,105.0,65.0,1.05,55.0,18.0
P01949,R01949,110.0,75.0,1.15,65.0,13.0
P01950,R01950,110.0,140.0,1.0,45.0,15.0
P01951,R01951,105.0,70.0,1.05,55.0,15.0
P01952,R01952,125.0,75.0,0.95,30.0,17.0
P01953,R01953,105.0,115.0,0.95,85.0,19.0
P01954,R01954,110.0,55.0,1.1,65.0,19.0
P01955,R01955,95.0,75.0,1.05,80.0,13.0
P01956,R01956,105.0,65.0,1.15,35.0,14.0
P01957,R01957,110.0,50.0,1.1,45.0,15.0
P01958,R01958,120.0,135.0,0.95,80.0,19.0
P01959,R01959,110.0,115.0,1.0,95.0,20.0
P01960,R01960,105.0,65.0,1.0,65.0,13.0
P01961,R01961,90.0,105.0,1.0,35.0,15.0
P01962,R01962,85.0,70.0,1.05,90.0,17.0
P01963,R01963,90.0,85.0,1.1,50.0,18.0
P01964,R01964,95.0,80.0,1.1,80.0,19.0
P01965,R01965,85.0,55.0,1.05,65.0,13.0
P01966,R01966,90.0,130.0,0.9,40.0,15.0
P01967,R01967,80.0,75.0,1.05,55.0,15.0
P01968,R01968,95.0,80.0,1.0,60.0,17.0
P01969,R01969,115.0,120.0,0.95,40.0,15.0
P01970,R01970,120.0,100.0,1.1,75.0,17.0
P01971,R01971,100.0,105.0,1.05,55.0,18.0
P01972,R01972,125.0,75.0,0.95,80.0,19.0
P01973,R01973,90.0,55.0,1.1,85.0,14.0
P01974,R01974,110.0,120.0,1.1,50.0,15.0
P01975,R01975,105.0,105.0,1.05,65.0,16.0
P01976,R01976,120.0,85.0,1.05,70.0,18.0
P01977,R01977,140.0,100.0,0.9,75.0,16.0
P01978,R01978,120.0,70.0,1.0,35.0,15.0
P01979,R01979,165.0,90.0,1.05,45.0,18.0
P01980,R01980,155.0,55.0,1.05,55.0,18.0
P01981,R01981,120.0,50.0,0.95,55.0,12.0
P01982,R01982,140.0,135.0,1.05,95.0,16.0
P01983,R01983,125.0,70.0,1.15,50.0,16.0
P01984,R01984,155.0,85.0,0.95,70.0,18.0
P01985,R01985,125.0,120.0,0.9,60.0,13.0
P01986,R01986,140.0,95.0,1.0,60.0,14.0
P01987,R01987,125.0,100.0,1.05,65.0,16.0
P01988,R01988,135.0,95.0,1.0,85.0,19.0
P01989,R01989,185.0,65.0,1.15,85.0,20.0
P01990,R01990,160.0,120.0,1.0,50.0,13.0
P01991,R01991,130.0,95.0,1.1,75.0,16.0
P01992,R01992,125.0,60.0,1.05,45.0,16.0
P01993,R01993,135.0,115.0,1.05,45.0,19.0
P01994,R01994,115.0,85.0,1.05,50.0,12.0
P01995,R01995,135.0,130.0,1.05,100.0,17.0
P01996,R01996,130.0,100.0,1.05,55.0,17.0
P01997,R01997,130.0,60.0,1.05,65.0,18.0
P01998,R01998,130.0,120.0,1.0,50.0,19.0
P01999,R01999,110.0,70.0,0.9,45.0,12.0
P02000,R02000,115.0,75.0,0.9,70.0,15.0
P02001,R02001,150.0,95.0,1.1,65.0,19.0
P02002,R02002,125.0,65.0,1.0,25.0,12.0
P02003,R02003,140.0,100.0,1.0,85.0,16.0
P02004,R02004,115.0,55.0,1.05,35.0,15.0
P02005,R02005,120.0,70.0,0.95,55.0,17.0
P02006,R02006,160.0,145.0,0.9,45.0,19.0
P02007,R02007,140.0,100.0,1.05,55.0,14.0
P02008,R02008,120.0,85.0,1.05,50.0,15.0
P02009,R02009,120.0,105.0,1.05,45.0,13.0
P02010,R02010,100.0,80.0,1.0,40.0,14.0
P02011,R02011,115.0,125.0,1.0,90.0,17.0
P02012,R02012,115.0,70.0,1.0,30.0,17.0
P02013,R02013,125.0,55.0,0.95,65.0,19.0
P02014,R02014,130.0,145.0,1.05,75.0,13.0
P02015,R02015,120.0,105.0,1.0,55.0,16.0
P02016,R02016,100.0,70.0,1.05,50.0,15.0
P02017,R02017,115.0,75.0,1.0,70.0,19.0
P02018,R02018,85.0,50.0,1.05,95.0,15.0
P02019,R02019,100.0,75.0,1.1,55.0,19.0
P02020,R02020,130.0,80.0,1.1,55.0,14.0
P02021,R02021,130.0,55.0,1.0,65.0,13.0
P02022,R02022,90.0,100.0,1.0,85.0,20.0
P02023,R02023,95.0,45.0,1.0,35.0,15.0
P02024,R02024,110.0,55.0,0.95,25.0,14.0
P02025,R02025,100.0,65.0,1.05,90.0,19.0
P02026,R02026,85.0,95.0,1.0,65.0,15.0
P02027,R02027,85.0,100.0,0.95,35.0,18.0
P02028,R02028,120.0,65.0,1.1,65.0,19.0
P02029,R02029,85.0,50.0,1.0,95.0,17.0
P02030,R02030,95.0,80.0,1.05,75.0,14.0
P02031,R02031,85.0,50.0,1.0,35.0,12.0
P02032,R02032,120.0,75.0,1.0,45.0,15.0
P02033,R02033,105.0,85.0,0.9,35.0,19.0
P02034,R02034,85.0,80.0,1.05,50.0,15.0
P02035,R02035,140.0,45.0,1.0,40.0,18.0
P02036,R02036,125.0,115.0,1.05,70.0,18.0
P02037,R02037,80.0,100.0,0.9,45.0,18.0
P02038,R02038,140.0,55.0,1.0,85.0,16.0
P02039,R02039,120.0,85.0,1.05,65.0,19.0
P02040,R02040,90.0,60.0,1.05,45.0,19.0
P02041,R02041,95.0,105.0,1.0,75.0,15.0
P02042,R02042,140.0,105.0,1.1,65.0,18.0
P02043,R02043,130.0,100.0,0.95,60.0,15.0
P02044,R02044,100.0,105.0,1.1,75.0,14.0
P02045,R02045,90.0,80.0,0.9,65.0,15.0
P02046,R02046,100.0,75.0,1.05,85.0,20.0
P02047,R02047,100.0,110.0,1.05,95.0,17.0
P02048,R02048,130.0,60.0,0.95,45.0,18.0
P02049,R02049,120.0,90.0,1.0,55.0,14.0
P02050,R02050,145.0,60.0,1.05,75.0,20.0
P02051,R02051,130.0,85.0,1.1,55.0,17.0
P02052,R02052,115.0,75.0,1.05,35.0,15.0
P02053,R02053,115.0,100.0,1.05,55.0,14.0
P02054,R02054,100.0,55.0,1.0,55.0,13.0
P02055,R02055,115.0,60.0,0.95,35.0,12.0
P02056,R02056,110.0,115.0,0.9,50.0,14.0
P02057,R02057,85.0,85.0,1.0,60.0,15.0
P02058,R02058,110.0,85.0,1.0,40.0,12.0
P02059,R02059,75.0,55.0,1.0,40.0,12.0
P02060,R02060,75.0,110.0,0.9,25.0,15.0
P02061,R02061,120.0,45.0,0.95,70.0,19.0
P02062,R02062,145.0,55.0,0.95,50.0,18.0
P02063,R02063,90.0,95.0,1.1,50.0,18.0
P02064,R02064,95.0,105.0,1.1,75.0,17.0
P02065,R02065,90.0,45.0,0.95,85.0,20.0
P02066,R02066,130.0,80.0,0.95,40.0,17.0
P02067,R02067,150.0,95.0,1.0,45.0,19.0
P02068,R02068,120.0,115.0,1.0,50.0,15.0
P02069,R02069,105.0,50.0,1.0,70.0,19.0
P02070,R02070,105.0,90.0,1.05,75.0,14.0
P02071,R02071,110.0,80.0,1.0,60.0,18.0
P02072,R02072,150.0,110.0,1.05,65.0,15.0
P02073,R02073,135.0,55.0,1.1,55.0,16.0
P02074,R02074,105.0,110.0,1.05,90.0,14.0
P02075,R02075,140.0,85.0,1.0,75.0,14.0
P02076,R02076,160.0,95.0,1.0,45.0,19.0
P02077,R02077,140.0,100.0,0.9,75.0,20.0
P02078,R02078,115.0,110.0,1.0,40.0,12.0
P02079,R02079,100.0,95.0,1.1,40.0,17.0
P02080,R02080,115.0,100.0,0.95,45.0,18.0
P02081,R02081,105.0,60.0,0.95,25.0,15.0
P02082,R02082,155.0,95.0,0.95,60.0,18.0
P02083,R02083,110.0,55.0,0.95,40.0,17.0
P02084,R02084,110.0,90.0,0.95,65.0,15.0
P02085,R02085,105.0,95.0,1.05,70.0,18.0
P02086,R02086,115.0,95.0,1.05,65.0,13.0
P02087,R02087,90.0,90.0,0.9,30.0,14.0
P02088,R02088,115.0,75.0,1.1,70.0,18.0
P02089,R02089,90.0,50.0,0.95,50.0,17.0
P02090,R02090,160.0,115.0,1.0,35.0,18.0
P02091,R02091,130.0,55.0,1.0,80.0,13.0
P02092,R02092,155.0,80.0,1.1,95.0,20.0
P02093,R02093,115.0,80.0,0.95,65.0,19.0
P02094,R02094,85.0,110.0,1.0,70.0,15.0
P02095,R02095,100.0,55.0,1.0,40.0,18.0
P02096,R02096,85.0,45.0,0.95,55.0,15.0
P02097,R02097,90.0,60.0,1.05,65.0,19.0
P02098,R02098,80.0,55.0,1.0,85.0,16.0
P02099,R02099,90.0,70.0,1.05,55.0,12.0
P02100,R02100,145.0,100.0,0.95,65.0,18.0
P02101,R02101,85.0,105.0,1.0,45.0,14.0
P02102,R02102,120.0,90.0,1.05,70.0,19.0
P02103,R02103,110.0,60.0,1.0,30.0,17.0
P02104,R02104,145.0,85.0,1.0,75.0,18.0
P02105,R02105,135.0,110.0,1.1,70.0,15.0
P02106,R02106,90.0,115.0,1.1,65.0,18.0
P02107,R02107,160.0,55.0,1.0,40.0,17.0
P02108,R02108,100.0,105.0,1.05,85.0,19.0
P02109,R02109,120.0,115.0,1.05,75.0,15.0
P02110,R02110,80.0,105.0,1.05,55.0,15.0
P02111,R02111,145.0,110.0,0.95,30.0,17.0
P02112,R02112,95.0,95.0,1.05,60.0,18.0
P02113,R02113,85.0,85.0,1.1,65.0,16.0
P02114,R02114,115.0,55.0,1.1,90.0,20.0
P02115,R02115,110.0,100.0,0.95,30.0,14.0
P02116,R02116,130.0,110.0,1.0,55.0,16.0
P02117,R02117,110.0,80.0,1.0,70.0,13.0
P02118,R02118,110.0,105.0,1.0,75.0,16.0
P02119,R02119,145.0,95.0,0.95,25.0,18.0
P02120,R02120,130.0,70.0,1.0,65.0,15.0
P02121,R02121,100.0,90.0,1.05,65.0,19.0
P02122,R02122,90.0,60.0,1.0,80.0,13.0
P02123,R02123,145.0,105.0,0.95,85.0,17.0
P02124,R02124,80.0,80.0,1.0,35.0,14.0
P02125,R02125,65.0,65.0,1.05,55.0,14.0
P02126,R02126,130.0,95.0,1.05,60.0,14.0
P02127,R02127,100.0,70.0,1.1,50.0,16.0
P02128,R02128,145.0,100.0,0.95,35.0,15.0
P02129,R02129,110.0,55.0,1.0,40.0,17.0
P02130,R02130,130.0,100.0,1.05,45.0,16.0
P02131,R02131,90.0,90.0,1.0,70.0,13.0
P02132,R02132,135.0,60.0,1.05,95.0,20.0
P02133,R02133,90.0,100.0,0.9,25.0,18.0
P02134,R02134,120.0,85.0,0.95,75.0,14.0
P02135,R02135,140.0,100.0,1.05,75.0,15.0
P02136,R02136,110.0,55.0,0.95,35.0,19.0
P02137,R02137,115.0,90.0,0.95,45.0,18.0
P02138,R02138,115.0,70.0,1.0,65.0,13.0
P02139,R02139,80.0,45.0,0.9,45.0,14.0
P02140,R02140,155.0,90.0,1.1,50.0,18.0
P02141,R02141,120.0,55.0,1.0,45.0,16.0
P02142,R02142,105.0,65.0,1.0,55.0,12.0
P02143,R02143,105.0,100.0,0.95,80.0,13.0
P02144,R02144,100.0,65.0,0.9,30.0,17.0
P02145,R02145,90.0,55.0,1.0,55.0,14.0
P02146,R02146,95.0,65.0,1.15,70.0,16.0
P02147,R02147,100.0,55.0,1.05,65.0,15.0
P02148,R02148,150.0,90.0,0.95,75.0,17.0
P02149,R02149,155.0,45.0,1.0,45.0,14.0
P02150,R02150,130.0,70.0,0.95,30.0,18.0
P02151,R02151,155.0,55.0,1.05,65.0,18.0
P02152,R02152,105.0,75.0,0.9,65.0,16.0
P02153,R02153,135.0,110.0,1.05,50.0,18.0
P02154,R02154,110.0,55.0,1.0,65.0,18.0
P02155,R02155,85.0,85.0,1.05,85.0,19.0
P02156,R02156,125.0,75.0,0.95,55.0,18.0
P02157,R02157,120.0,100.0,1.15,85.0,20.0
P02158,R02158,75.0,50.0,0.95,65.0,13.0
P02159,R02159,170.0,85.0,1.0,85.0,20.0
P02160,R02160,120.0,50.0,1.05,35.0,15.0
P02161,R02161,115.0,95.0,1.1,65.0,13.0
P02162,R02162,115.0,95.0,1.1,70.0,18.0
P02163,R02163,140.0,75.0,1.05,55.0,15.0
P02164,R02164,115.0,100.0,0.95,75.0,17.0
P02165,R02165,115.0,90.0,1.05,40.0,17.0
P02166,R02166,160.0,60.0,1.0,30.0,15.0
P02167,R02167,75.0,110.0,1.05,55.0,16.0
P02168,R02168,110.0,110.0,1.05,90.0,14.0
P02169,R02169,165.0,90.0,1.05,95.0,20.0
P02170,R02170,70.0,95.0,1.05,85.0,17.0
P02171,R02171,140.0,95.0,1.0,80.0,15.0
P02172,R02172,115.0,75.0,1.05,55.0,17.0
P02173,R02173,100.0,50.0,0.95,50.0,12.0
P02174,R02174,95.0,75.0,1.0,55.0,12.0
P02175,R02175,95.0,80.0,1.0,45.0,18.0
P02176,R02176,120.0,60.0,1.05,45.0,18.0
P02177,R02177,80.0,100.0,1.1,95.0,15.0
P02178,R02178,95.0,105.0,1.05,90.0,14.0
P02179,R02179,120.0,85.0,1.1,90.0,16.0
P02180,R02180,110.0,105.0,0.95,40.0,14.0
P02181,R02181,100.0,55.0,1.05,35.0,12.0
P02182,R02182,110.0,105.0,1.0,65.0,18.0
P02183,R02183,100.0,75.0,1.0,45.0,17.0
P02184,R02184,165.0,95.0,0.95,30.0,18.0
P02185,R02185,175.0,70.0,0.95,35.0,19.0
P02186,R02186,75.0,75.0,1.0,75.0,18.0
P02187,R02187,115.0,75.0,1.0,75.0,16.0
P02188,R02188,145.0,95.0,1.05,45.0,16.0
P02189,R02189,100.0,80.0,1.05,70.0,15.0
P02190,R02190,110.0,115.0,0.95,25.0,14.0
P02191,R02191,115.0,105.0,1.0,85.0,16.0
P02192,R02192,115.0,75.0,1.0,65.0,15.0
P02193,R02193,105.0,55.0,0.9,45.0,15.0
P02194,R02194,65.0,85.0,1.1,85.0,14.0
P02195,R02195,120.0,90.0,0.9,45.0,14.0
P02196,R02196,120.0,110.0,1.0,50.0,14.0
P02197,R02197,140.0,75.0,1.0,55.0,19.0
P02198,R02198,110.0,85.0,1.0,75.0,17.0
P02199,R02199,120.0,100.0,1.0,80.0,15.0
P02200,R02200,95.0,80.0,1.0,45.0,18.0
P02201,R02201,90.0,90.0,1.1,50.0,15.0
P02202,R02202,100.0,95.0,1.1,55.0,19.0
P02203,R02203,90.0,115.0,1.0,85.0,14.0
P02204,R02204,115.0,75.0,1.0,65.0,15.0
P02205,R02205,100.0,70.0,1.05,95.0,20.0
P02206,R02206,90.0,60.0,0.95,55.0,14.0
P02207,R02207,115.0,55.0,1.0,70.0,13.0
P02208,R02208,135.0,50.0,1.0,65.0,19.0
P02209,R02209,135.0,50.0,1.0,70.0,19.0
P02210,R02210,110.0,105.0,1.15,70.0,19.0
P02211,R02211,100.0,95.0,1.0,55.0,12.0
P02212,R02212,120.0,60.0,0.9,75.0,20.0
P02213,R02213,165.0,65.0,1.1,65.0,16.0
P02214,R02214,160.0,60.0,1.0,35.0,18.0
P02215,R02215,105.0,110.0,1.0,55.0,16.0
P02216,R02216,100.0,105.0,0.95,45.0,15.0
P02217,R02217,145.0,115.0,0.95,85.0,17.0
P02218,R02218,135.0,60.0,1.05,60.0,17.0
P02219,R02219,110.0,100.0,0.9,65.0,19.0
P02220,R02220,115.0,95.0,0.9,70.0,16.0
P02221,R02221,115.0,50.0,0.95,65.0,18.0
P02222,R02222,75.0,45.0,1.05,85.0,14.0
P02223,R02223,80.0,75.0,1.0,80.0,16.0
P02224,R02224,105.0,95.0,1.05,70.0,13.0
P02225,R02225,110.0,70.0,1.1,85.0,14.0
P02226,R02226,150.0,105.0,1.15,90.0,20.0
P02227,R02227,125.0,65.0,0.95,45.0,18.0
P02228,R02228,115.0,60.0,1.0,75.0,14.0
P02229,R02229,110.0,60.0,1.1,45.0,18.0
P02230,R02230,115.0,110.0,0.95,35.0,18.0
P02231,R02231,120.0,95.0,0.95,40.0,18.0
P02232,R02232,135.0,100.0,0.95,35.0,12.0
P02233,R02233,90.0,85.0,0.95,60.0,17.0
P02234,R02234,135.0,95.0,1.05,65.0,19.0
P02235,R02235,105.0,55.0,1.0,65.0,15.0
P02236,R02236,130.0,75.0,1.0,65.0,18.0
P02237,R02237,100.0,80.0,1.1,35.0,17.0
P02238,R02238,180.0,90.0,0.9,70.0,19.0
P02239,R02239,135.0,105.0,1.0,25.0,17.0
P02240,R02240,90.0,50.0,0.95,85.0,19.0
P02241,R02241,90.0,65.0,1.05,25.0,12.0
P02242,R02242,100.0,70.0,0.95,85.0,16.0
P02243,R02243,95.0,50.0,1.0,55.0,17.0
P02244,R02244,135.0,85.0,0.95,75.0,14.0
P02245,R02245,90.0,80.0,1.05,45.0,13.0
P02246,R02246,145.0,70.0,1.0,70.0,18.0
P02247,R02247,95.0,75.0,1.0,30.0,17.0
P02248,R02248,145.0,65.0,1.0,70.0,16.0
P02249,R02249,135.0,70.0,0.95,75.0,20.0
P02250,R02250,95.0,60.0,1.05,45.0,18.0
P02251,R02251,115.0,65.0,0.95,35.0,16.0
P02252,R02252,195.0,70.0,1.0,80.0,18.0
P02253,R02253,130.0,105.0,1.05,45.0,19.0
P02254,R02254,75.0,75.0,1.05,85.0,14.0
P02255,R02255,125.0,85.0,1.0,35.0,17.0
P02256,R02256,90.0,80.0,1.1,55.0,17.0
P02257,R02257,100.0,65.0,0.95,50.0,17.0
P02258,R02258,115.0,65.0,1.05,75.0,18.0
P02259,R02259,130.0,80.0,1.0,60.0,18.0
P02260,R02260,130.0,45.0,1.0,65.0,16.0
P02261,R02261,135.0,90.0,1.05,45.0,16.0
P02262,R02262,110.0,115.0,1.1,70.0,18.0
P02263,R02263,170.0,75.0,1.1,75.0,20.0
P02264,R02264,135.0,50.0,1.0,35.0,18.0
P02265,R02265,85.0,65.0,1.0,70.0,13.0
P02266,R02266,95.0,95.0,1.1,85.0,19.0
P02267,R02267,130.0,80.0,1.15,40.0,12.0
P02268,R02268,140.0,70.0,0.9,25.0,14.0
P02269,R02269,115.0,105.0,0.9,25.0,17.0
P02270,R02270,110.0,45.0,0.95,30.0,15.0
P02271,R02271,105.0,110.0,1.0,55.0,15.0
P02272,R02272,155.0,105.0,1.1,45.0,15.0
P02273,R02273,115.0,80.0,1.0,45.0,18.0
P02274,R02274,155.0,55.0,0.95,50.0,18.0
P02275,R02275,100.0,60.0,1.05,90.0,19.0
P02276,R02276,85.0,105.0,0.9,70.0,18.0
P02277,R02277,130.0,105.0,1.05,45.0,16.0
P02278,R02278,160.0,110.0,0.95,75.0,17.0
P02279,R02279,95.0,100.0,1.1,55.0,16.0
P02280,R02280,165.0,70.0,1.0,90.0,19.0
P02281,R02281,120.0,90.0,0.95,75.0,16.0
P02282,R02282,85.0,105.0,1.15,90.0,17.0
P02283,R02283,115.0,100.0,1.15,75.0,13.0
P02284,R02284,120.0,55.0,1.1,85.0,16.0
P02285,R02285,100.0,75.0,1.0,60.0,18.0
P02286,R02286,185.0,70.0,0.95,45.0,18.0
P02287,R02287,85.0,55.0,1.05,35.0,14.0
P02288,R02288,85.0,85.0,1.05,75.0,16.0
P02289,R02289,85.0,55.0,0.95,30.0,17.0
P02290,R02290,115.0,65.0,1.15,75.0,20.0
P02291,R02291,120.0,90.0,1.0,45.0,15.0
P02292,R02292,145.0,75.0,1.0,80.0,16.0
P02293,R02293,145.0,60.0,0.95,55.0,15.0
P02294,R02294,150.0,45.0,1.1,85.0,20.0
P02295,R02295,115.0,80.0,1.0,65.0,16.0
P02296,R02296,140.0,110.0,1.05,50.0,19.0
P02297,R02297,105.0,75.0,0.95,65.0,19.0
P02298,R02298,125.0,75.0,1.0,25.0,12.0
P02299,R02299,85.0,105.0,0.95,60.0,17.0
P02300,R02300,80.0,100.0,0.95,75.0,14.0
P02301,R02301,90.0,65.0,0.9,25.0,12.0
P02302,R02302,150.0,70.0,1.0,55.0,20.0
P02303,R02303,130.0,65.0,1.0,85.0,19.0
P02304,R02304,205.0,60.0,0.9,55.0,18.0
P02305,R02305,95.0,45.0,1.15,45.0,13.0
P02306,R02306,95.0,105.0,1.05,90.0,17.0
P02307,R02307,155.0,80.0,1.0,70.0,19.0
P02308,R02308,130.0,100.0,1.05,60.0,14.0
P02309,R02309,125.0,95.0,1.1,95.0,15.0
P02310,R02310,110.0,100.0,1.1,90.0,17.0
P02311,R02311,130.0,95.0,0.9,75.0,16.0
P02312,R02312,105.0,75.0,1.0,70.0,13.0
P02313,R02313,125.0,110.0,0.95,70.0,18.0
P02314,R02314,90.0,70.0,1.05,45.0,19.0
P02315,R02315,105.0,80.0,0.95,25.0,18.0
P02316,R02316,115.0,95.0,1.05,75.0,14.0
P02317,R02317,150.0,110.0,1.1,70.0,16.0
P02318,R02318,115.0,85.0,1.0,55.0,16.0
P02319,R02319,125.0,80.0,0.9,35.0,19.0
P02320,R02320,130.0,70.0,0.95,50.0,17.0
P02321,R02321,120.0,65.0,1.0,75.0,15.0
P02322,R02322,95.0,90.0,1.05,25.0,18.0
P02323,R02323,115.0,80.0,1.05,85.0,17.0
P02324,R02324,105.0,55.0,1.15,85.0,14.0
P02325,R02325,120.0,90.0,0.95,75.0,19.0
P02326,R02326,135.0,70.0,1.0,55.0,19.0
P02327,R02327,105.0,95.0,1.1,90.0,17.0
P02328,R02328,145.0,55.0,0.9,25.0,15.0
P02329,R02329,100.0,95.0,1.0,55.0,18.0
P02330,R02330,145.0,50.0,1.1,40.0,17.0
P02331,R02331,80.0,75.0,1.0,45.0,18.0
P02332,R02332,105.0,105.0,0.95,35.0,13.0
P02333,R02333,115.0,50.0,1.0,45.0,15.0
P02334,R02334,155.0,80.0,1.0,75.0,20.0
P02335,R02335,80.0,45.0,1.0,25.0,17.0
P02336,R02336,115.0,100.0,1.05,50.0,16.0
P02337,R02337,130.0,85.0,1.0,70.0,13.0
P02338,R02338,130.0,45.0,0.95,70.0,15.0
P02339,R02339,150.0,100.0,1.0,45.0,15.0
P02340,R02340,105.0,90.0,1.0,90.0,20.0
P02341,R02341,115.0,80.0,1.05,45.0,13.0
P02342,R02342,90.0,75.0,0.95,50.0,17.0
P02343,R02343,140.0,95.0,1.05,75.0,19.0
P02344,R02344,175.0,70.0,1.05,40.0,18.0
P02345,R02345,130.0,60.0,0.95,70.0,19.0
P02346,R02346,110.0,115.0,0.9,30.0,18.0
P02347,R02347,85.0,90.0,1.05,65.0,16.0
P02348,R02348,105.0,80.0,1.05,45.0,13.0
P02349,R02349,90.0,90.0,1.05,60.0,18.0
P02350,R02350,135.0,45.0,1.05,35.0,18.0
P02351,R02351,130.0,55.0,1.0,55.0,19.0
P02352,R02352,90.0,90.0,0.95,35.0,15.0
P02353,R02353,125.0,70.0,1.05,95.0,15.0
P02354,R02354,100.0,65.0,1.0,65.0,13.0
P02355,R02355,110.0,50.0,1.1,85.0,19.0
P02356,R02356,90.0,50.0,1.0,60.0,15.0
P02357,R02357,100.0,100.0,1.0,95.0,15.0
P02358,R02358,105.0,115.0,1.05,90.0,14.0
P02359,R02359,85.0,105.0,1.15,65.0,16.0
P02360,R02360,125.0,105.0,1.1,55.0,19.0
P02361,R02361,140.0,50.0,0.95,75.0,18.0
P02362,R02362,80.0,85.0,0.95,30.0,15.0
P02363,R02363,120.0,90.0,1.1,45.0,15.0
P02364,R02364,90.0,65.0,1.0,50.0,14.0
P02365,R02365,150.0,110.0,1.1,65.0,19.0
P02366,R02366,85.0,60.0,1.1,90.0,14.0
P02367,R02367,125.0,105.0,0.95,25.0,15.0
P02368,R02368,115.0,80.0,1.1,75.0,19.0
P02369,R02369,100.0,80.0,1.0,60.0,14.0
P02370,R02370,115.0,75.0,1.1,95.0,18.0
P02371,R02371,80.0,45.0,1.0,65.0,13.0
P02372,R02372,110.0,90.0,1.05,50.0,15.0
P02373,R02373,80.0,70.0,1.0,45.0,14.0
P02374,R02374,90.0,85.0,0.95,70.0,15.0
P02375,R02375,85.0,105.0,1.05,40.0,18.0
P02376,R02376,170.0,75.0,1.1,95.0,17.0
P02377,R02377,110.0,100.0,1.1,50.0,18.0
P02378,R02378,100.0,110.0,0.95,55.0,15.0
P02379,R02379,145.0,90.0,0.9,45.0,18.0
P02380,R02380,130.0,90.0,1.0,75.0,15.0
P02381,R02381,145.0,60.0,0.95,30.0,14.0
P02382,R02382,155.0,65.0,1.0,65.0,19.0
P02383,R02383,85.0,80.0,1.1,45.0,18.0
P02384,R02384,155.0,70.0,0.95,45.0,15.0
P02385,R02385,135.0,60.0,0.9,70.0,13.0
P02386,R02386,120.0,50.0,1.1,90.0,17.0
P02387,R02387,100.0,75.0,1.0,70.0,15.0
P02388,R02388,100.0,85.0,0.95,30.0,15.0
P02389,R02389,100.0,55.0,1.0,55.0,15.0
P02390,R02390,125.0,100.0,1.1,55.0,18.0
P02391,R02391,160.0,105.0,1.1,70.0,18.0
P02392,R02392,145.0,70.0,0.95,35.0,15.0
P02393,R02393,125.0,80.0,1.0,35.0,18.0
P02394,R02394,95.0,90.0,0.95,30.0,12.0
P02395,R02395,110.0,95.0,0.95,75.0,13.0
P02396,R02396,95.0,75.0,1.0,50.0,13.0
P02397,R02397,125.0,60.0,0.95,55.0,13.0
P02398,R02398,145.0,65.0,0.95,55.0,13.0
P02399,R02399,120.0,75.0,1.05,50.0,14.0
P02400,R02400,115.0,95.0,1.0,90.0,19.0
P02401,R02401,100.0,105.0,1.0,45.0,12.0
P02402,R02402,110.0,50.0,0.95,35.0,16.0
P02403,R02403,90.0,60.0,1.0,95.0,18.0
P02404,R02404,85.0,70.0,1.0,85.0,16.0
P02405,R02405,135.0,90.0,1.0,40.0,17.0
P02406,R02406,100.0,90.0,1.0,75.0,16.0
P02407,R02407,115.0,55.0,0.95,85.0,14.0
P02408,R02408,90.0,75.0,1.05,30.0,15.0
P02409,R02409,100.0,60.0,1.1,70.0,13.0
P02410,R02410,115.0,70.0,1.0,60.0,14.0
P02411,R02411,120.0,100.0,1.0,70.0,13.0
P02412,R02412,155.0,65.0,0.95,25.0,14.0
P02413,R02413,90.0,85.0,0.9,25.0,15.0
P02414,R02414,140.0,70.0,1.0,55.0,19.0
P02415,R02415,130.0,95.0,1.0,60.0,14.0
P02416,R02416,110.0,100.0,1.0,35.0,18.0
P02417,R02417,150.0,60.0,1.0,35.0,16.0
P02418,R02418,110.0,80.0,1.05,75.0,17.0
P02419,R02419,95.0,100.0,1.05,55.0,16.0
P02420,R02420,105.0,80.0,1.1,35.0,17.0
P02421,R02421,135.0,55.0,1.0,75.0,16.0
P02422,R02422,120.0,80.0,1.0,55.0,19.0
P02423,R02423,105.0,70.0,1.0,50.0,14.0
P02424,R02424,125.0,90.0,0.95,45.0,14.0
P02425,R02425,140.0,105.0,1.05,75.0,19.0
P02426,R02426,105.0,105.0,1.05,65.0,19.0
P02427,R02427,115.0,100.0,1.05,85.0,17.0
P02428,R02428,80.0,55.0,1.05,35.0,12.0
P02429,R02429,95.0,75.0,1.05,85.0,16.0
P02430,R02430,160.0,65.0,1.1,65.0,16.0
P02431,R02431,110.0,65.0,1.0,45.0,12.0
P02432,R02432,175.0,70.0,1.05,70.0,19.0
P02433,R02433,110.0,90.0,1.0,30.0,12.0
P02434,R02434,120.0,60.0,0.95,85.0,19.0
P02435,R02435,165.0,115.0,1.0,45.0,19.0
P02436,R02436,95.0,110.0,0.95,50.0,17.0
P02437,R02437,130.0,110.0,1.1,95.0,20.0
P02438,R02438,110.0,105.0,1.15,65.0,18.0
P02439,R02439,115.0,105.0,0.95,85.0,14.0
P02440,R02440,105.0,75.0,1.1,45.0,15.0
P02441,R02441,130.0,55.0,0.95,45.0,18.0
P02442,R02442,115.0,60.0,0.95,45.0,15.0
P02443,R02443,135.0,65.0,1.1,45.0,15.0
P02444,R02444,90.0,90.0,1.1,65.0,16.0
P02445,R02445,115.0,80.0,1.05,70.0,18.0
P02446,R02446,90.0,95.0,1.0,55.0,15.0
P02447,R02447,85.0,75.0,0.9,50.0,14.0
P02448,R02448,155.0,110.0,0.95,75.0,18.0
P02449,R02449,130.0,80.0,0.95,65.0,18.0
P02450,R02450,150.0,90.0,1.1,50.0,17.0
P02451,R02451,135.0,100.0,1.1,90.0,16.0
P02452,R02452,130.0,100.0,1.15,45.0,18.0
P02453,R02453,120.0,105.0,0.95,80.0,15.0
P02454,R02454,110.0,70.0,0.95,35.0,13.0
P02455,R02455,180.0,75.0,1.05,75.0,20.0
P02456,R02456,160.0,100.0,0.95,35.0,19.0
P02457,R02457,150.0,75.0,1.1,65.0,19.0
P02458,R02458,120.0,80.0,1.0,45.0,13.0
P02459,R02459,115.0,75.0,0.9,65.0,19.0
P02460,R02460,100.0,95.0,0.95,25.0,14.0
P02461,R02461,95.0,100.0,0.95,75.0,20.0
P02462,R02462,135.0,80.0,1.0,55.0,18.0
P02463,R02463,110.0,110.0,1.1,45.0,16.0
P02464,R02464,85.0,45.0,1.1,85.0,16.0
P02465,R02465,85.0,45.0,0.9,25.0,14.0
P02466,R02466,105.0,55.0,1.05,45.0,15.0
P02467,R02467,115.0,95.0,1.05,85.0,16.0
P02468,R02468,115.0,55.0,1.0,75.0,14.0
P02469,R02469,130.0,105.0,0.95,25.0,18.0
P02470,R02470,110.0,80.0,1.0,55.0,12.0
P02471,R02471,125.0,85.0,1.05,85.0,14.0
P02472,R02472,75.0,95.0,1.05,45.0,15.0
P02473,R02473,115.0,80.0,1.0,55.0,14.0
P02474,R02474,155.0,70.0,1.0,35.0,17.0
P02475,R02475,130.0,70.0,1.1,65.0,16.0
P02476,R02476,110.0,60.0,1.0,70.0,15.0
P02477,R02477,105.0,105.0,1.0,35.0,17.0
P02478,R02478,120.0,105.0,0.95,85.0,19.0
P02479,R02479,90.0,95.0,1.05,85.0,14.0
P02480,R02480,120.0,50.0,1.05,95.0,15.0
P02481,R02481,170.0,85.0,1.05,70.0,19.0
P02482,R02482,105.0,65.0,1.1,55.0,19.0
P02483,R02483,75.0,105.0,1.05,60.0,14.0
P02484,R02484,95.0,80.0,0.9,25.0,12.0
P02485,R02485,90.0,55.0,1.0,30.0,18.0
P02486,R02486,110.0,60.0,1.05,90.0,20.0
P02487,R02487,135.0,70.0,1.1,85.0,20.0
P02488,R02488,110.0,110.0,1.0,70.0,18.0
P02489,R02489,145.0,65.0,1.05,40.0,15.0
P02490,R02490,120.0,70.0,1.05,40.0,17.0
P02491,R02491,170.0,95.0,1.0,25.0,18.0
P02492,R02492,85.0,75.0,1.1,50.0,13.0
P02493,R02493,130.0,90.0,1.05,95.0,18.0
P02494,R02494,100.0,60.0,1.05,65.0,16.0
P02495,R02495,120.0,100.0,1.0,80.0,13.0
P02496,R02496,100.0,105.0,1.05,45.0,18.0
P02497,R02497,120.0,45.0,1.0,55.0,20.0
P02498,R02498,110.0,65.0,1.0,65.0,19.0
P02499,R02499,90.0,70.0,0.95,50.0,18.0
P02500,R02500,110.0,50.0,1.0,55.0,14.0
P02501,R02501,155.0,110.0,1.1,85.0,20.0
P02502,R02502,105.0,110.0,1.0,35.0,15.0
P02503,R02503,95.0,45.0,1.0,35.0,19.0
P02504,R02504,160.0,50.0,1.05,90.0,20.0
P02505,R02505,75.0,110.0,1.0,55.0,16.0
P02506,R02506,95.0,105.0,0.95,35.0,18.0
P02507,R02507,120.0,60.0,1.0,85.0,19.0
P02508,R02508,130.0,70.0,1.0,55.0,18.0
P02509,R02509,95.0,80.0,1.0,65.0,19.0
P02510,R02510,155.0,70.0,1.0,45.0,18.0
P02511,R02511,105.0,45.0,1.1,90.0,16.0
P02512,R02512,90.0,90.0,1.1,65.0,18.0
P02513,R02513,120.0,70.0,1.05,45.0,16.0
P02514,R02514,145.0,90.0,0.95,45.0,15.0
P02515,R02515,135.0,70.0,1.0,75.0,16.0
P02516,R02516,115.0,80.0,1.0,60.0,14.0
P02517,R02517,150.0,65.0,1.05,75.0,14.0
P02518,R02518,145.0,50.0,0.95,30.0,12.0
P02519,R02519,180.0,105.0,1.05,95.0,20.0
P02520,R02520,125.0,45.0,1.0,65.0,18.0
P02521,R02521,130.0,80.0,1.0,40.0,15.0
P02522,R02522,75.0,65.0,0.95,50.0,14.0
P02523,R02523,120.0,80.0,1.15,95.0,18.0
P02524,R02524,105.0,110.0,1.05,90.0,20.0
P02525,R02525,100.0,100.0,1.0,45.0,15.0
P02526,R02526,85.0,55.0,1.05,85.0,19.0
P02527,R02527,95.0,55.0,1.0,80.0,19.0
P02528,R02528,105.0,60.0,1.0,65.0,19.0
P02529,R02529,140.0,110.0,1.1,45.0,16.0
P02530,R02530,120.0,75.0,1.0,35.0,14.0
P02531,R02531,210.0,80.0,0.9,70.0,19.0
P02532,R02532,90.0,105.0,1.0,70.0,15.0
P02533,R02533,90.0,65.0,1.15,70.0,16.0
P02534,R02534,105.0,70.0,0.95,75.0,18.0
P02535,R02535,160.0,95.0,1.0,40.0,18.0
P02536,R02536,110.0,105.0,0.95,45.0,18.0
P02537,R02537,85.0,85.0,1.1,85.0,14.0
P02538,R02538,150.0,85.0,1.0,75.0,17.0
P02539,R02539,100.0,95.0,1.0,25.0,12.0
P02540,R02540,115.0,65.0,1.05,85.0,19.0
P02541,R02541,125.0,105.0,0.9,25.0,15.0
P02542,R02542,155.0,80.0,1.05,45.0,19.0
P02543,R02543,110.0,110.0,1.05,35.0,18.0
P02544,R02544,135.0,105.0,0.95,65.0,19.0
P02545,R02545,105.0,90.0,1.05,70.0,16.0
P02546,R02546,125.0,75.0,1.05,45.0,16.0
P02547,R02547,100.0,100.0,0.95,70.0,13.0
P02548,R02548,130.0,65.0,1.15,65.0,18.0
P02549,R02549,85.0,95.0,0.95,75.0,16.0
P02550,R02550,115.0,85.0,1.0,75.0,15.0
P02551,R02551,105.0,90.0,1.0,55.0,17.0
P02552,R02552,135.0,85.0,0.9,35.0,18.0
P02553,R02553,100.0,110.0,1.0,80.0,16.0
P02554,R02554,120.0,55.0,1.05,95.0,20.0
P02555,R02555,125.0,100.0,1.0,80.0,19.0
P02556,R02556,95.0,60.0,0.95,75.0,16.0
P02557,R02557,135.0,90.0,0.9,35.0,13.0
P02558,R02558,120.0,75.0,0.95,45.0,14.0
P02559,R02559,100.0,100.0,1.05,90.0,14.0
P02560,R02560,165.0,110.0,1.0,55.0,20.0
P02561,R02561,145.0,95.0,1.05,65.0,16.0
P02562,R02562,90.0,45.0,1.05,45.0,16.0
P02563,R02563,90.0,95.0,0.95,60.0,17.0
P02564,R02564,155.0,85.0,1.05,40.0,14.0
P02565,R02565,95.0,75.0,1.05,95.0,20.0
P02566,R02566,110.0,65.0,1.0,30.0,14.0
P02567,R02567,85.0,65.0,1.0,75.0,16.0
P02568,R02568,190.0,80.0,1.05,65.0,19.0
P02569,R02569,120.0,115.0,0.95,65.0,15.0
P02570,R02570,120.0,45.0,0.95,70.0,16.0
P02571,R02571,90.0,75.0,0.95,55.0,18.0
P02572,R02572,120.0,110.0,1.0,80.0,19.0
P02573,R02573,130.0,85.0,1.1,75.0,19.0
P02574,R02574,100.0,85.0,1.15,45.0,15.0
P02575,R02575,95.0,95.0,1.0,65.0,15.0
P02576,R02576,100.0,115.0,1.15,70.0,19.0
P02577,R02577,100.0,60.0,1.0,45.0,18.0
P02578,R02578,95.0,80.0,0.9,45.0,17.0
P02579,R02579,80.0,65.0,1.1,90.0,14.0
P02580,R02580,95.0,105.0,1.0,85.0,14.0
P02581,R02581,115.0,65.0,1.0,80.0,19.0
P02582,R02582,75.0,100.0,0.9,45.0,12.0
P02583,R02583,115.0,60.0,1.0,45.0,18.0
P02584,R02584,100.0,90.0,1.0,80.0,16.0
P02585,R02585,170.0,115.0,1.05,65.0,19.0
P02586,R02586,145.0,95.0,1.1,90.0,20.0
P02587,R02587,85.0,70.0,1.05,75.0,16.0
P02588,R02588,125.0,100.0,1.0,80.0,19.0
P02589,R02589,130.0,70.0,1.05,80.0,18.0
P02590,R02590,110.0,50.0,1.05,35.0,17.0
P02591,R02591,160.0,85.0,1.0,75.0,17.0
P02592,R02592,85.0,110.0,1.1,65.0,18.0
P02593,R02593,190.0,100.0,0.95,50.0,18.0
P02594,R02594,90.0,70.0,1.0,65.0,13.0
P02595,R02595,70.0,80.0,0.95,65.0,15.0
P02596,R02596,115.0,45.0,1.0,80.0,15.0
P02597,R02597,105.0,95.0,1.05,90.0,17.0
P02598,R02598,140.0,110.0,0.95,40.0,15.0
P02599,R02599,145.0,75.0,1.0,95.0,18.0
P02600,R02600,115.0,45.0,0.95,50.0,12.0
P02601,R02601,140.0,110.0,0.95,45.0,19.0
P02602,R02602,95.0,75.0,1.05,80.0,19.0
P02603,R02603,155.0,90.0,1.05,40.0,17.0
P02604,R02604,120.0,70.0,1.0,65.0,19.0
P02605,R02605,125.0,50.0,1.0,50.0,12.0
P02606,R02606,95.0,60.0,1.05,65.0,16.0
P02607,R02607,125.0,70.0,1.0,30.0,14.0
P02608,R02608,90.0,90.0,1.05,85.0,19.0
P02609,R02609,85.0,60.0,0.95,35.0,13.0
P02610,R02610,95.0,65.0,1.05,70.0,16.0
P02611,R02611,140.0,60.0,1.0,75.0,14.0
P02612,R02612,105.0,50.0,1.0,50.0,18.0
P02613,R02613,100.0,75.0,1.05,45.0,16.0
P02614,R02614,135.0,65.0,1.1,65.0,18.0
P02615,R02615,85.0,65.0,1.1,90.0,20.0
P02616,R02616,170.0,90.0,1.0,35.0,15.0
P02617,R02617,125.0,50.0,0.95,55.0,13.0
P02618,R02618,95.0,60.0,1.05,75.0,16.0
P02619,R02619,75.0,80.0,1.05,75.0,16.0
P02620,R02620,100.0,70.0,0.95,65.0,13.0
P02621,R02621,115.0,110.0,1.0,75.0,16.0
P02622,R02622,125.0,100.0,1.1,95.0,17.0
P02623,R02623,90.0,100.0,0.95,35.0,18.0
P02624,R02624,115.0,65.0,0.95,65.0,15.0
P02625,R02625,105.0,95.0,0.95,30.0,14.0
P02626,R02626,95.0,55.0,1.1,85.0,14.0
P02627,R02627,100.0,105.0,0.95,55.0,13.0
P02628,R02628,110.0,105.0,0.9,25.0,15.0
P02629,R02629,100.0,70.0,1.05,90.0,19.0
P02630,R02630,120.0,95.0,0.95,25.0,15.0
P02631,R02631,105.0,75.0,0.95,55.0,15.0
P02632,R02632,170.0,80.0,0.95,60.0,18.0
P02633,R02633,80.0,80.0,0.95,55.0,14.0
P02634,R02634,95.0,75.0,0.95,45.0,17.0
P02635,R02635,140.0,80.0,1.0,35.0,18.0
P02636,R02636,125.0,50.0,1.0,55.0,17.0
P02637,R02637,85.0,110.0,1.0,50.0,18.0
P02638,R02638,125.0,45.0,1.1,50.0,16.0
P02639,R02639,120.0,105.0,0.95,55.0,15.0
P02640,R02640,125.0,80.0,0.9,70.0,18.0
P02641,R02641,115.0,85.0,1.1,50.0,13.0
P02642,R02642,155.0,90.0,1.0,45.0,18.0
P02643,R02643,140.0,100.0,1.0,75.0,17.0
P02644,R02644,120.0,60.0,1.1,55.0,14.0
P02645,R02645,145.0,60.0,1.05,55.0,16.0
P02646,R02646,90.0,75.0,1.0,80.0,15.0
P02647,R02647,145.0,70.0,0.95,50.0,12.0
P02648,R02648,120.0,50.0,0.95,35.0,16.0
P02649,R02649,75.0,90.0,0.95,25.0,14.0
P02650,R02650,80.0,80.0,1.0,65.0,13.0
P02651,R02651,155.0,85.0,0.9,65.0,16.0
P02652,R02652,110.0,90.0,1.0,55.0,19.0
P02653,R02653,95.0,45.0,1.1,50.0,16.0
P02654,R02654,110.0,105.0,1.15,85.0,14.0
P02655,R02655,80.0,100.0,1.0,45.0,18.0
P02656,R02656,105.0,90.0,1.0,35.0,14.0
P02657,R02657,110.0,60.0,1.0,30.0,18.0
P02658,R02658,135.0,65.0,1.1,50.0,19.0
P02659,R02659,85.0,55.0,0.95,70.0,16.0
P02660,R02660,115.0,110.0,1.05,95.0,17.0
P02661,R02661,155.0,90.0,1.05,45.0,19.0
P02662,R02662,85.0,45.0,1.05,70.0,19.0
P02663,R02663,115.0,50.0,1.0,80.0,18.0
P02664,R02664,100.0,65.0,1.0,35.0,18.0
P02665,R02665,75.0,55.0,1.05,65.0,13.0
P02666,R02666,75.0,90.0,1.15,45.0,16.0
P02667,R02667,125.0,70.0,1.0,55.0,15.0
P02668,R02668,110.0,100.0,1.05,60.0,15.0
P02669,R02669,120.0,115.0,0.95,85.0,14.0
P02670,R02670,90.0,80.0,1.1,40.0,15.0
P02671,R02671,115.0,75.0,1.1,80.0,18.0
P02672,R02672,130.0,55.0,1.15,55.0,16.0
P02673,R02673,110.0,110.0,1.0,55.0,17.0
P02674,R02674,85.0,70.0,1.05,50.0,14.0
P02675,R02675,115.0,90.0,1.05,90.0,14.0
P02676,R02676,95.0,70.0,0.9,50.0,15.0
P02677,R02677,165.0,85.0,1.1,90.0,20.0
P02678,R02678,155.0,105.0,1.0,50.0,18.0
P02679,R02679,115.0,75.0,0.95,80.0,19.0
P02680,R02680,110.0,75.0,1.05,45.0,16.0
P02681,R02681,80.0,75.0,1.05,65.0,13.0
P02682,R02682,105.0,65.0,1.1,65.0,13.0
P02683,R02683,135.0,110.0,1.0,55.0,15.0
P02684,R02684,160.0,110.0,1.0,35.0,15.0
P02685,R02685,125.0,55.0,1.0,55.0,14.0
P02686,R02686,110.0,65.0,1.1,90.0,14.0
P02687,R02687,120.0,80.0,0.9,65.0,13.0
P02688,R02688,140.0,85.0,1.05,55.0,20.0
P02689,R02689,75.0,115.0,0.95,45.0,15.0
P02690,R02690,125.0,60.0,1.05,95.0,17.0
P02691,R02691,140.0,45.0,1.1,90.0,16.0
P02692,R02692,135.0,85.0,0.95,60.0,14.0
P02693,R02693,180.0,65.0,1.0,25.0,18.0
P02694,R02694,90.0,110.0,1.0,75.0,18.0
P02695,R02695,145.0,110.0,1.05,60.0,18.0
P02696,R02696,130.0,100.0,1.05,40.0,18.0
P02697,R02697,165.0,110.0,0.95,55.0,19.0
P02698,R02698,110.0,55.0,0.95,30.0,17.0
P02699,R02699,95.0,50.0,0.95,70.0,16.0
P02700,R02700,85.0,115.0,1.05,40.0,18.0
P02701,R02701,110.0,95.0,1.05,60.0,14.0
P02702,R02702,90.0,50.0,0.95,30.0,18.0
P02703,R02703,135.0,60.0,1.0,90.0,16.0
P02704,R02704,175.0,50.0,0.95,70.0,19.0
P02705,R02705,140.0,55.0,1.1,75.0,17.0
P02706,R02706,140.0,75.0,1.05,40.0,14.0
P02707,R02707,100.0,65.0,0.95,45.0,18.0
P02708,R02708,175.0,50.0,1.05,55.0,20.0
P02709,R02709,135.0,105.0,1.0,65.0,16.0
P02710,R02710,125.0,50.0,0.95,55.0,18.0
P02711,R02711,150.0,70.0,1.15,45.0,18.0
P02712,R02712,115.0,70.0,0.95,35.0,15.0
P02713,R02713,110.0,70.0,0.9,70.0,19.0
P02714,R02714,90.0,75.0,1.1,65.0,15.0
P02715,R02715,140.0,60.0,0.95,55.0,13.0
P02716,R02716,75.0,50.0,0.95,45.0,14.0
P02717,R02717,115.0,95.0,1.05,75.0,18.0
P02718,R02718,100.0,75.0,0.95,25.0,15.0
P02719,R02719,120.0,70.0,1.0,45.0,13.0
P02720,R02720,165.0,100.0,1.0,50.0,18.0
P02721,R02721,95.0,90.0,1.0,45.0,12.0
P02722,R02722,145.0,85.0,0.9,35.0,16.0
P02723,R02723,115.0,100.0,1.05,75.0,14.0
P02724,R02724,120.0,90.0,1.0,95.0,15.0
P02725,R02725,130.0,65.0,1.1,70.0,18.0
P02726,R02726,140.0,75.0,1.0,75.0,19.0
P02727,R02727,95.0,90.0,1.0,95.0,17.0
P02728,R02728,120.0,105.0,1.05,35.0,15.0
P02729,R02729,150.0,55.0,1.05,65.0,18.0
P02730,R02730,100.0,50.0,1.05,40.0,17.0
P02731,R02731,90.0,85.0,1.05,65.0,13.0
P02732,R02732,120.0,80.0,1.0,80.0,16.0
P02733,R02733,115.0,100.0,0.95,45.0,18.0
P02734,R02734,110.0,105.0,1.0,25.0,12.0
P02735,R02735,145.0,55.0,1.0,85.0,20.0
P02736,R02736,135.0,100.0,1.0,45.0,14.0
P02737,R02737,140.0,75.0,1.05,70.0,15.0
P02738,R02738,150.0,110.0,0.95,50.0,17.0
P02739,R02739,125.0,115.0,1.05,90.0,14.0
P02740,R02740,120.0,95.0,1.0,45.0,15.0
P02741,R02741,135.0,80.0,1.1,90.0,14.0
P02742,R02742,120.0,85.0,0.95,65.0,13.0
P02743,R02743,90.0,55.0,1.15,35.0,12.0
P02744,R02744,90.0,105.0,0.95,30.0,17.0
P02745,R02745,150.0,95.0,1.05,90.0,19.0
P02746,R02746,130.0,90.0,1.0,45.0,18.0
P02747,R02747,90.0,110.0,1.05,60.0,12.0
P02748,R02748,90.0,100.0,1.0,70.0,16.0
P02749,R02749,110.0,110.0,1.15,45.0,16.0
P02750,R02750,115.0,90.0,1.0,30.0,12.0
P02751,R02751,150.0,70.0,1.05,65.0,13.0
P02752,R02752,125.0,85.0,0.9,45.0,14.0
P02753,R02753,175.0,105.0,1.05,65.0,19.0
P02754,R02754,115.0,100.0,1.1,65.0,16.0
P02755,R02755,145.0,55.0,1.05,50.0,18.0
P02756,R02756,155.0,115.0,0.95,70.0,16.0
P02757,R02757,65.0,80.0,1.0,55.0,14.0
P02758,R02758,115.0,100.0,1.05,45.0,19.0
P02759,R02759,115.0,60.0,1.1,70.0,19.0
P02760,R02760,80.0,85.0,1.0,50.0,15.0
P02761,R02761,75.0,75.0,1.05,85.0,16.0
P02762,R02762,140.0,80.0,1.0,35.0,19.0
P02763,R02763,150.0,80.0,1.05,95.0,18.0
P02764,R02764,125.0,110.0,0.95,50.0,15.0
P02765,R02765,90.0,80.0,1.0,55.0,18.0
P02766,R02766,130.0,55.0,1.0,30.0,15.0
P02767,R02767,135.0,45.0,1.1,75.0,16.0
P02768,R02768,80.0,50.0,1.0,25.0,14.0
P02769,R02769,115.0,110.0,1.0,85.0,16.0
P02770,R02770,100.0,55.0,1.05,75.0,15.0
P02771,R02771,120.0,80.0,0.9,45.0,17.0
P02772,R02772,150.0,85.0,1.0,80.0,16.0
P02773,R02773,120.0,70.0,1.05,45.0,17.0
P02774,R02774,105.0,100.0,0.9,45.0,17.0
P02775,R02775,110.0,80.0,0.95,55.0,18.0
P02776,R02776,95.0,110.0,1.1,75.0,19.0
P02777,R02777,100.0,100.0,0.9,65.0,15.0
P02778,R02778,115.0,110.0,1.05,60.0,14.0
P02779,R02779,90.0,90.0,1.0,95.0,15.0
P02780,R02780,140.0,80.0,1.0,25.0,15.0
P02781,R02781,130.0,105.0,1.1,45.0,16.0
P02782,R02782,135.0,50.0,1.05,90.0,16.0
P02783,R02783,80.0,95.0,1.1,50.0,16.0
P02784,R02784,120.0,105.0,1.0,40.0,14.0
P02785,R02785,110.0,95.0,1.1,40.0,18.0
P02786,R02786,135.0,90.0,1.1,45.0,19.0
P02787,R02787,150.0,85.0,1.1,90.0,19.0
P02788,R02788,80.0,50.0,0.95,40.0,15.0
P02789,R02789,120.0,90.0,0.9,55.0,19.0
P02790,R02790,85.0,110.0,0.9,35.0,13.0
P02791,R02791,80.0,105.0,0.9,65.0,16.0
P02792,R02792,90.0,85.0,0.95,30.0,18.0
P02793,R02793,95.0,80.0,1.05,45.0,16.0
P02794,R02794,80.0,105.0,0.95,45.0,12.0
P02795,R02795,155.0,95.0,1.0,25.0,18.0
P02796,R02796,125.0,60.0,1.0,30.0,15.0
P02797,R02797,80.0,85.0,1.0,35.0,14.0
P02798,R02798,140.0,50.0,1.05,60.0,15.0
P02799,R02799,160.0,85.0,1.05,55.0,18.0
P02800,R02800,105.0,115.0,1.05,55.0,17.0
P02801,R02801,105.0,80.0,1.0,45.0,15.0
P02802,R02802,75.0,95.0,1.0,55.0,14.0
P02803,R02803,85.0,95.0,1.15,80.0,15.0
P02804,R02804,90.0,50.0,1.05,45.0,18.0
P02805,R02805,130.0,70.0,1.05,65.0,15.0
P02806,R02806,120.0,95.0,1.05,85.0,20.0
P02807,R02807,105.0,65.0,1.05,95.0,17.0
P02808,R02808,100.0,100.0,0.9,45.0,12.0
P02809,R02809,110.0,75.0,0.95,65.0,16.0
P02810,R02810,140.0,70.0,1.1,55.0,14.0
P02811,R02811,120.0,80.0,1.05,55.0,17.0
P02812,R02812,85.0,50.0,0.9,25.0,15.0
P02813,R02813,115.0,50.0,0.95,35.0,16.0
P02814,R02814,105.0,50.0,1.05,70.0,19.0
P02815,R02815,115.0,60.0,1.1,75.0,16.0
P02816,R02816,125.0,50.0,0.95,70.0,18.0
P02817,R02817,105.0,80.0,1.05,85.0,14.0
P02818,R02818,135.0,60.0,1.05,85.0,16.0
P02819,R02819,125.0,110.0,1.0,55.0,17.0
P02820,R02820,135.0,60.0,1.05,75.0,19.0
P02821,R02821,165.0,95.0,0.95,55.0,19.0
P02822,R02822,100.0,85.0,1.1,95.0,20.0
P02823,R02823,100.0,65.0,1.0,70.0,16.0
P02824,R02824,115.0,100.0,1.0,80.0,13.0
P02825,R02825,115.0,95.0,1.05,75.0,19.0
P02826,R02826,85.0,100.0,1.05,90.0,16.0
P02827,R02827,135.0,75.0,1.05,85.0,20.0
P02828,R02828,95.0,75.0,1.05,80.0,18.0
P02829,R02829,125.0,65.0,1.0,60.0,18.0
P02830,R02830,110.0,60.0,1.15,50.0,16.0
P02831,R02831,155.0,75.0,0.95,65.0,13.0
P02832,R02832,120.0,75.0,1.05,40.0,14.0
P02833,R02833,110.0,55.0,1.0,55.0,15.0
P02834,R02834,140.0,95.0,1.1,60.0,18.0
P02835,R02835,140.0,105.0,0.95,70.0,15.0
P02836,R02836,95.0,95.0,1.05,55.0,13.0
P02837,R02837,100.0,70.0,1.15,90.0,17.0
P02838,R02838,110.0,115.0,0.95,70.0,13.0
P02839,R02839,135.0,95.0,0.95,65.0,16.0
P02840,R02840,110.0,110.0,1.0,55.0,12.0
P02841,R02841,130.0,50.0,1.1,95.0,20.0
P02842,R02842,135.0,80.0,1.0,55.0,17.0
P02843,R02843,160.0,85.0,1.1,75.0,19.0
P02844,R02844,95.0,65.0,0.95,60.0,14.0
P02845,R02845,95.0,75.0,1.05,40.0,14.0
P02846,R02846,135.0,85.0,1.1,90.0,17.0
P02847,R02847,120.0,95.0,1.15,75.0,20.0
P02848,R02848,120.0,75.0,1.05,50.0,15.0
P02849,R02849,85.0,90.0,1.05,65.0,15.0
P02850,R02850,90.0,95.0,1.0,70.0,16.0
P02851,R02851,135.0,105.0,1.0,60.0,12.0
P02852,R02852,110.0,70.0,1.1,65.0,13.0
P02853,R02853,135.0,80.0,1.05,80.0,19.0
P02854,R02854,80.0,100.0,1.05,80.0,13.0
P02855,R02855,125.0,75.0,1.05,55.0,17.0
P02856,R02856,125.0,100.0,1.1,80.0,16.0
P02857,R02857,90.0,80.0,1.1,55.0,17.0
P02858,R02858,150.0,85.0,1.0,55.0,19.0
P02859,R02859,120.0,70.0,1.0,45.0,15.0
P02860,R02860,125.0,85.0,0.95,35.0,16.0
P02861,R02861,175.0,110.0,1.1,65.0,19.0
P02862,R02862,145.0,80.0,0.95,55.0,18.0
P02863,R02863,125.0,60.0,0.95,75.0,16.0
P02864,R02864,105.0,90.0,0.95,45.0,14.0
P02865,R02865,95.0,90.0,1.1,45.0,19.0
P02866,R02866,130.0,65.0,1.05,30.0,15.0
P02867,R02867,115.0,85.0,0.95,60.0,17.0
P02868,R02868,135.0,90.0,1.05,95.0,20.0
P02869,R02869,120.0,95.0,0.95,65.0,18.0
P02870,R02870,100.0,75.0,1.0,85.0,14.0
P02871,R02871,115.0,50.0,1.1,90.0,17.0
P02872,R02872,85.0,80.0,0.95,55.0,12.0
P02873,R02873,125.0,60.0,1.0,30.0,17.0
P02874,R02874,130.0,110.0,0.9,55.0,13.0
P02875,R02875,105.0,100.0,1.05,60.0,15.0
P02876,R02876,85.0,90.0,0.95,50.0,15.0
P02877,R02877,105.0,105.0,1.0,65.0,13.0
P02878,R02878,130.0,50.0,0.95,80.0,15.0
P02879,R02879,125.0,80.0,1.1,70.0,18.0
P02880,R02880,100.0,60.0,1.05,90.0,20.0
P02881,R02881,130.0,110.0,1.1,65.0,19.0
P02882,R02882,165.0,50.0,0.95,45.0,17.0
P02883,R02883,125.0,95.0,1.05,90.0,16.0
P02884,R02884,165.0,75.0,1.0,45.0,19.0
P02885,R02885,110.0,80.0,1.1,50.0,16.0
P02886,R02886,95.0,80.0,1.15,50.0,15.0
P02887,R02887,90.0,65.0,1.1,45.0,18.0
P02888,R02888,85.0,80.0,1.05,40.0,18.0
P02889,R02889,100.0,80.0,1.05,85.0,14.0
P02890,R02890,95.0,80.0,0.95,30.0,17.0
P02891,R02891,80.0,110.0,1.1,85.0,14.0
P02892,R02892,150.0,70.0,0.95,75.0,16.0
P02893,R02893,125.0,65.0,1.0,65.0,16.0
P02894,R02894,150.0,95.0,1.0,30.0,18.0
P02895,R02895,120.0,50.0,1.0,55.0,12.0
P02896,R02896,95.0,70.0,0.9,65.0,18.0
P02897,R02897,110.0,85.0,1.05,45.0,13.0
P02898,R02898,135.0,95.0,0.9,70.0,15.0
P02899,R02899,95.0,55.0,1.05,45.0,15.0
P02900,R02900,125.0,70.0,1.1,95.0,18.0
P02901,R02901,145.0,50.0,0.95,70.0,13.0
P02902,R02902,80.0,85.0,1.05,85.0,14.0
P02903,R02903,100.0,55.0,1.05,55.0,19.0
P02904,R02904,90.0,110.0,0.95,85.0,14.0
P02905,R02905,90.0,105.0,0.9,25.0,18.0
P02906,R02906,105.0,90.0,1.0,45.0,15.0
P02907,R02907,105.0,80.0,1.1,50.0,16.0
P02908,R02908,110.0,50.0,1.05,55.0,17.0
P02909,R02909,100.0,110.0,1.1,55.0,14.0
P02910,R02910,140.0,70.0,1.05,85.0,19.0
P02911,R02911,90.0,65.0,0.95,50.0,14.0
P02912,R02912,110.0,110.0,0.95,80.0,18.0
P02913,R02913,115.0,60.0,0.95,70.0,18.0
P02914,R02914,90.0,85.0,1.0,80.0,19.0
P02915,R02915,105.0,85.0,1.1,85.0,19.0
P02916,R02916,140.0,105.0,0.95,75.0,20.0
P02917,R02917,85.0,90.0,0.95,65.0,16.0
P02918,R02918,100.0,85.0,1.0,80.0,15.0
P02919,R02919,125.0,70.0,1.1,40.0,15.0
P02920,R02920,115.0,50.0,1.05,80.0,13.0
P02921,R02921,150.0,110.0,1.1,50.0,18.0
P02922,R02922,140.0,65.0,1.0,70.0,15.0
P02923,R02923,105.0,70.0,1.0,50.0,12.0
P02924,R02924,110.0,90.0,1.0,65.0,15.0
P02925,R02925,135.0,85.0,1.0,70.0,16.0
P02926,R02926,105.0,90.0,1.05,55.0,18.0
P02927,R02927,135.0,105.0,1.1,90.0,16.0
P02928,R02928,80.0,50.0,1.1,35.0,15.0
P02929,R02929,125.0,105.0,1.1,45.0,18.0
P02930,R02930,90.0,60.0,0.9,75.0,17.0
P02931,R02931,145.0,100.0,0.95,50.0,17.0
P02932,R02932,145.0,100.0,1.05,50.0,18.0
P02933,R02933,105.0,60.0,1.05,40.0,14.0
P02934,R02934,110.0,60.0,1.05,55.0,19.0
P02935,R02935,115.0,70.0,1.0,75.0,16.0
P02936,R02936,120.0,90.0,1.0,70.0,15.0
P02937,R02937,85.0,80.0,1.05,85.0,16.0
P02938,R02938,145.0,100.0,1.0,65.0,15.0
P02939,R02939,120.0,65.0,1.0,45.0,14.0
P02940,R02940,80.0,90.0,1.15,50.0,13.0
P02941,R02941,130.0,95.0,1.1,55.0,16.0
P02942,R02942,115.0,105.0,1.05,95.0,17.0
P02943,R02943,115.0,110.0,1.0,70.0,18.0
P02944,R02944,130.0,70.0,1.05,65.0,13.0
P02945,R02945,115.0,100.0,1.0,70.0,18.0
P02946,R02946,100.0,95.0,0.95,35.0,12.0
P02947,R02947,90.0,100.0,1.05,45.0,18.0
P02948,R02948,110.0,85.0,1.1,70.0,15.0
P02949,R02949,75.0,100.0,0.95,75.0,13.0
P02950,R02950,90.0,100.0,0.9,50.0,14.0
P02951,R02951,145.0,50.0,1.05,70.0,16.0
P02952,R02952,100.0,70.0,1.0,95.0,15.0
P02953,R02953,110.0,90.0,1.15,95.0,17.0
P02954,R02954,130.0,65.0,1.05,60.0,12.0
P02955,R02955,125.0,85.0,0.95,80.0,13.0
P02956,R02956,100.0,80.0,1.0,50.0,15.0
P02957,R02957,95.0,60.0,1.0,65.0,15.0
P02958,R02958,110.0,75.0,1.15,50.0,13.0
P02959,R02959,115.0,100.0,1.0,55.0,13.0
P02960,R02960,105.0,50.0,0.95,55.0,19.0
P02961,R02961,110.0,85.0,1.05,50.0,15.0
P02962,R02962,115.0,55.0,1.05,40.0,12.0
P02963,R02963,110.0,95.0,1.05,60.0,14.0
P02964,R02964,140.0,110.0,1.05,55.0,15.0
P02965,R02965,110.0,55.0,0.9,70.0,18.0
P02966,R02966,115.0,65.0,0.95,75.0,15.0
P02967,R02967,110.0,50.0,1.0,70.0,15.0
P02968,R02968,120.0,100.0,1.05,85.0,17.0
P02969,R02969,95.0,60.0,1.0,80.0,13.0
P02970,R02970,120.0,110.0,0.95,75.0,18.0
P02971,R02971,110.0,45.0,1.1,95.0,18.0
P02972,R02972,95.0,75.0,1.0,70.0,15.0
P02973,R02973,90.0,95.0,1.05,85.0,20.0
P02974,R02974,140.0,65.0,1.15,90.0,19.0
P02975,R02975,150.0,55.0,1.0,45.0,17.0
P02976,R02976,125.0,90.0,1.05,70.0,16.0
P02977,R02977,110.0,50.0,0.95,60.0,17.0
P02978,R02978,150.0,75.0,0.9,50.0,15.0
P02979,R02979,130.0,65.0,1.05,65.0,19.0
P02980,R02980,125.0,45.0,1.1,45.0,19.0
P02981,R02981,95.0,55.0,1.05,45.0,13.0
P02982,R02982,75.0,90.0,1.1,70.0,18.0
P02983,R02983,160.0,80.0,1.0,65.0,16.0
P02984,R02984,130.0,100.0,1.0,75.0,16.0
P02985,R02985,85.0,110.0,1.0,80.0,13.0
P02986,R02986,135.0,105.0,1.0,35.0,12.0
P02987,R02987,115.0,55.0,1.0,55.0,19.0
P02988,R02988,85.0,75.0,1.05,65.0,15.0
P02989,R02989,100.0,110.0,1.05,85.0,20.0
P02990,R02990,130.0,70.0,1.0,50.0,18.0
P02991,R02991,95.0,60.0,0.9,65.0,18.0
P02992,R02992,90.0,60.0,1.0,40.0,18.0
P02993,R02993,140.0,50.0,1.0,85.0,19.0
P02994,R02994,125.0,95.0,1.0,35.0,18.0
P02995,R02995,140.0,75.0,0.9,35.0,19.0
P02996,R02996,150.0,90.0,1.0,55.0,17.0
P02997,R02997,115.0,60.0,1.05,95.0,17.0
P02998,R02998,125.0,80.0,0.95,35.0,14.0
P02999,R02999,85.0,95.0,0.95,55.0,18.0
P03000,R03000,140.0,95.0,1.05,90.0,16.0
P03001,R03001,135.0,55.0,1.0,65.0,16.0
P03002,R03002,105.0,90.0,1.0,75.0,15.0
P03003,R03003,110.0,105.0,1.15,75.0,17.0
P03004,R03004,110.0,85.0,0.95,80.0,13.0
P03005,R03005,95.0,45.0,1.05,85.0,19.0
P03006,R03006,120.0,90.0,1.05,80.0,13.0
P03007,R03007,115.0,60.0,1.05,45.0,13.0
P03008,R03008,110.0,115.0,0.95,40.0,14.0
P03009,R03009,90.0,100.0,1.0,80.0,18.0
P03010,R03010,95.0,115.0,0.95,40.0,12.0
P03011,R03011,100.0,65.0,1.1,75.0,19.0
P03012,R03012,90.0,95.0,0.9,70.0,19.0
P03013,R03013,140.0,60.0,0.95,50.0,18.0
P03014,R03014,145.0,110.0,1.0,85.0,20.0
P03015,R03015,125.0,95.0,1.0,40.0,18.0
P03016,R03016,115.0,70.0,1.0,35.0,13.0
P03017,R03017,90.0,55.0,0.95,75.0,19.0
P03018,R03018,95.0,65.0,0.95,50.0,17.0
P03019,R03019,75.0,80.0,1.0,50.0,14.0
P03020,R03020,125.0,85.0,1.0,30.0,17.0
P03021,R03021,150.0,75.0,0.95,85.0,20.0
P03022,R03022,90.0,100.0,1.05,45.0,16.0
P03023,R03023,100.0,95.0,1.1,85.0,17.0
P03024,R03024,125.0,110.0,1.05,40.0,14.0
P03025,R03025,95.0,110.0,1.1,45.0,18.0
P03026,R03026,95.0,100.0,1.05,40.0,14.0
P03027,R03027,140.0,50.0,1.1,70.0,18.0
P03028,R03028,145.0,90.0,1.05,35.0,17.0
P03029,R03029,160.0,100.0,1.05,35.0,18.0
P03030,R03030,80.0,85.0,1.1,65.0,15.0
P03031,R03031,85.0,95.0,1.0,30.0,14.0
P03032,R03032,80.0,70.0,1.05,40.0,14.0
P03033,R03033,75.0,90.0,1.05,65.0,13.0
P03034,R03034,125.0,90.0,0.95,65.0,18.0
P03035,R03035,110.0,80.0,0.95,45.0,18.0
P03036,R03036,135.0,105.0,1.05,85.0,19.0
P03037,R03037,125.0,45.0,1.05,70.0,13.0
P03038,R03038,110.0,60.0,1.05,65.0,15.0
P03039,R03039,110.0,65.0,1.0,85.0,17.0
P03040,R03040,130.0,95.0,0.9,35.0,16.0
P03041,R03041,110.0,45.0,0.9,35.0,18.0
P03042,R03042,95.0,110.0,0.9,30.0,18.0
P03043,R03043,80.0,70.0,0.95,25.0,18.0
P03044,R03044,130.0,110.0,1.1,45.0,16.0
P03045,R03045,120.0,90.0,0.95,75.0,14.0
P03046,R03046,110.0,45.0,1.0,40.0,15.0
P03047,R03047,140.0,60.0,1.0,55.0,18.0
P03048,R03048,90.0,90.0,1.1,45.0,13.0
P03049,R03049,140.0,105.0,1.05,55.0,20.0
P03050,R03050,125.0,100.0,0.95,55.0,13.0
P03051,R03051,100.0,70.0,1.0,55.0,18.0
P03052,R03052,145.0,65.0,0.95,65.0,18.0
P03053,R03053,115.0,80.0,1.0,45.0,18.0
P03054,R03054,115.0,50.0,1.1,75.0,15.0
P03055,R03055,110.0,90.0,1.05,95.0,15.0
P03056,R03056,135.0,55.0,1.1,75.0,19.0
P03057,R03057,85.0,100.0,0.95,25.0,15.0
P03058,R03058,85.0,60.0,0.95,30.0,15.0
P03059,R03059,130.0,50.0,1.0,75.0,18.0
P03060,R03060,125.0,105.0,1.05,95.0,18.0
P03061,R03061,85.0,85.0,1.05,65.0,13.0
P03062,R03062,90.0,75.0,1.0,40.0,17.0
P03063,R03063,90.0,80.0,1.1,75.0,16.0
P03064,R03064,115.0,80.0,1.1,50.0,15.0
P03065,R03065,130.0,65.0,1.05,65.0,19.0
P03066,R03066,110.0,65.0,1.1,70.0,15.0
P03067,R03067,115.0,75.0,0.95,30.0,14.0
P03068,R03068,85.0,95.0,1.05,80.0,13.0
P03069,R03069,125.0,60.0,1.0,65.0,16.0
P03070,R03070,125.0,50.0,1.05,50.0,13.0
P03071,R03071,100.0,105.0,1.0,65.0,13.0
P03072,R03072,145.0,80.0,0.95,30.0,12.0
P03073,R03073,180.0,80.0,0.95,75.0,19.0
P03074,R03074,135.0,55.0,0.9,65.0,13.0
P03075,R03075,120.0,70.0,1.05,55.0,18.0
P03076,R03076,80.0,90.0,1.05,55.0,17.0
P03077,R03077,95.0,100.0,1.0,45.0,16.0
P03078,R03078,85.0,105.0,1.1,65.0,15.0
P03079,R03079,165.0,115.0,1.1,75.0,17.0
P03080,R03080,80.0,105.0,1.05,80.0,15.0
P03081,R03081,130.0,50.0,1.05,50.0,18.0
P03082,R03082,140.0,55.0,1.0,95.0,20.0
P03083,R03083,100.0,60.0,1.0,65.0,18.0
P03084,R03084,170.0,90.0,1.0,30.0,15.0
P03085,R03085,165.0,55.0,0.9,30.0,17.0
P03086,R03086,165.0,90.0,1.1,55.0,20.0
P03087,R03087,105.0,100.0,0.95,25.0,15.0
P03088,R03088,95.0,60.0,1.05,35.0,15.0
P03089,R03089,130.0,85.0,1.05,45.0,19.0
P03090,R03090,95.0,70.0,1.1,75.0,16.0
P03091,R03091,135.0,45.0,0.95,85.0,20.0
P03092,R03092,155.0,105.0,1.0,85.0,16.0
P03093,R03093,90.0,90.0,1.0,40.0,14.0
P03094,R03094,130.0,105.0,1.0,35.0,14.0
P03095,R03095,105.0,50.0,1.1,50.0,18.0
P03096,R03096,105.0,90.0,0.95,35.0,18.0
P03097,R03097,90.0,55.0,1.1,95.0,15.0
P03098,R03098,150.0,110.0,1.0,60.0,17.0
P03099,R03099,95.0,45.0,1.05,75.0,19.0
P03100,R03100,105.0,80.0,1.05,80.0,15.0
P03101,R03101,105.0,105.0,1.0,35.0,12.0
P03102,R03102,80.0,105.0,0.95,65.0,13.0
P03103,R03103,80.0,90.0,1.1,45.0,15.0
P03104,R03104,90.0,110.0,1.05,95.0,15.0
P03105,R03105,80.0,105.0,1.05,55.0,14.0
P03106,R03106,80.0,85.0,0.9,75.0,16.0
P03107,R03107,160.0,110.0,0.95,50.0,15.0
P03108,R03108,85.0,110.0,1.0,70.0,16.0
P03109,R03109,110.0,110.0,0.95,50.0,14.0
P03110,R03110,100.0,70.0,1.1,35.0,15.0
P03111,R03111,90.0,80.0,1.05,55.0,20.0
P03112,R03112,130.0,85.0,1.1,85.0,19.0
P03113,R03113,105.0,80.0,1.15,55.0,19.0
P03114,R03114,155.0,110.0,1.05,70.0,19.0
P03115,R03115,95.0,45.0,1.1,85.0,14.0
P03116,R03116,95.0,85.0,1.05,70.0,15.0
P03117,R03117,150.0,95.0,0.95,45.0,15.0
P03118,R03118,90.0,75.0,1.0,25.0,12.0
P03119,R03119,110.0,75.0,1.1,90.0,17.0
P03120,R03120,95.0,90.0,1.0,65.0,13.0
P03121,R03121,150.0,50.0,1.0,70.0,18.0
P03122,R03122,95.0,100.0,1.05,45.0,16.0
P03123,R03123,155.0,55.0,1.05,30.0,15.0
P03124,R03124,90.0,90.0,0.9,35.0,13.0
P03125,R03125,170.0,50.0,1.0,45.0,19.0
P03126,R03126,80.0,45.0,1.1,70.0,16.0
P03127,R03127,110.0,60.0,0.9,55.0,15.0
P03128,R03128,100.0,50.0,0.95,85.0,17.0
P03129,R03129,155.0,75.0,1.1,35.0,17.0
P03130,R03130,140.0,100.0,0.95,50.0,18.0
P03131,R03131,125.0,95.0,1.05,40.0,12.0
P03132,R03132,100.0,95.0,0.9,45.0,12.0
P03133,R03133,110.0,70.0,1.0,80.0,15.0
P03134,R03134,110.0,55.0,1.0,65.0,13.0
P03135,R03135,120.0,75.0,1.0,75.0,14.0
P03136,R03136,110.0,90.0,1.1,95.0,15.0
P03137,R03137,80.0,90.0,1.05,45.0,15.0
P03138,R03138,110.0,85.0,0.95,25.0,14.0
P03139,R03139,140.0,50.0,1.1,40.0,18.0
P03140,R03140,100.0,110.0,0.95,25.0,17.0
P03141,R03141,90.0,70.0,0.9,25.0,18.0
P03142,R03142,85.0,100.0,1.05,65.0,16.0
P03143,R03143,105.0,100.0,0.95,45.0,14.0
P03144,R03144,130.0,80.0,1.05,55.0,12.0
P03145,R03145,150.0,65.0,1.0,25.0,15.0
P03146,R03146,135.0,90.0,0.9,45.0,15.0
P03147,R03147,140.0,80.0,1.0,35.0,15.0
P03148,R03148,135.0,100.0,1.1,85.0,14.0
P03149,R03149,125.0,105.0,1.1,75.0,14.0
P03150,R03150,95.0,105.0,1.05,60.0,14.0
P03151,R03151,130.0,70.0,0.9,50.0,15.0
P03152,R03152,110.0,55.0,0.95,25.0,17.0
P03153,R03153,130.0,45.0,1.0,55.0,18.0
P03154,R03154,85.0,50.0,0.95,45.0,18.0
P03155,R03155,90.0,75.0,0.95,75.0,14.0
P03156,R03156,125.0,110.0,1.05,55.0,16.0
P03157,R03157,125.0,85.0,1.05,35.0,18.0
P03158,R03158,100.0,65.0,1.05,75.0,20.0
P03159,R03159,80.0,80.0,1.1,65.0,16.0
P03160,R03160,95.0,105.0,1.05,60.0,12.0
P03161,R03161,75.0,100.0,0.95,65.0,16.0
P03162,R03162,110.0,60.0,1.05,45.0,13.0
P03163,R03163,95.0,105.0,1.0,85.0,14.0
P03164,R03164,80.0,60.0,1.05,35.0,14.0
P03165,R03165,115.0,50.0,1.05,75.0,19.0
P03166,R03166,160.0,60.0,1.0,55.0,19.0
P03167,R03167,105.0,75.0,1.1,95.0,15.0
P03168,R03168,130.0,50.0,1.0,95.0,15.0
P03169,R03169,100.0,105.0,1.05,45.0,16.0
P03170,R03170,90.0,50.0,1.1,70.0,13.0
P03171,R03171,110.0,80.0,1.0,55.0,15.0
P03172,R03172,95.0,65.0,1.05,75.0,16.0
P03173,R03173,75.0,75.0,1.05,70.0,15.0
P03174,R03174,100.0,60.0,1.05,80.0,16.0
P03175,R03175,75.0,60.0,1.05,85.0,14.0
P03176,R03176,95.0,45.0,0.95,75.0,16.0
P03177,R03177,120.0,55.0,0.95,65.0,18.0
P03178,R03178,80.0,55.0,1.0,60.0,14.0
P03179,R03179,85.0,75.0,1.05,70.0,13.0
P03180,R03180,100.0,45.0,1.1,85.0,17.0
P03181,R03181,170.0,80.0,1.05,65.0,18.0
P03182,R03182,80.0,75.0,1.05,55.0,14.0
P03183,R03183,135.0,95.0,1.0,45.0,15.0
P03184,R03184,205.0,110.0,1.1,80.0,19.0
P03185,R03185,115.0,100.0,1.0,55.0,16.0
P03186,R03186,110.0,55.0,1.0,75.0,17.0
P03187,R03187,150.0,65.0,1.0,45.0,18.0
P03188,R03188,80.0,95.0,1.05,90.0,14.0
P03189,R03189,180.0,90.0,0.9,50.0,18.0
P03190,R03190,95.0,75.0,1.0,75.0,16.0
P03191,R03191,90.0,90.0,1.0,85.0,14.0
P03192,R03192,100.0,75.0,1.0,70.0,19.0
P03193,R03193,100.0,110.0,0.95,35.0,13.0
P03194,R03194,140.0,60.0,1.05,95.0,17.0
P03195,R03195,165.0,105.0,1.0,40.0,15.0
P03196,R03196,130.0,80.0,1.0,85.0,16.0
P03197,R03197,105.0,60.0,0.95,80.0,15.0
P03198,R03198,115.0,80.0,1.0,50.0,16.0
P03199,R03199,125.0,70.0,1.0,95.0,17.0
P03200,R03200,115.0,100.0,1.0,30.0,18.0
P03201,R03201,110.0,70.0,1.0,60.0,15.0
P03202,R03202,125.0,55.0,0.95,60.0,17.0
P03203,R03203,110.0,85.0,1.05,50.0,15.0
P03204,R03204,115.0,105.0,0.95,75.0,15.0
P03205,R03205,135.0,85.0,1.0,55.0,16.0
P03206,R03206,100.0,105.0,1.15,50.0,13.0
P03207,R03207,95.0,60.0,1.1,75.0,14.0
P03208,R03208,130.0,45.0,0.9,55.0,18.0
P03209,R03209,95.0,85.0,1.0,55.0,16.0
P03210,R03210,155.0,100.0,0.95,80.0,19.0
P03211,R03211,120.0,75.0,1.1,65.0,13.0
P03212,R03212,110.0,105.0,1.1,95.0,18.0
P03213,R03213,105.0,95.0,1.0,35.0,15.0
P03214,R03214,150.0,85.0,1.1,95.0,20.0
P03215,R03215,145.0,50.0,1.1,85.0,14.0
P03216,R03216,85.0,100.0,0.95,80.0,18.0
P03217,R03217,130.0,75.0,1.05,65.0,19.0
P03218,R03218,85.0,55.0,0.9,25.0,18.0
P03219,R03219,110.0,105.0,1.0,45.0,15.0
P03220,R03220,95.0,85.0,1.05,60.0,17.0
P03221,R03221,130.0,105.0,1.0,80.0,15.0
P03222,R03222,110.0,115.0,0.95,50.0,12.0
P03223,R03223,85.0,105.0,1.05,70.0,18.0
P03224,R03224,85.0,80.0,1.05,85.0,14.0
P03225,R03225,130.0,100.0,1.05,85.0,14.0
P03226,R03226,70.0,110.0,1.05,70.0,16.0
P03227,R03227,115.0,75.0,1.05,45.0,16.0
P03228,R03228,125.0,70.0,1.0,85.0,19.0
P03229,R03229,105.0,55.0,1.0,90.0,16.0
P03230,R03230,105.0,55.0,1.0,45.0,18.0
P03231,R03231,140.0,90.0,1.0,40.0,15.0
P03232,R03232,100.0,75.0,0.95,55.0,13.0
P03233,R03233,105.0,55.0,1.05,55.0,14.0
P03234,R03234,170.0,80.0,1.1,75.0,19.0
P03235,R03235,155.0,65.0,1.0,55.0,16.0
P03236,R03236,135.0,75.0,1.0,80.0,19.0
P03237,R03237,85.0,75.0,0.95,55.0,13.0
P03238,R03238,115.0,95.0,1.0,65.0,18.0
P03239,R03239,135.0,65.0,1.05,50.0,15.0
P03240,R03240,85.0,90.0,0.95,45.0,17.0
P03241,R03241,80.0,110.0,1.1,50.0,16.0
P03242,R03242,110.0,60.0,1.0,85.0,14.0
P03243,R03243,110.0,65.0,1.05,65.0,13.0
P03244,R03244,80.0,80.0,1.05,65.0,16.0
P03245,R03245,100.0,50.0,1.0,55.0,16.0
P03246,R03246,105.0,95.0,1.1,45.0,13.0
P03247,R03247,135.0,110.0,1.0,75.0,19.0
P03248,R03248,110.0,70.0,1.0,60.0,15.0
P03249,R03249,105.0,100.0,1.0,60.0,12.0
P03250,R03250,95.0,85.0,0.95,65.0,15.0
P03251,R03251,175.0,60.0,1.0,45.0,19.0
P03252,R03252,115.0,75.0,1.0,60.0,15.0
P03253,R03253,80.0,110.0,1.05,65.0,13.0
P03254,R03254,95.0,60.0,1.0,40.0,15.0
P03255,R03255,100.0,45.0,0.9,30.0,14.0
P03256,R03256,125.0,105.0,0.9,30.0,15.0
P03257,R03257,125.0,100.0,1.05,90.0,19.0
P03258,R03258,115.0,80.0,1.1,95.0,15.0
P03259,R03259,130.0,95.0,1.0,65.0,18.0
P03260,R03260,105.0,105.0,1.05,75.0,19.0
P03261,R03261,125.0,75.0,1.05,70.0,16.0
P03262,R03262,105.0,60.0,1.05,90.0,17.0
P03263,R03263,85.0,55.0,1.05,65.0,13.0
P03264,R03264,135.0,55.0,0.9,75.0,16.0
P03265,R03265,105.0,65.0,1.05,65.0,13.0
P03266,R03266,105.0,100.0,0.9,55.0,16.0
P03267,R03267,115.0,75.0,0.95,60.0,18.0
P03268,R03268,100.0,90.0,1.0,70.0,13.0
P03269,R03269,100.0,90.0,1.05,65.0,16.0
P03270,R03270,120.0,45.0,1.0,30.0,15.0
P03271,R03271,110.0,100.0,1.0,35.0,15.0
P03272,R03272,130.0,50.0,1.05,65.0,15.0
P03273,R03273,140.0,60.0,1.1,90.0,19.0
P03274,R03274,105.0,70.0,1.0,30.0,18.0
P03275,R03275,110.0,80.0,1.1,45.0,18.0
P03276,R03276,100.0,60.0,1.1,65.0,15.0
P03277,R03277,95.0,95.0,1.0,70.0,16.0
P03278,R03278,100.0,105.0,1.0,75.0,14.0
P03279,R03279,130.0,105.0,1.05,30.0,14.0
P03280,R03280,130.0,95.0,1.1,65.0,19.0
P03281,R03281,95.0,95.0,1.0,30.0,12.0
P03282,R03282,115.0,65.0,1.0,65.0,16.0
P03283,R03283,100.0,75.0,1.0,65.0,16.0
P03284,R03284,100.0,105.0,1.0,45.0,19.0
P03285,R03285,100.0,110.0,1.05,85.0,16.0
P03286,R03286,125.0,75.0,0.95,75.0,13.0
P03287,R03287,90.0,50.0,1.05,45.0,15.0
P03288,R03288,170.0,60.0,0.95,70.0,19.0
P03289,R03289,110.0,65.0,0.9,35.0,16.0
P03290,R03290,150.0,85.0,0.95,80.0,13.0
P03291,R03291,140.0,85.0,1.1,65.0,19.0
P03292,R03292,80.0,85.0,1.0,55.0,18.0
P03293,R03293,130.0,90.0,1.0,75.0,18.0
P03294,R03294,85.0,75.0,0.95,30.0,14.0
P03295,R03295,115.0,65.0,1.0,65.0,19.0
P03296,R03296,85.0,95.0,1.1,55.0,16.0
P03297,R03297,110.0,70.0,1.05,75.0,19.0
P03298,R03298,150.0,90.0,1.0,45.0,16.0
P03299,R03299,155.0,95.0,1.05,45.0,19.0
P03300,R03300,90.0,75.0,1.1,30.0,18.0
P03301,R03301,75.0,70.0,0.95,45.0,12.0
P03302,R03302,120.0,90.0,1.0,95.0,20.0
P03303,R03303,105.0,95.0,0.95,65.0,15.0
P03304,R03304,95.0,115.0,1.0,55.0,12.0
P03305,R03305,80.0,50.0,1.1,90.0,19.0
P03306,R03306,95.0,90.0,1.05,50.0,12.0
P03307,R03307,155.0,105.0,1.1,50.0,18.0
P03308,R03308,75.0,85.0,1.05,65.0,18.0
P03309,R03309,140.0,50.0,0.95,70.0,13.0
P03310,R03310,90.0,110.0,0.95,85.0,16.0
P03311,R03311,95.0,50.0,1.1,85.0,20.0
P03312,R03312,165.0,65.0,1.1,45.0,16.0
P03313,R03313,90.0,110.0,1.0,35.0,13.0
P03314,R03314,125.0,100.0,1.0,85.0,20.0
P03315,R03315,85.0,100.0,1.0,30.0,14.0
P03316,R03316,105.0,55.0,0.9,35.0,13.0
P03317,R03317,155.0,100.0,1.1,70.0,13.0
P03318,R03318,115.0,85.0,1.05,90.0,20.0
P03319,R03319,95.0,50.0,1.1,50.0,15.0
P03320,R03320,140.0,75.0,1.05,75.0,16.0
P03321,R03321,165.0,65.0,1.05,30.0,18.0
P03322,R03322,140.0,50.0,1.1,55.0,15.0
P03323,R03323,135.0,55.0,1.0,45.0,15.0
P03324,R03324,125.0,115.0,1.0,45.0,16.0
P03325,R03325,75.0,100.0,1.0,35.0,14.0
P03326,R03326,105.0,50.0,1.1,95.0,15.0
P03327,R03327,140.0,70.0,1.15,50.0,19.0
P03328,R03328,180.0,45.0,0.95,55.0,19.0
P03329,R03329,135.0,80.0,1.05,80.0,19.0
P03330,R03330,135.0,90.0,1.05,70.0,13.0
P03331,R03331,80.0,100.0,1.05,60.0,17.0
P03332,R03332,85.0,100.0,1.0,75.0,15.0
P03333,R03333,125.0,70.0,1.05,75.0,15.0
P03334,R03334,100.0,55.0,1.0,90.0,20.0
P03335,R03335,85.0,100.0,1.15,85.0,17.0
P03336,R03336,190.0,70.0,1.05,75.0,19.0
P03337,R03337,90.0,75.0,1.05,45.0,15.0
P03338,R03338,135.0,95.0,1.0,35.0,13.0
P03339,R03339,90.0,80.0,1.1,65.0,13.0
P03340,R03340,85.0,100.0,1.05,55.0,14.0
P03341,R03341,100.0,55.0,1.15,85.0,16.0
P03342,R03342,115.0,110.0,1.1,45.0,15.0
P03343,R03343,115.0,100.0,1.0,30.0,17.0
P03344,R03344,155.0,115.0,1.0,75.0,15.0
P03345,R03345,165.0,115.0,0.9,30.0,18.0
P03346,R03346,135.0,50.0,1.15,90.0,16.0
P03347,R03347,120.0,60.0,1.0,55.0,15.0
P03348,R03348,145.0,110.0,1.05,55.0,16.0
P03349,R03349,105.0,115.0,1.05,45.0,15.0
P03350,R03350,115.0,100.0,1.0,85.0,20.0
P03351,R03351,125.0,70.0,0.95,55.0,13.0
P03352,R03352,115.0,100.0,1.05,40.0,14.0
P03353,R03353,150.0,45.0,1.0,55.0,19.0
P03354,R03354,130.0,75.0,1.05,45.0,16.0
P03355,R03355,85.0,85.0,1.05,65.0,13.0
P03356,R03356,145.0,110.0,1.05,65.0,18.0
P03357,R03357,130.0,50.0,1.05,45.0,19.0
P03358,R03358,175.0,105.0,0.95,55.0,18.0
P03359,R03359,85.0,80.0,1.0,65.0,16.0
P03360,R03360,85.0,55.0,0.95,65.0,15.0
P03361,R03361,135.0,80.0,1.15,55.0,17.0
P03362,R03362,140.0,110.0,1.1,85.0,20.0
P03363,R03363,135.0,60.0,1.05,85.0,16.0
P03364,R03364,100.0,105.0,1.0,65.0,19.0
P03365,R03365,145.0,90.0,1.1,90.0,14.0
P03366,R03366,140.0,80.0,1.0,70.0,18.0
P03367,R03367,145.0,70.0,1.05,30.0,18.0
P03368,R03368,100.0,85.0,1.05,60.0,17.0
P03369,R03369,90.0,100.0,1.05,65.0,13.0
P03370,R03370,155.0,90.0,0.95,45.0,18.0
P03371,R03371,85.0,55.0,1.1,55.0,14.0
P03372,R03372,105.0,110.0,1.05,90.0,16.0
P03373,R03373,100.0,115.0,1.05,60.0,15.0
P03374,R03374,105.0,65.0,1.0,30.0,15.0
P03375,R03375,125.0,105.0,1.0,85.0,14.0
P03376,R03376,110.0,100.0,1.1,65.0,18.0
P03377,R03377,105.0,55.0,0.95,70.0,16.0
P03378,R03378,95.0,95.0,1.0,85.0,19.0
P03379,R03379,155.0,55.0,0.9,75.0,16.0
P03380,R03380,95.0,75.0,1.05,65.0,15.0
P03381,R03381,85.0,55.0,1.0,40.0,17.0
P03382,R03382,105.0,110.0,1.0,45.0,19.0
P03383,R03383,115.0,70.0,1.05,65.0,19.0
P03384,R03384,125.0,65.0,1.0,65.0,19.0
P03385,R03385,105.0,70.0,1.0,45.0,17.0
P03386,R03386,140.0,45.0,1.0,55.0,17.0
P03387,R03387,105.0,55.0,0.95,65.0,13.0
P03388,R03388,75.0,105.0,1.0,65.0,13.0
P03389,R03389,90.0,45.0,1.15,95.0,18.0
P03390,R03390,140.0,105.0,0.95,75.0,17.0
P03391,R03391,105.0,75.0,0.95,50.0,14.0
P03392,R03392,100.0,95.0,0.9,25.0,18.0
P03393,R03393,165.0,45.0,1.0,45.0,18.0
P03394,R03394,125.0,95.0,1.05,70.0,13.0
P03395,R03395,115.0,115.0,1.0,65.0,15.0
P03396,R03396,135.0,100.0,1.05,65.0,16.0
P03397,R03397,85.0,85.0,1.0,60.0,14.0
P03398,R03398,100.0,60.0,0.9,30.0,18.0
P03399,R03399,95.0,65.0,0.9,50.0,12.0
P03400,R03400,105.0,65.0,1.05,50.0,17.0
P03401,R03401,110.0,85.0,1.05,60.0,14.0
P03402,R03402,130.0,75.0,1.1,65.0,15.0
P03403,R03403,85.0,90.0,1.0,75.0,18.0
P03404,R03404,130.0,55.0,1.0,85.0,19.0
P03405,R03405,105.0,85.0,0.95,75.0,17.0
P03406,R03406,145.0,85.0,0.95,70.0,15.0
P03407,R03407,130.0,110.0,1.05,90.0,19.0
P03408,R03408,90.0,70.0,1.0,85.0,16.0
P03409,R03409,135.0,70.0,0.95,65.0,13.0
P03410,R03410,85.0,105.0,1.05,65.0,18.0
P03411,R03411,110.0,110.0,1.0,75.0,13.0
P03412,R03412,100.0,105.0,0.9,65.0,18.0
P03413,R03413,125.0,110.0,1.05,80.0,15.0
P03414,R03414,140.0,105.0,1.0,35.0,18.0
P03415,R03415,115.0,85.0,0.95,35.0,15.0
P03416,R03416,110.0,95.0,1.1,25.0,12.0
P03417,R03417,115.0,50.0,1.1,85.0,17.0
P03418,R03418,155.0,55.0,1.15,75.0,20.0
P03419,R03419,110.0,115.0,0.95,55.0,18.0
P03420,R03420,135.0,50.0,1.1,95.0,20.0
P03421,R03421,155.0,95.0,0.95,30.0,18.0
P03422,R03422,90.0,75.0,0.9,50.0,14.0
P03423,R03423,150.0,100.0,1.0,45.0,16.0
P03424,R03424,145.0,55.0,1.0,60.0,17.0
P03425,R03425,120.0,100.0,0.95,85.0,19.0
P03426,R03426,125.0,95.0,1.0,85.0,19.0
P03427,R03427,100.0,90.0,1.0,30.0,14.0
P03428,R03428,125.0,105.0,1.1,55.0,19.0
P03429,R03429,120.0,50.0,0.95,75.0,17.0
P03430,R03430,100.0,45.0,0.95,75.0,14.0
P03431,R03431,150.0,75.0,1.05,40.0,17.0
P03432,R03432,110.0,50.0,0.95,30.0,17.0
P03433,R03433,85.0,50.0,0.95,75.0,16.0
P03434,R03434,140.0,75.0,1.05,35.0,15.0
P03435,R03435,115.0,80.0,1.1,65.0,15.0
P03436,R03436,80.0,65.0,1.05,60.0,14.0
P03437,R03437,110.0,50.0,1.05,55.0,17.0
P03438,R03438,90.0,65.0,1.05,90.0,14.0
P03439,R03439,85.0,100.0,1.0,65.0,16.0
P03440,R03440,90.0,90.0,0.95,75.0,19.0
P03441,R03441,125.0,65.0,1.15,85.0,19.0
P03442,R03442,185.0,90.0,1.0,55.0,20.0
P03443,R03443,120.0,105.0,0.9,70.0,18.0
P03444,R03444,110.0,65.0,1.05,50.0,15.0
P03445,R03445,100.0,105.0,1.1,75.0,16.0
P03446,R03446,120.0,45.0,1.05,45.0,18.0
P03447,R03447,135.0,80.0,1.0,40.0,18.0
P03448,R03448,145.0,50.0,1.0,60.0,15.0
P03449,R03449,110.0,95.0,1.0,80.0,15.0
P03450,R03450,130.0,95.0,1.1,55.0,16.0
P03451,R03451,160.0,50.0,0.9,75.0,17.0
P03452,R03452,115.0,50.0,0.9,65.0,13.0
P03453,R03453,135.0,45.0,1.0,75.0,20.0
P03454,R03454,115.0,85.0,1.0,75.0,19.0
P03455,R03455,115.0,85.0,1.05,65.0,16.0
P03456,R03456,115.0,85.0,1.0,80.0,19.0
P03457,R03457,115.0,80.0,1.15,50.0,15.0
P03458,R03458,125.0,105.0,1.0,90.0,17.0
P03459,R03459,130.0,80.0,0.95,40.0,18.0
P03460,R03460,90.0,95.0,0.95,65.0,13.0
P03461,R03461,135.0,65.0,1.0,65.0,15.0
P03462,R03462,105.0,90.0,1.05,35.0,18.0
P03463,R03463,130.0,80.0,1.05,45.0,18.0
P03464,R03464,130.0,55.0,1.05,75.0,17.0
P03465,R03465,110.0,115.0,1.1,65.0,13.0
P03466,R03466,145.0,80.0,1.05,55.0,16.0
P03467,R03467,110.0,75.0,0.9,75.0,14.0
P03468,R03468,140.0,80.0,0.95,25.0,18.0
P03469,R03469,125.0,100.0,1.0,50.0,16.0
P03470,R03470,95.0,80.0,1.0,70.0,16.0
P03471,R03471,150.0,85.0,1.15,45.0,18.0
P03472,R03472,100.0,45.0,1.0,70.0,19.0
P03473,R03473,80.0,95.0,0.95,65.0,16.0
P03474,R03474,125.0,100.0,1.1,40.0,15.0
P03475,R03475,105.0,100.0,1.0,85.0,16.0
P03476,R03476,100.0,60.0,1.0,35.0,19.0
P03477,R03477,75.0,45.0,0.95,55.0,16.0
P03478,R03478,130.0,65.0,1.05,55.0,19.0
P03479,R03479,90.0,105.0,0.95,50.0,14.0
P03480,R03480,145.0,55.0,1.1,50.0,18.0
P03481,R03481,115.0,70.0,1.05,75.0,14.0
P03482,R03482,120.0,110.0,1.05,55.0,15.0
P03483,R03483,135.0,95.0,1.0,75.0,15.0
P03484,R03484,80.0,75.0,1.0,70.0,16.0
P03485,R03485,150.0,115.0,1.0,65.0,19.0
P03486,R03486,80.0,100.0,1.05,65.0,15.0
P03487,R03487,110.0,45.0,1.0,35.0,15.0
P03488,R03488,130.0,110.0,1.05,90.0,16.0
P03489,R03489,100.0,85.0,1.0,45.0,12.0
P03490,R03490,100.0,80.0,1.0,85.0,14.0
P03491,R03491,95.0,110.0,1.1,55.0,19.0
P03492,R03492,125.0,55.0,0.9,65.0,16.0
P03493,R03493,145.0,50.0,1.05,85.0,19.0
P03494,R03494,110.0,65.0,1.05,55.0,15.0
P03495,R03495,90.0,105.0,1.0,65.0,13.0
P03496,R03496,115.0,95.0,1.15,55.0,16.0
P03497,R03497,100.0,70.0,1.05,65.0,18.0
P03498,R03498,80.0,105.0,1.1,65.0,16.0
P03499,R03499,95.0,85.0,0.95,70.0,13.0
P03500,R03500,130.0,60.0,1.05,80.0,16.0
P03501,R03501,135.0,95.0,0.95,45.0,15.0
P03502,R03502,100.0,95.0,1.0,45.0,14.0
P03503,R03503,170.0,110.0,0.9,35.0,19.0
P03504,R03504,115.0,90.0,1.05,60.0,12.0
P03505,R03505,115.0,65.0,1.1,85.0,19.0
P03506,R03506,95.0,55.0,1.1,65.0,15.0
P03507,R03507,130.0,85.0,1.05,65.0,16.0
P03508,R03508,110.0,110.0,1.0,75.0,17.0
P03509,R03509,120.0,60.0,0.95,60.0,15.0
P03510,R03510,100.0,70.0,1.15,55.0,17.0
P03511,R03511,105.0,90.0,1.05,60.0,15.0
P03512,R03512,125.0,80.0,1.0,65.0,19.0
P03513,R03513,90.0,95.0,1.0,35.0,18.0
P03514,R03514,85.0,50.0,1.0,60.0,12.0
P03515,R03515,115.0,70.0,0.95,85.0,20.0
P03516,R03516,100.0,95.0,0.95,70.0,19.0
P03517,R03517,85.0,80.0,1.15,95.0,20.0
P03518,R03518,80.0,50.0,0.95,30.0,14.0
P03519,R03519,95.0,100.0,0.95,70.0,15.0
P03520,R03520,105.0,70.0,1.1,75.0,16.0
P03521,R03521,170.0,80.0,1.15,50.0,18.0
P03522,R03522,130.0,45.0,0.95,35.0,15.0
P03523,R03523,120.0,70.0,0.95,55.0,15.0
P03524,R03524,130.0,65.0,1.05,70.0,16.0
P03525,R03525,115.0,80.0,0.9,55.0,13.0
P03526,R03526,120.0,115.0,1.0,75.0,17.0
P03527,R03527,135.0,55.0,1.0,45.0,15.0
P03528,R03528,75.0,85.0,1.05,40.0,17.0
P03529,R03529,140.0,65.0,1.0,90.0,20.0
P03530,R03530,115.0,45.0,0.95,25.0,15.0
P03531,R03531,135.0,50.0,0.95,75.0,20.0
P03532,R03532,120.0,110.0,1.1,50.0,19.0
P03533,R03533,105.0,95.0,1.0,50.0,18.0
P03534,R03534,110.0,90.0,1.0,80.0,13.0
P03535,R03535,195.0,75.0,0.9,30.0,17.0
P03536,R03536,110.0,105.0,1.0,65.0,19.0
P03537,R03537,120.0,115.0,1.0,85.0,20.0
P03538,R03538,105.0,90.0,0.95,70.0,13.0
P03539,R03539,150.0,75.0,0.95,40.0,18.0
P03540,R03540,105.0,80.0,1.05,60.0,12.0
P03541,R03541,115.0,95.0,0.9,55.0,15.0
P03542,R03542,100.0,105.0,1.0,65.0,15.0
P03543,R03543,135.0,60.0,1.05,85.0,14.0
P03544,R03544,100.0,85.0,1.05,75.0,19.0
P03545,R03545,150.0,85.0,1.1,85.0,19.0
P03546,R03546,120.0,55.0,1.0,55.0,18.0
P03547,R03547,90.0,105.0,1.05,55.0,17.0
P03548,R03548,100.0,100.0,1.05,50.0,13.0
P03549,R03549,100.0,100.0,0.95,75.0,16.0
P03550,R03550,105.0,75.0,1.0,60.0,18.0
P03551,R03551,125.0,105.0,1.0,35.0,16.0
P03552,R03552,130.0,100.0,1.05,85.0,14.0
P03553,R03553,125.0,55.0,1.05,55.0,20.0
P03554,R03554,95.0,80.0,1.05,75.0,19.0
P03555,R03555,90.0,45.0,1.0,65.0,16.0
P03556,R03556,85.0,110.0,1.0,75.0,16.0
P03557,R03557,110.0,100.0,1.05,45.0,13.0
P03558,R03558,125.0,110.0,1.1,60.0,14.0
P03559,R03559,105.0,65.0,0.95,30.0,15.0
P03560,R03560,80.0,65.0,1.15,45.0,15.0
P03561,R03561,80.0,75.0,1.05,70.0,16.0
P03562,R03562,125.0,75.0,1.05,30.0,14.0
P03563,R03563,130.0,60.0,0.9,45.0,14.0
P03564,R03564,90.0,65.0,0.95,75.0,13.0
P03565,R03565,95.0,85.0,1.05,85.0,19.0
P03566,R03566,105.0,50.0,1.0,65.0,16.0
P03567,R03567,100.0,85.0,1.0,50.0,18.0
P03568,R03568,110.0,105.0,0.95,25.0,17.0
P03569,R03569,120.0,55.0,1.0,65.0,16.0
P03570,R03570,120.0,100.0,1.05,50.0,13.0
P03571,R03571,170.0,45.0,1.15,95.0,20.0
P03572,R03572,100.0,60.0,1.05,75.0,15.0
P03573,R03573,120.0,105.0,0.95,50.0,12.0
P03574,R03574,125.0,90.0,1.05,75.0,19.0
P03575,R03575,100.0,80.0,1.05,55.0,19.0
P03576,R03576,100.0,65.0,1.05,50.0,13.0
P03577,R03577,90.0,95.0,1.0,30.0,12.0
P03578,R03578,90.0,65.0,0.95,70.0,19.0
P03579,R03579,105.0,115.0,0.9,25.0,17.0
P03580,R03580,90.0,55.0,1.0,40.0,17.0
P03581,R03581,170.0,85.0,1.0,75.0,18.0
P03582,R03582,85.0,65.0,1.0,75.0,16.0
P03583,R03583,85.0,80.0,0.95,45.0,12.0
P03584,R03584,125.0,85.0,1.0,45.0,19.0
P03585,R03585,85.0,80.0,1.0,35.0,18.0
P03586,R03586,150.0,65.0,1.1,75.0,20.0
P03587,R03587,90.0,65.0,0.95,25.0,12.0
P03588,R03588,125.0,65.0,0.9,25.0,18.0
P03589,R03589,150.0,80.0,0.95,25.0,18.0
P03590,R03590,135.0,100.0,1.05,45.0,18.0
P03591,R03591,140.0,55.0,1.05,35.0,18.0
P03592,R03592,95.0,95.0,0.95,65.0,19.0
P03593,R03593,115.0,90.0,1.1,80.0,16.0
P03594,R03594,80.0,100.0,1.0,50.0,15.0
P03595,R03595,85.0,90.0,1.05,45.0,13.0
P03596,R03596,165.0,45.0,1.0,70.0,19.0
P03597,R03597,145.0,85.0,1.1,90.0,16.0
P03598,R03598,115.0,45.0,1.0,50.0,16.0
P03599,R03599,90.0,45.0,1.0,85.0,14.0
P03600,R03600,150.0,65.0,0.95,85.0,20.0
P03601,R03601,105.0,75.0,1.0,70.0,15.0
P03602,R03602,120.0,55.0,1.05,65.0,16.0
P03603,R03603,90.0,70.0,1.0,80.0,13.0
P03604,R03604,150.0,50.0,1.05,40.0,18.0
P03605,R03605,120.0,65.0,1.0,55.0,18.0
P03606,R03606,90.0,55.0,1.05,50.0,18.0
P03607,R03607,110.0,100.0,1.05,45.0,18.0
P03608,R03608,150.0,95.0,1.1,70.0,19.0
P03609,R03609,105.0,100.0,1.05,45.0,15.0
P03610,R03610,100.0,85.0,0.95,65.0,19.0
P03611,R03611,90.0,95.0,1.05,95.0,18.0
P03612,R03612,110.0,95.0,0.95,55.0,16.0
P03613,R03613,95.0,75.0,0.95,55.0,15.0
P03614,R03614,95.0,50.0,1.0,30.0,18.0
P03615,R03615,90.0,55.0,1.0,55.0,12.0
P03616,R03616,95.0,70.0,1.05,40.0,15.0
P03617,R03617,120.0,100.0,0.95,55.0,13.0
P03618,R03618,115.0,55.0,1.05,75.0,16.0
P03619,R03619,115.0,100.0,1.15,45.0,15.0
P03620,R03620,130.0,95.0,1.1,70.0,13.0
P03621,R03621,135.0,90.0,1.05,75.0,19.0
P03622,R03622,90.0,80.0,1.0,95.0,15.0
P03623,R03623,110.0,65.0,1.0,50.0,12.0
P03624,R03624,105.0,100.0,0.9,75.0,16.0
P03625,R03625,125.0,70.0,0.9,25.0,18.0
P03626,R03626,100.0,60.0,1.0,65.0,13.0
P03627,R03627,100.0,95.0,1.1,95.0,20.0
P03628,R03628,125.0,105.0,1.05,55.0,16.0
P03629,R03629,90.0,95.0,0.95,25.0,17.0
P03630,R03630,75.0,80.0,1.05,25.0,15.0
P03631,R03631,85.0,110.0,1.1,45.0,18.0
P03632,R03632,130.0,85.0,1.1,85.0,17.0
P03633,R03633,110.0,70.0,1.05,95.0,20.0
P03634,R03634,105.0,75.0,0.95,35.0,14.0
P03635,R03635,95.0,110.0,0.95,30.0,17.0
P03636,R03636,100.0,50.0,1.0,80.0,16.0
P03637,R03637,80.0,45.0,1.15,65.0,15.0
P03638,R03638,130.0,100.0,1.0,55.0,13.0
P03639,R03639,125.0,55.0,1.0,95.0,18.0
P03640,R03640,120.0,95.0,1.15,55.0,19.0
P03641,R03641,150.0,45.0,1.0,55.0,17.0
P03642,R03642,125.0,105.0,1.05,35.0,18.0
P03643,R03643,90.0,100.0,1.1,35.0,15.0
P03644,R03644,100.0,60.0,0.95,45.0,14.0
P03645,R03645,115.0,85.0,1.05,85.0,16.0
P03646,R03646,100.0,85.0,1.0,60.0,15.0
P03647,R03647,160.0,85.0,1.0,60.0,14.0
P03648,R03648,130.0,90.0,1.1,40.0,17.0
P03649,R03649,90.0,75.0,1.0,85.0,16.0
P03650,R03650,90.0,90.0,1.0,80.0,19.0
P03651,R03651,125.0,70.0,1.15,90.0,19.0
P03652,R03652,105.0,100.0,1.0,90.0,19.0
P03653,R03653,90.0,60.0,1.0,70.0,15.0
P03654,R03654,185.0,65.0,1.0,50.0,19.0
P03655,R03655,110.0,75.0,1.05,45.0,13.0
P03656,R03656,120.0,50.0,1.1,70.0,16.0
P03657,R03657,100.0,90.0,0.9,75.0,16.0
P03658,R03658,75.0,75.0,0.95,65.0,19.0
P03659,R03659,95.0,50.0,1.05,95.0,15.0
P03660,R03660,155.0,90.0,1.0,45.0,14.0
P03661,R03661,165.0,85.0,1.05,45.0,19.0
P03662,R03662,140.0,95.0,0.9,45.0,15.0
P03663,R03663,95.0,100.0,1.1,90.0,14.0
P03664,R03664,150.0,110.0,0.9,65.0,18.0
P03665,R03665,75.0,70.0,1.1,50.0,13.0
P03666,R03666,85.0,90.0,0.9,35.0,13.0
P03667,R03667,120.0,110.0,1.05,65.0,18.0
P03668,R03668,100.0,90.0,1.0,55.0,17.0
P03669,R03669,110.0,55.0,0.95,65.0,19.0
P03670,R03670,135.0,60.0,0.95,65.0,13.0
P03671,R03671,90.0,100.0,1.05,60.0,12.0
P03672,R03672,100.0,60.0,1.0,90.0,19.0
P03673,R03673,120.0,75.0,0.95,45.0,14.0
P03674,R03674,90.0,60.0,1.0,50.0,14.0
P03675,R03675,110.0,105.0,1.0,35.0,15.0
P03676,R03676,80.0,90.0,1.1,75.0,17.0
P03677,R03677,115.0,115.0,1.05,75.0,13.0
P03678,R03678,120.0,65.0,0.9,70.0,15.0
P03679,R03679,90.0,105.0,1.05,40.0,18.0
P03680,R03680,145.0,75.0,0.95,75.0,20.0
P03681,R03681,180.0,75.0,1.0,75.0,20.0
P03682,R03682,130.0,65.0,1.0,70.0,19.0
P03683,R03683,120.0,105.0,1.0,80.0,13.0
P03684,R03684,135.0,85.0,1.0,35.0,13.0
P03685,R03685,80.0,60.0,1.1,60.0,12.0
P03686,R03686,100.0,65.0,1.1,75.0,19.0
P03687,R03687,110.0,65.0,1.0,85.0,14.0
P03688,R03688,120.0,45.0,0.9,70.0,16.0
P03689,R03689,90.0,60.0,0.9,75.0,19.0
P03690,R03690,100.0,70.0,1.0,35.0,18.0
P03691,R03691,130.0,70.0,1.15,40.0,17.0
P03692,R03692,155.0,85.0,0.95,45.0,19.0
P03693,R03693,125.0,65.0,1.0,65.0,18.0
P03694,R03694,115.0,70.0,1.0,75.0,17.0
P03695,R03695,100.0,65.0,1.0,75.0,20.0
P03696,R03696,150.0,70.0,1.0,55.0,18.0
P03697,R03697,105.0,115.0,0.95,50.0,14.0
P03698,R03698,165.0,105.0,1.05,70.0,13.0
P03699,R03699,155.0,55.0,0.95,50.0,12.0
P03700,R03700,105.0,100.0,0.95,75.0,20.0
P03701,R03701,80.0,95.0,0.9,70.0,13.0
P03702,R03702,100.0,110.0,1.1,95.0,20.0
P03703,R03703,90.0,55.0,1.1,70.0,18.0
P03704,R03704,145.0,110.0,1.05,65.0,16.0
P03705,R03705,90.0,85.0,1.0,70.0,13.0
P03706,R03706,90.0,60.0,1.0,85.0,14.0
P03707,R03707,125.0,90.0,0.95,80.0,19.0
P03708,R03708,140.0,105.0,1.05,50.0,13.0
P03709,R03709,105.0,80.0,1.1,65.0,19.0
P03710,R03710,130.0,60.0,1.05,25.0,17.0
P03711,R03711,115.0,85.0,0.95,55.0,18.0
P03712,R03712,115.0,55.0,1.05,90.0,16.0
P03713,R03713,135.0,70.0,1.0,35.0,18.0
P03714,R03714,115.0,65.0,1.0,45.0,16.0
P03715,R03715,135.0,85.0,1.0,40.0,12.0
P03716,R03716,105.0,110.0,0.95,65.0,15.0
P03717,R03717,130.0,75.0,1.05,65.0,15.0
P03718,R03718,95.0,100.0,0.95,65.0,15.0
P03719,R03719,110.0,90.0,1.05,35.0,15.0
P03720,R03720,110.0,60.0,1.05,50.0,18.0
P03721,R03721,150.0,105.0,1.05,75.0,20.0
P03722,R03722,115.0,90.0,1.0,90.0,16.0
P03723,R03723,95.0,65.0,1.05,55.0,12.0
P03724,R03724,120.0,105.0,0.95,55.0,19.0
P03725,R03725,110.0,115.0,0.95,85.0,19.0
P03726,R03726,120.0,110.0,1.0,40.0,14.0
P03727,R03727,85.0,95.0,0.95,50.0,14.0
P03728,R03728,115.0,70.0,1.05,65.0,15.0
P03729,R03729,90.0,70.0,1.0,95.0,15.0
P03730,R03730,135.0,75.0,1.05,80.0,18.0
P03731,R03731,105.0,80.0,1.05,75.0,17.0
P03732,R03732,125.0,105.0,1.05,55.0,15.0
P03733,R03733,130.0,55.0,1.1,70.0,19.0
P03734,R03734,105.0,75.0,1.0,35.0,16.0
P03735,R03735,105.0,80.0,1.0,75.0,13.0
P03736,R03736,115.0,55.0,1.0,45.0,16.0
P03737,R03737,85.0,80.0,1.0,70.0,13.0
P03738,R03738,105.0,90.0,1.05,55.0,17.0
P03739,R03739,125.0,80.0,1.05,65.0,19.0
P03740,R03740,80.0,115.0,1.05,70.0,16.0
P03741,R03741,110.0,90.0,0.95,55.0,15.0
P03742,R03742,125.0,105.0,1.05,80.0,16.0
P03743,R03743,115.0,85.0,1.0,50.0,19.0
P03744,R03744,145.0,115.0,1.05,70.0,18.0
P03745,R03745,85.0,80.0,1.1,65.0,18.0
P03746,R03746,75.0,90.0,1.1,45.0,16.0
P03747,R03747,130.0,100.0,0.95,55.0,19.0
P03748,R03748,90.0,80.0,1.0,65.0,18.0
P03749,R03749,170.0,95.0,1.0,50.0,15.0
P03750,R03750,115.0,95.0,1.0,35.0,15.0
P03751,R03751,95.0,55.0,1.05,85.0,16.0
P03752,R03752,115.0,70.0,1.0,55.0,14.0
P03753,R03753,135.0,95.0,1.0,40.0,18.0
P03754,R03754,125.0,70.0,1.05,45.0,16.0
P03755,R03755,80.0,90.0,1.0,30.0,12.0
P03756,R03756,125.0,70.0,0.95,55.0,18.0
P03757,R03757,145.0,90.0,1.0,95.0,20.0
P03758,R03758,110.0,70.0,0.9,30.0,12.0
P03759,R03759,80.0,105.0,1.05,65.0,16.0
P03760,R03760,85.0,60.0,1.0,60.0,17.0
P03761,R03761,130.0,105.0,1.0,75.0,19.0
P03762,R03762,125.0,110.0,1.05,40.0,15.0
P03763,R03763,95.0,45.0,1.0,40.0,12.0
P03764,R03764,110.0,70.0,0.95,55.0,19.0
P03765,R03765,115.0,95.0,1.1,55.0,12.0
P03766,R03766,80.0,100.0,1.05,45.0,19.0
P03767,R03767,75.0,65.0,1.0,60.0,15.0
P03768,R03768,115.0,115.0,1.0,45.0,15.0
P03769,R03769,175.0,75.0,1.0,80.0,18.0
P03770,R03770,120.0,65.0,1.1,95.0,20.0
P03771,R03771,125.0,90.0,1.0,75.0,16.0
P03772,R03772,100.0,60.0,1.0,65.0,18.0
P03773,R03773,140.0,90.0,1.1,95.0,20.0
P03774,R03774,105.0,115.0,1.0,65.0,19.0
P03775,R03775,125.0,80.0,1.0,50.0,18.0
P03776,R03776,95.0,110.0,1.05,85.0,16.0
P03777,R03777,120.0,105.0,1.05,45.0,18.0
P03778,R03778,145.0,110.0,0.95,85.0,17.0
P03779,R03779,120.0,95.0,0.95,35.0,15.0
P03780,R03780,115.0,75.0,1.05,85.0,14.0
P03781,R03781,145.0,60.0,1.0,45.0,18.0
P03782,R03782,140.0,50.0,1.0,65.0,19.0
P03783,R03783,115.0,100.0,1.05,50.0,18.0
P03784,R03784,120.0,65.0,1.05,35.0,18.0
P03785,R03785,95.0,75.0,1.0,45.0,18.0
P03786,R03786,95.0,105.0,1.05,85.0,19.0
P03787,R03787,120.0,95.0,1.0,45.0,15.0
P03788,R03788,75.0,50.0,1.0,65.0,15.0
P03789,R03789,90.0,55.0,0.95,30.0,15.0
P03790,R03790,120.0,80.0,1.0,80.0,16.0
P03791,R03791,120.0,95.0,1.1,95.0,20.0
P03792,R03792,115.0,65.0,1.0,45.0,19.0
P03793,R03793,150.0,50.0,1.0,95.0,17.0
P03794,R03794,90.0,90.0,1.05,35.0,18.0
P03795,R03795,80.0,100.0,1.0,60.0,14.0
P03796,R03796,155.0,90.0,1.1,55.0,16.0
P03797,R03797,135.0,85.0,0.95,75.0,14.0
P03798,R03798,120.0,105.0,0.95,50.0,15.0
P03799,R03799,135.0,110.0,1.0,25.0,17.0
P03800,R03800,185.0,85.0,1.0,65.0,19.0
P03801,R03801,95.0,105.0,1.1,30.0,15.0
P03802,R03802,95.0,110.0,1.05,45.0,15.0
P03803,R03803,100.0,90.0,1.05,35.0,13.0
P03804,R03804,85.0,60.0,1.0,50.0,15.0
P03805,R03805,145.0,100.0,0.95,35.0,17.0
P03806,R03806,110.0,75.0,1.05,45.0,18.0
P03807,R03807,135.0,50.0,1.05,85.0,20.0
P03808,R03808,115.0,50.0,1.05,80.0,16.0
P03809,R03809,105.0,90.0,1.0,55.0,20.0
P03810,R03810,120.0,70.0,1.05,45.0,19.0
P03811,R03811,120.0,65.0,1.1,85.0,19.0
P03812,R03812,120.0,65.0,1.05,85.0,16.0
P03813,R03813,105.0,85.0,1.1,45.0,15.0
P03814,R03814,115.0,95.0,1.05,75.0,18.0
P03815,R03815,125.0,55.0,1.0,25.0,12.0
P03816,R03816,130.0,80.0,0.95,45.0,13.0
P03817,R03817,115.0,45.0,1.0,60.0,15.0
P03818,R03818,125.0,100.0,1.0,70.0,16.0
P03819,R03819,100.0,95.0,1.0,35.0,18.0
P03820,R03820,110.0,85.0,1.15,85.0,17.0
P03821,R03821,85.0,45.0,1.0,55.0,13.0
P03822,R03822,120.0,70.0,1.1,75.0,20.0
P03823,R03823,115.0,90.0,0.95,65.0,19.0
P03824,R03824,130.0,115.0,1.0,90.0,17.0
P03825,R03825,155.0,70.0,1.0,75.0,20.0
P03826,R03826,140.0,75.0,0.95,60.0,17.0
P03827,R03827,140.0,65.0,0.95,45.0,19.0
P03828,R03828,140.0,70.0,1.0,45.0,16.0
P03829,R03829,110.0,55.0,1.0,70.0,13.0
P03830,R03830,110.0,75.0,1.0,55.0,15.0
P03831,R03831,115.0,95.0,1.1,70.0,13.0
P03832,R03832,115.0,100.0,0.9,55.0,13.0
P03833,R03833,155.0,70.0,1.05,45.0,16.0
P03834,R03834,100.0,50.0,1.15,55.0,20.0
P03835,R03835,95.0,85.0,1.05,65.0,15.0
P03836,R03836,125.0,65.0,0.95,55.0,13.0
P03837,R03837,130.0,55.0,0.95,45.0,12.0
P03838,R03838,95.0,105.0,1.05,70.0,13.0
P03839,R03839,200.0,100.0,1.05,95.0,20.0
P03840,R03840,110.0,75.0,1.0,40.0,12.0
P03841,R03841,80.0,85.0,1.1,65.0,13.0
P03842,R03842,130.0,60.0,1.1,55.0,14.0
P03843,R03843,120.0,75.0,0.9,55.0,16.0
P03844,R03844,90.0,110.0,1.0,45.0,16.0
P03845,R03845,90.0,70.0,1.05,25.0,12.0
P03846,R03846,85.0,60.0,1.0,45.0,13.0
P03847,R03847,145.0,85.0,0.95,30.0,14.0
P03848,R03848,105.0,75.0,1.05,60.0,15.0
P03849,R03849,130.0,65.0,0.95,30.0,17.0
P03850,R03850,100.0,80.0,1.0,85.0,17.0
P03851,R03851,140.0,70.0,1.0,65.0,15.0
P03852,R03852,155.0,90.0,1.0,75.0,16.0
P03853,R03853,135.0,50.0,1.05,75.0,15.0
P03854,R03854,120.0,55.0,1.0,65.0,15.0
P03855,R03855,165.0,75.0,1.0,45.0,19.0
P03856,R03856,85.0,95.0,1.15,55.0,17.0
P03857,R03857,90.0,75.0,0.9,70.0,13.0
P03858,R03858,115.0,95.0,1.05,75.0,19.0
P03859,R03859,110.0,50.0,0.95,30.0,18.0
P03860,R03860,95.0,60.0,0.9,75.0,14.0
P03861,R03861,100.0,105.0,1.05,90.0,19.0
P03862,R03862,90.0,90.0,1.05,65.0,16.0
P03863,R03863,95.0,80.0,1.15,65.0,16.0
P03864,R03864,130.0,65.0,1.0,80.0,15.0
P03865,R03865,135.0,75.0,1.05,55.0,17.0
P03866,R03866,120.0,110.0,1.0,75.0,17.0
P03867,R03867,120.0,55.0,1.1,55.0,19.0
P03868,R03868,120.0,60.0,1.1,70.0,18.0
P03869,R03869,130.0,75.0,0.95,55.0,19.0
P03870,R03870,95.0,80.0,0.95,85.0,17.0
P03871,R03871,110.0,105.0,1.0,85.0,19.0
P03872,R03872,160.0,70.0,1.05,65.0,19.0
P03873,R03873,85.0,70.0,1.0,35.0,12.0
P03874,R03874,120.0,65.0,1.0,35.0,16.0
P03875,R03875,135.0,95.0,1.05,95.0,18.0
P03876,R03876,130.0,85.0,1.05,60.0,17.0
P03877,R03877,125.0,50.0,1.0,30.0,14.0
P03878,R03878,140.0,115.0,1.0,75.0,20.0
P03879,R03879,85.0,105.0,0.95,85.0,17.0
P03880,R03880,150.0,55.0,1.05,70.0,13.0
P03881,R03881,145.0,100.0,1.1,90.0,19.0
P03882,R03882,90.0,65.0,1.05,55.0,16.0
P03883,R03883,125.0,100.0,0.95,50.0,18.0
P03884,R03884,110.0,110.0,0.95,45.0,14.0
P03885,R03885,125.0,105.0,1.1,45.0,15.0
P03886,R03886,110.0,55.0,1.0,90.0,17.0
P03887,R03887,115.0,105.0,0.95,55.0,19.0
P03888,R03888,90.0,70.0,1.0,65.0,16.0
P03889,R03889,90.0,85.0,1.1,55.0,17.0
P03890,R03890,115.0,80.0,0.95,45.0,12.0
P03891,R03891,110.0,45.0,0.95,60.0,18.0
P03892,R03892,110.0,65.0,1.05,85.0,19.0
P03893,R03893,130.0,45.0,1.0,75.0,16.0
P03894,R03894,105.0,90.0,1.05,95.0,17.0
P03895,R03895,145.0,115.0,1.05,70.0,16.0
P03896,R03896,140.0,70.0,1.0,55.0,19.0
P03897,R03897,95.0,65.0,1.15,50.0,15.0
P03898,R03898,125.0,110.0,1.05,95.0,20.0
P03899,R03899,125.0,60.0,0.95,60.0,17.0
P03900,R03900,105.0,50.0,1.05,85.0,19.0
P03901,R03901,115.0,90.0,0.95,45.0,13.0
P03902,R03902,95.0,55.0,1.1,70.0,16.0
P03903,R03903,110.0,90.0,1.1,45.0,15.0
P03904,R03904,105.0,60.0,1.0,75.0,18.0
P03905,R03905,135.0,60.0,1.05,60.0,15.0
P03906,R03906,95.0,110.0,1.1,65.0,18.0
P03907,R03907,80.0,55.0,0.95,30.0,14.0
P03908,R03908,140.0,75.0,0.95,70.0,19.0
P03909,R03909,100.0,55.0,1.05,65.0,18.0
P03910,R03910,110.0,60.0,1.0,75.0,19.0
P03911,R03911,135.0,80.0,1.0,95.0,18.0
P03912,R03912,85.0,70.0,1.05,65.0,13.0
P03913,R03913,100.0,50.0,1.15,55.0,19.0
P03914,R03914,100.0,75.0,1.15,70.0,18.0
P03915,R03915,95.0,55.0,1.05,75.0,16.0
P03916,R03916,105.0,55.0,0.95,65.0,13.0
P03917,R03917,105.0,95.0,0.9,55.0,18.0
P03918,R03918,75.0,60.0,1.05,65.0,13.0
P03919,R03919,105.0,105.0,0.9,45.0,15.0
P03920,R03920,125.0,45.0,1.05,40.0,12.0
P03921,R03921,95.0,70.0,1.05,45.0,19.0
P03922,R03922,165.0,100.0,1.05,45.0,19.0
P03923,R03923,115.0,45.0,1.05,45.0,13.0
P03924,R03924,100.0,55.0,1.15,90.0,20.0
P03925,R03925,75.0,90.0,0.9,25.0,12.0
P03926,R03926,95.0,50.0,0.95,35.0,15.0
P03927,R03927,125.0,65.0,1.0,30.0,17.0
P03928,R03928,105.0,115.0,1.1,55.0,14.0
P03929,R03929,160.0,65.0,0.95,50.0,18.0
P03930,R03930,95.0,50.0,0.95,75.0,20.0
P03931,R03931,110.0,55.0,1.0,95.0,18.0
P03932,R03932,100.0,60.0,0.9,70.0,16.0
P03933,R03933,165.0,50.0,1.05,65.0,15.0
P03934,R03934,85.0,70.0,1.1,75.0,16.0
P03935,R03935,180.0,70.0,1.05,65.0,18.0
P03936,R03936,85.0,90.0,0.95,35.0,14.0
P03937,R03937,105.0,60.0,1.0,70.0,15.0
P03938,R03938,155.0,100.0,1.05,75.0,14.0
P03939,R03939,150.0,85.0,1.05,65.0,18.0
P03940,R03940,95.0,60.0,1.15,50.0,16.0
P03941,R03941,105.0,95.0,1.05,70.0,15.0
P03942,R03942,115.0,90.0,1.0,55.0,19.0
P03943,R03943,125.0,70.0,0.95,45.0,15.0
P03944,R03944,95.0,55.0,1.15,95.0,15.0
P03945,R03945,115.0,80.0,1.0,65.0,13.0
P03946,R03946,130.0,110.0,0.95,70.0,18.0
P03947,R03947,115.0,110.0,1.05,45.0,19.0
P03948,R03948,80.0,105.0,1.0,55.0,12.0
P03949,R03949,105.0,115.0,1.05,50.0,17.0
P03950,R03950,130.0,60.0,0.95,75.0,19.0
P03951,R03951,95.0,100.0,0.9,45.0,18.0
P03952,R03952,175.0,105.0,0.95,30.0,18.0
P03953,R03953,120.0,110.0,1.1,95.0,17.0
P03954,R03954,130.0,50.0,1.0,70.0,16.0
P03955,R03955,135.0,65.0,1.05,70.0,16.0
P03956,R03956,110.0,100.0,1.0,80.0,15.0
P03957,R03957,90.0,80.0,1.0,85.0,16.0
P03958,R03958,120.0,45.0,1.0,65.0,16.0
P03959,R03959,160.0,65.0,1.1,45.0,19.0
P03960,R03960,135.0,75.0,1.05,65.0,15.0
P03961,R03961,175.0,100.0,0.9,70.0,19.0
P03962,R03962,150.0,60.0,0.95,35.0,16.0
P03963,R03963,140.0,80.0,1.0,80.0,18.0
P03964,R03964,100.0,50.0,1.1,90.0,20.0
P03965,R03965,105.0,65.0,1.05,65.0,16.0
P03966,R03966,85.0,85.0,1.0,45.0,18.0
P03967,R03967,95.0,80.0,1.05,65.0,13.0
P03968,R03968,135.0,50.0,1.05,55.0,16.0
P03969,R03969,120.0,75.0,1.0,75.0,20.0
P03970,R03970,100.0,45.0,1.05,55.0,15.0
P03971,R03971,130.0,90.0,1.0,75.0,17.0
P03972,R03972,90.0,60.0,1.15,35.0,17.0
P03973,R03973,110.0,110.0,1.05,45.0,13.0
P03974,R03974,130.0,115.0,1.1,95.0,18.0
P03975,R03975,135.0,95.0,1.0,55.0,13.0
P03976,R03976,140.0,50.0,1.0,45.0,16.0
P03977,R03977,115.0,60.0,1.05,35.0,18.0
P03978,R03978,115.0,60.0,1.05,55.0,18.0
P03979,R03979,70.0,110.0,1.05,60.0,18.0
P03980,R03980,125.0,50.0,0.95,65.0,18.0
P03981,R03981,145.0,90.0,1.0,50.0,15.0
P03982,R03982,135.0,80.0,0.95,30.0,12.0
P03983,R03983,160.0,65.0,1.05,65.0,18.0
P03984,R03984,100.0,105.0,1.1,55.0,14.0
P03985,R03985,145.0,90.0,1.0,75.0,16.0
P03986,R03986,125.0,110.0,0.9,50.0,15.0
P03987,R03987,155.0,90.0,1.0,35.0,18.0
P03988,R03988,155.0,55.0,0.95,55.0,19.0
P03989,R03989,125.0,95.0,1.05,80.0,13.0
P03990,R03990,75.0,110.0,0.95,25.0,17.0
P03991,R03991,120.0,85.0,0.95,55.0,18.0
P03992,R03992,110.0,110.0,0.95,45.0,18.0
P03993,R03993,85.0,85.0,1.05,45.0,13.0
P03994,R03994,110.0,105.0,1.15,50.0,16.0
P03995,R03995,85.0,70.0,0.95,60.0,17.0
P03996,R03996,150.0,80.0,1.05,85.0,16.0
P03997,R03997,110.0,80.0,0.95,75.0,20.0
P03998,R03998,190.0,100.0,1.1,70.0,19.0
P03999,R03999,90.0,55.0,1.05,45.0,15.0
P04000,R04000,130.0,105.0,1.1,95.0,20.0
P04001,R04001,85.0,55.0,1.05,90.0,17.0
P04002,R04002,80.0,90.0,0.95,60.0,18.0
P04003,R04003,85.0,75.0,1.05,45.0,15.0
P04004,R04004,85.0,85.0,0.95,75.0,14.0
P04005,R04005,140.0,75.0,1.05,70.0,16.0
P04006,R04006,75.0,105.0,1.0,50.0,15.0
P04007,R04007,130.0,65.0,0.95,85.0,17.0
P04008,R04008,140.0,65.0,1.15,45.0,19.0
P04009,R04009,85.0,100.0,0.95,30.0,18.0
P04010,R04010,100.0,65.0,0.95,50.0,15.0
P04011,R04011,115.0,45.0,0.9,75.0,16.0
P04012,R04012,115.0,85.0,1.05,60.0,14.0
P04013,R04013,90.0,85.0,1.0,75.0,15.0
P04014,R04014,80.0,90.0,1.05,85.0,19.0
P04015,R04015,105.0,95.0,1.05,70.0,15.0
P04016,R04016,155.0,50.0,0.95,30.0,14.0
P04017,R04017,125.0,75.0,1.1,75.0,19.0
P04018,R04018,160.0,55.0,0.95,35.0,13.0
P04019,R04019,155.0,95.0,1.0,30.0,15.0
P04020,R04020,85.0,105.0,1.05,60.0,15.0
P04021,R04021,75.0,55.0,1.0,50.0,12.0
P04022,R04022,115.0,80.0,1.05,85.0,14.0
P04023,R04023,125.0,70.0,0.95,35.0,15.0
P04024,R04024,100.0,90.0,1.0,70.0,15.0
P04025,R04025,140.0,50.0,1.1,85.0,17.0
P04026,R04026,145.0,50.0,1.05,55.0,18.0
P04027,R04027,75.0,95.0,1.15,90.0,16.0
P04028,R04028,125.0,60.0,0.95,30.0,18.0
P04029,R04029,95.0,60.0,0.95,35.0,13.0
P04030,R04030,85.0,70.0,1.05,70.0,15.0
P04031,R04031,130.0,60.0,1.1,85.0,20.0
P04032,R04032,90.0,65.0,1.05,35.0,19.0
P04033,R04033,100.0,80.0,1.0,75.0,20.0
P04034,R04034,90.0,115.0,1.0,65.0,13.0
P04035,R04035,100.0,55.0,1.0,85.0,17.0
P04036,R04036,85.0,50.0,1.05,65.0,16.0
P04037,R04037,80.0,45.0,1.0,35.0,15.0
P04038,R04038,120.0,80.0,1.05,55.0,19.0
P04039,R04039,145.0,100.0,1.0,65.0,16.0
P04040,R04040,120.0,110.0,1.05,60.0,15.0
P04041,R04041,90.0,60.0,1.05,85.0,14.0
P04042,R04042,175.0,100.0,1.05,65.0,18.0
P04043,R04043,90.0,70.0,0.9,55.0,15.0
P04044,R04044,90.0,60.0,0.95,50.0,14.0
P04045,R04045,95.0,90.0,0.95,45.0,18.0
P04046,R04046,115.0,55.0,0.95,80.0,19.0
P04047,R04047,140.0,105.0,0.95,65.0,13.0
P04048,R04048,105.0,55.0,1.1,95.0,17.0
P04049,R04049,100.0,80.0,0.95,75.0,14.0
P04050,R04050,120.0,50.0,1.0,40.0,15.0
P04051,R04051,115.0,80.0,0.95,55.0,16.0
P04052,R04052,90.0,50.0,1.1,55.0,15.0
P04053,R04053,120.0,50.0,1.0,55.0,14.0
P04054,R04054,105.0,100.0,1.0,35.0,15.0
P04055,R04055,125.0,70.0,1.1,35.0,15.0
P04056,R04056,80.0,70.0,1.0,75.0,18.0
P04057,R04057,140.0,70.0,1.1,45.0,18.0
P04058,R04058,105.0,75.0,0.9,70.0,19.0
P04059,R04059,135.0,110.0,1.0,95.0,20.0
P04060,R04060,130.0,60.0,1.15,50.0,19.0
P04061,R04061,115.0,85.0,0.9,50.0,14.0
P04062,R04062,120.0,90.0,0.9,50.0,17.0
P04063,R04063,120.0,85.0,0.9,50.0,17.0
P04064,R04064,95.0,70.0,1.05,40.0,15.0
P04065,R04065,85.0,110.0,1.05,50.0,13.0
P04066,R04066,170.0,105.0,1.0,80.0,18.0
P04067,R04067,115.0,85.0,0.95,50.0,14.0
P04068,R04068,120.0,90.0,1.0,50.0,15.0
P04069,R04069,95.0,105.0,1.05,55.0,19.0
P04070,R04070,140.0,115.0,1.0,65.0,19.0
P04071,R04071,145.0,95.0,0.95,40.0,14.0
P04072,R04072,135.0,50.0,0.9,30.0,15.0
P04073,R04073,90.0,110.0,1.0,90.0,20.0
P04074,R04074,115.0,70.0,0.95,70.0,13.0
P04075,R04075,165.0,50.0,1.0,65.0,15.0
P04076,R04076,80.0,75.0,1.0,55.0,12.0
P04077,R04077,120.0,45.0,1.1,70.0,18.0
P04078,R04078,90.0,90.0,1.0,65.0,19.0
P04079,R04079,130.0,55.0,1.0,40.0,15.0
P04080,R04080,130.0,75.0,1.0,75.0,18.0
P04081,R04081,100.0,55.0,0.95,30.0,17.0
P04082,R04082,140.0,50.0,1.0,65.0,18.0
P04083,R04083,100.0,95.0,1.15,95.0,20.0
P04084,R04084,95.0,105.0,0.95,45.0,12.0
P04085,R04085,100.0,105.0,1.05,35.0,18.0
P04086,R04086,95.0,95.0,1.0,55.0,12.0
P04087,R04087,130.0,80.0,1.0,55.0,13.0
P04088,R04088,95.0,60.0,1.1,95.0,20.0
P04089,R04089,95.0,105.0,0.95,35.0,18.0
P04090,R04090,145.0,50.0,1.05,75.0,16.0
P04091,R04091,120.0,50.0,1.1,75.0,16.0
P04092,R04092,110.0,60.0,1.0,70.0,16.0
P04093,R04093,85.0,50.0,1.0,25.0,12.0
P04094,R04094,75.0,45.0,1.05,90.0,14.0
P04095,R04095,85.0,85.0,1.1,55.0,17.0
P04096,R04096,145.0,80.0,1.05,45.0,19.0
P04097,R04097,115.0,70.0,1.05,45.0,18.0
P04098,R04098,85.0,110.0,1.05,75.0,17.0
P04099,R04099,80.0,45.0,0.95,55.0,13.0
P04100,R04100,145.0,45.0,1.1,55.0,13.0
P04101,R04101,120.0,105.0,1.05,45.0,19.0
P04102,R04102,120.0,90.0,1.1,35.0,18.0
P04103,R04103,115.0,50.0,1.0,65.0,19.0
P04104,R04104,90.0,85.0,1.05,75.0,13.0
P04105,R04105,125.0,110.0,1.0,75.0,17.0
P04106,R04106,145.0,85.0,1.05,40.0,12.0
P04107,R04107,155.0,70.0,1.05,55.0,20.0
P04108,R04108,105.0,95.0,1.1,70.0,16.0
P04109,R04109,95.0,100.0,1.0,50.0,15.0
P04110,R04110,150.0,50.0,0.9,75.0,16.0
P04111,R04111,85.0,105.0,1.05,45.0,19.0
P04112,R04112,130.0,55.0,1.0,65.0,15.0
P04113,R04113,105.0,110.0,1.1,60.0,14.0
P04114,R04114,90.0,55.0,1.0,30.0,14.0
P04115,R04115,110.0,100.0,1.0,45.0,12.0
P04116,R04116,90.0,95.0,0.95,25.0,14.0
P04117,R04117,95.0,100.0,1.05,45.0,15.0
P04118,R04118,155.0,75.0,1.0,65.0,19.0
P04119,R04119,120.0,70.0,1.0,65.0,13.0
P04120,R04120,135.0,60.0,1.1,85.0,20.0
P04121,R04121,95.0,65.0,0.95,25.0,15.0
P04122,R04122,140.0,70.0,1.05,25.0,18.0
P04123,R04123,130.0,90.0,1.05,95.0,20.0
P04124,R04124,120.0,85.0,1.1,55.0,19.0
P04125,R04125,85.0,50.0,0.9,70.0,18.0
P04126,R04126,90.0,65.0,0.95,30.0,14.0
P04127,R04127,155.0,105.0,1.05,90.0,20.0
P04128,R04128,125.0,70.0,1.1,65.0,18.0
P04129,R04129,85.0,65.0,1.1,50.0,15.0
P04130,R04130,130.0,105.0,1.05,50.0,15.0
P04131,R04131,95.0,95.0,1.1,85.0,16.0
P04132,R04132,100.0,50.0,1.1,90.0,19.0
P04133,R04133,115.0,85.0,1.05,70.0,15.0
P04134,R04134,125.0,80.0,1.05,95.0,15.0
P04135,R04135,115.0,45.0,0.95,55.0,13.0
P04136,R04136,90.0,85.0,0.95,70.0,16.0
P04137,R04137,130.0,110.0,1.05,35.0,17.0
P04138,R04138,70.0,70.0,1.0,65.0,13.0
P04139,R04139,135.0,85.0,1.05,85.0,17.0
P04140,R04140,110.0,95.0,1.05,65.0,13.0
P04141,R04141,160.0,50.0,1.05,65.0,18.0
P04142,R04142,140.0,105.0,1.0,65.0,15.0
P04143,R04143,195.0,90.0,0.95,40.0,18.0
P04144,R04144,130.0,80.0,0.95,65.0,16.0
P04145,R04145,115.0,60.0,1.0,40.0,17.0
P04146,R04146,80.0,70.0,0.95,45.0,18.0
P04147,R04147,140.0,95.0,1.0,25.0,14.0
P04148,R04148,95.0,75.0,1.05,80.0,18.0
P04149,R04149,130.0,65.0,0.9,25.0,18.0
P04150,R04150,115.0,55.0,1.05,80.0,13.0
P04151,R04151,105.0,80.0,1.15,95.0,18.0
P04152,R04152,135.0,55.0,1.0,55.0,20.0
P04153,R04153,100.0,110.0,1.05,50.0,13.0
P04154,R04154,95.0,105.0,0.95,45.0,12.0
P04155,R04155,120.0,105.0,1.15,90.0,14.0
P04156,R04156,130.0,110.0,1.1,55.0,18.0
P04157,R04157,105.0,55.0,1.05,45.0,13.0
P04158,R04158,90.0,50.0,1.1,75.0,16.0
P04159,R04159,135.0,95.0,1.05,90.0,20.0
P04160,R04160,120.0,90.0,1.1,65.0,13.0
P04161,R04161,105.0,55.0,0.9,35.0,13.0
P04162,R04162,95.0,80.0,1.0,80.0,16.0
P04163,R04163,120.0,55.0,0.95,60.0,15.0
P04164,R04164,105.0,110.0,1.0,70.0,18.0
P04165,R04165,115.0,100.0,1.0,70.0,16.0
P04166,R04166,115.0,70.0,1.0,45.0,12.0
P04167,R04167,90.0,100.0,0.95,25.0,12.0
P04168,R04168,95.0,110.0,1.0,35.0,12.0
P04169,R04169,100.0,100.0,1.05,60.0,15.0
P04170,R04170,110.0,110.0,1.1,65.0,16.0
P04171,R04171,130.0,90.0,0.9,50.0,14.0
P04172,R04172,75.0,95.0,0.95,65.0,13.0
P04173,R04173,135.0,55.0,0.95,85.0,14.0
P04174,R04174,125.0,100.0,0.95,35.0,15.0
P04175,R04175,90.0,75.0,1.05,70.0,19.0
P04176,R04176,110.0,65.0,1.0,55.0,14.0
P04177,R04177,115.0,95.0,0.95,55.0,12.0
P04178,R04178,160.0,50.0,0.95,35.0,18.0
P04179,R04179,105.0,115.0,1.05,55.0,16.0
P04180,R04180,85.0,90.0,1.0,50.0,18.0
P04181,R04181,135.0,85.0,1.05,70.0,16.0
P04182,R04182,90.0,75.0,1.0,80.0,13.0
P04183,R04183,100.0,115.0,1.05,75.0,14.0
P04184,R04184,95.0,45.0,1.0,75.0,15.0
P04185,R04185,105.0,115.0,1.05,35.0,12.0
P04186,R04186,120.0,50.0,1.05,90.0,16.0
P04187,R04187,100.0,65.0,1.0,25.0,15.0
P04188,R04188,90.0,90.0,1.05,50.0,16.0
P04189,R04189,105.0,105.0,1.1,60.0,15.0
P04190,R04190,110.0,45.0,1.0,75.0,17.0
P04191,R04191,75.0,85.0,1.0,75.0,16.0
P04192,R04192,135.0,75.0,0.95,70.0,18.0
P04193,R04193,145.0,70.0,1.0,70.0,15.0
P04194,R04194,95.0,105.0,1.05,45.0,15.0
P04195,R04195,95.0,50.0,1.05,65.0,19.0
P04196,R04196,110.0,80.0,1.0,65.0,16.0
P04197,R04197,145.0,55.0,1.1,45.0,16.0
P04198,R04198,95.0,60.0,1.05,85.0,20.0
P04199,R04199,80.0,110.0,1.05,85.0,17.0
P04200,R04200,90.0,55.0,1.0,85.0,14.0
P04201,R04201,90.0,65.0,0.95,55.0,18.0
P04202,R04202,115.0,60.0,1.0,50.0,17.0
P04203,R04203,90.0,55.0,0.95,25.0,15.0
P04204,R04204,90.0,85.0,1.0,80.0,13.0
P04205,R04205,95.0,55.0,1.0,75.0,15.0
P04206,R04206,105.0,90.0,1.15,45.0,15.0
P04207,R04207,115.0,80.0,0.95,35.0,15.0
P04208,R04208,105.0,50.0,0.95,80.0,19.0
P04209,R04209,130.0,110.0,1.1,80.0,13.0
P04210,R04210,105.0,70.0,0.95,70.0,16.0
P04211,R04211,105.0,70.0,0.95,65.0,15.0
P04212,R04212,95.0,60.0,0.9,55.0,13.0
P04213,R04213,140.0,70.0,1.1,90.0,19.0
P04214,R04214,150.0,70.0,1.0,75.0,16.0
P04215,R04215,105.0,110.0,1.05,65.0,13.0
P04216,R04216,105.0,90.0,1.1,75.0,19.0
P04217,R04217,120.0,95.0,1.05,65.0,15.0
P04218,R04218,90.0,55.0,1.0,65.0,19.0
P04219,R04219,130.0,100.0,1.0,85.0,20.0
P04220,R04220,120.0,110.0,1.0,45.0,15.0
P04221,R04221,95.0,65.0,1.0,35.0,18.0
P04222,R04222,105.0,75.0,1.0,45.0,15.0
P04223,R04223,90.0,85.0,1.1,55.0,19.0
P04224,R04224,100.0,75.0,1.0,80.0,18.0
P04225,R04225,150.0,55.0,1.1,65.0,15.0
P04226,R04226,130.0,55.0,1.0,80.0,16.0
P04227,R04227,110.0,50.0,1.05,90.0,16.0
P04228,R04228,125.0,65.0,1.1,85.0,20.0
P04229,R04229,140.0,110.0,0.95,75.0,17.0
P04230,R04230,85.0,90.0,1.1,55.0,17.0
P04231,R04231,135.0,50.0,1.0,85.0,17.0
P04232,R04232,105.0,45.0,1.1,70.0,16.0
P04233,R04233,110.0,95.0,0.95,35.0,16.0
P04234,R04234,115.0,90.0,1.05,65.0,19.0
P04235,R04235,140.0,110.0,1.05,80.0,16.0
P04236,R04236,90.0,90.0,1.05,65.0,19.0
P04237,R04237,95.0,80.0,1.05,35.0,12.0
P04238,R04238,100.0,60.0,1.15,95.0,15.0
P04239,R04239,90.0,80.0,0.95,75.0,14.0
P04240,R04240,100.0,80.0,1.0,75.0,20.0
P04241,R04241,110.0,45.0,1.0,25.0,15.0
P04242,R04242,125.0,75.0,1.0,30.0,14.0
P04243,R04243,160.0,80.0,0.9,35.0,19.0
P04244,R04244,130.0,110.0,1.1,85.0,16.0
P04245,R04245,90.0,75.0,1.0,35.0,14.0
P04246,R04246,135.0,90.0,1.0,70.0,13.0
P04247,R04247,150.0,110.0,1.05,40.0,18.0
P04248,R04248,135.0,90.0,1.05,90.0,20.0
P04249,R04249,145.0,95.0,0.95,65.0,18.0
P04250,R04250,110.0,95.0,0.95,60.0,15.0
P04251,R04251,100.0,85.0,1.0,35.0,15.0
P04252,R04252,145.0,105.0,1.0,45.0,15.0
P04253,R04253,100.0,95.0,1.0,30.0,14.0
P04254,R04254,145.0,85.0,1.0,80.0,18.0
P04255,R04255,95.0,60.0,1.05,55.0,19.0
P04256,R04256,95.0,95.0,1.0,70.0,16.0
P04257,R04257,80.0,85.0,1.0,85.0,14.0
P04258,R04258,90.0,50.0,1.0,55.0,16.0
P04259,R04259,110.0,65.0,1.0,35.0,19.0
P04260,R04260,115.0,110.0,1.0,75.0,19.0
P04261,R04261,85.0,110.0,1.1,85.0,20.0
P04262,R04262,150.0,80.0,0.95,30.0,17.0
P04263,R04263,140.0,95.0,1.05,45.0,16.0
P04264,R04264,85.0,70.0,0.95,50.0,17.0
P04265,R04265,95.0,45.0,1.05,85.0,16.0
P04266,R04266,110.0,100.0,0.95,65.0,18.0
P04267,R04267,100.0,85.0,0.95,45.0,14.0
P04268,R04268,125.0,100.0,0.95,50.0,15.0
P04269,R04269,90.0,95.0,1.0,35.0,15.0
P04270,R04270,85.0,110.0,0.95,65.0,13.0
P04271,R04271,130.0,75.0,1.05,55.0,18.0
P04272,R04272,130.0,55.0,1.0,75.0,19.0
P04273,R04273,145.0,65.0,1.1,45.0,19.0
P04274,R04274,80.0,75.0,1.05,85.0,14.0
P04275,R04275,120.0,90.0,0.9,35.0,15.0
P04276,R04276,165.0,80.0,0.9,25.0,18.0
P04277,R04277,150.0,95.0,1.0,30.0,18.0
P04278,R04278,110.0,75.0,1.1,75.0,17.0
P04279,R04279,110.0,80.0,1.0,80.0,13.0
P04280,R04280,105.0,100.0,0.9,25.0,17.0
P04281,R04281,140.0,55.0,1.0,80.0,18.0
P04282,R04282,150.0,70.0,1.0,40.0,15.0
P04283,R04283,165.0,75.0,0.95,25.0,18.0
P04284,R04284,100.0,100.0,1.1,70.0,18.0
P04285,R04285,100.0,95.0,0.9,30.0,14.0
P04286,R04286,140.0,70.0,1.0,55.0,12.0
P04287,R04287,115.0,115.0,1.15,90.0,16.0
P04288,R04288,115.0,70.0,1.1,45.0,15.0
P04289,R04289,165.0,115.0,1.0,30.0,18.0
P04290,R04290,115.0,75.0,1.0,65.0,15.0
P04291,R04291,125.0,65.0,1.05,80.0,18.0
P04292,R04292,120.0,70.0,0.95,25.0,17.0
P04293,R04293,90.0,60.0,1.1,95.0,17.0
P04294,R04294,130.0,80.0,1.05,50.0,15.0
P04295,R04295,80.0,90.0,1.05,85.0,14.0
P04296,R04296,120.0,75.0,1.0,95.0,15.0
P04297,R04297,130.0,70.0,1.0,75.0,17.0
P04298,R04298,190.0,75.0,1.05,80.0,19.0
P04299,R04299,95.0,75.0,1.05,35.0,18.0
P04300,R04300,145.0,60.0,1.05,45.0,19.0
P04301,R04301,80.0,95.0,1.05,50.0,15.0
P04302,R04302,100.0,95.0,1.05,65.0,19.0
P04303,R04303,145.0,45.0,1.0,70.0,16.0
P04304,R04304,120.0,100.0,1.05,50.0,16.0
P04305,R04305,130.0,75.0,1.0,75.0,17.0
P04306,R04306,105.0,105.0,1.05,70.0,18.0
P04307,R04307,105.0,45.0,1.05,85.0,20.0
P04308,R04308,145.0,105.0,1.0,95.0,20.0
P04309,R04309,90.0,60.0,1.0,35.0,15.0
P04310,R04310,90.0,85.0,1.05,35.0,18.0
P04311,R04311,135.0,105.0,1.0,50.0,17.0
P04312,R04312,125.0,45.0,1.1,95.0,18.0
P04313,R04313,145.0,110.0,1.05,40.0,14.0
P04314,R04314,150.0,50.0,1.0,90.0,16.0
P04315,R04315,155.0,80.0,1.1,55.0,15.0
P04316,R04316,85.0,80.0,1.05,75.0,13.0
P04317,R04317,85.0,105.0,1.05,50.0,15.0
P04318,R04318,95.0,100.0,1.0,85.0,14.0
P04319,R04319,120.0,105.0,0.95,75.0,14.0
P04320,R04320,85.0,85.0,0.95,35.0,16.0
P04321,R04321,85.0,110.0,1.05,75.0,13.0
P04322,R04322,110.0,70.0,1.0,75.0,19.0
P04323,R04323,120.0,50.0,1.05,95.0,20.0
P04324,R04324,120.0,50.0,0.9,35.0,15.0
P04325,R04325,95.0,75.0,1.1,40.0,17.0
P04326,R04326,155.0,90.0,0.9,75.0,14.0
P04327,R04327,105.0,45.0,0.95,65.0,16.0
P04328,R04328,95.0,60.0,1.05,50.0,18.0
P04329,R04329,110.0,60.0,1.05,45.0,12.0
P04330,R04330,155.0,85.0,1.0,70.0,19.0
P04331,R04331,120.0,100.0,0.95,25.0,17.0
P04332,R04332,100.0,115.0,1.0,65.0,13.0
P04333,R04333,140.0,105.0,1.05,80.0,19.0
P04334,R04334,110.0,110.0,1.0,45.0,18.0
P04335,R04335,90.0,70.0,0.95,30.0,12.0
P04336,R04336,95.0,65.0,0.9,50.0,17.0
P04337,R04337,115.0,95.0,1.05,55.0,20.0
P04338,R04338,115.0,95.0,0.95,70.0,16.0
P04339,R04339,140.0,90.0,1.0,80.0,16.0
P04340,R04340,105.0,90.0,1.0,35.0,12.0
P04341,R04341,125.0,55.0,0.9,30.0,12.0
P04342,R04342,165.0,105.0,1.0,65.0,19.0
P04343,R04343,85.0,60.0,1.05,60.0,15.0
P04344,R04344,125.0,105.0,0.95,55.0,19.0
P04345,R04345,125.0,100.0,0.95,50.0,12.0
P04346,R04346,130.0,50.0,0.9,45.0,17.0
P04347,R04347,85.0,95.0,1.0,45.0,18.0
P04348,R04348,105.0,60.0,1.05,75.0,19.0
P04349,R04349,105.0,55.0,1.05,45.0,13.0
P04350,R04350,85.0,115.0,1.0,85.0,16.0
P04351,R04351,120.0,85.0,1.0,45.0,18.0
P04352,R04352,85.0,100.0,1.05,85.0,14.0
P04353,R04353,100.0,75.0,1.05,65.0,13.0
P04354,R04354,120.0,50.0,1.0,65.0,19.0
P04355,R04355,140.0,55.0,0.9,75.0,14.0
P04356,R04356,145.0,115.0,1.05,55.0,19.0
P04357,R04357,120.0,110.0,1.05,90.0,19.0
P04358,R04358,110.0,90.0,1.0,75.0,14.0
P04359,R04359,105.0,70.0,0.95,65.0,16.0
P04360,R04360,85.0,95.0,1.05,90.0,17.0
P04361,R04361,120.0,75.0,0.9,30.0,12.0
P04362,R04362,110.0,60.0,1.0,50.0,12.0
P04363,R04363,130.0,50.0,0.95,30.0,18.0
P04364,R04364,95.0,55.0,0.95,55.0,19.0
P04365,R04365,115.0,65.0,1.05,95.0,20.0
P04366,R04366,140.0,110.0,1.0,55.0,17.0
P04367,R04367,90.0,60.0,1.05,65.0,15.0
P04368,R04368,95.0,110.0,1.1,70.0,15.0
P04369,R04369,95.0,60.0,1.05,35.0,17.0
P04370,R04370,95.0,70.0,1.05,50.0,13.0
P04371,R04371,130.0,105.0,1.15,65.0,16.0
P04372,R04372,100.0,80.0,1.1,70.0,15.0
P04373,R04373,115.0,110.0,0.95,45.0,15.0
P04374,R04374,95.0,85.0,0.95,80.0,15.0
P04375,R04375,90.0,80.0,0.95,45.0,16.0
P04376,R04376,80.0,110.0,1.05,95.0,17.0
P04377,R04377,110.0,70.0,1.05,90.0,16.0
P04378,R04378,120.0,60.0,1.05,85.0,20.0
P04379,R04379,95.0,105.0,0.95,40.0,17.0
P04380,R04380,135.0,65.0,1.05,90.0,17.0
P04381,R04381,165.0,70.0,0.95,75.0,19.0
P04382,R04382,95.0,85.0,0.95,35.0,17.0
P04383,R04383,100.0,85.0,1.05,55.0,17.0
P04384,R04384,130.0,45.0,1.05,40.0,17.0
P04385,R04385,105.0,90.0,0.95,55.0,12.0
P04386,R04386,160.0,90.0,1.1,85.0,20.0
P04387,R04387,95.0,110.0,0.95,75.0,20.0
P04388,R04388,100.0,80.0,0.9,35.0,19.0
P04389,R04389,150.0,55.0,1.05,85.0,20.0
P04390,R04390,105.0,95.0,1.05,55.0,17.0
P04391,R04391,145.0,85.0,0.9,70.0,15.0
P04392,R04392,145.0,55.0,1.0,95.0,20.0
P04393,R04393,100.0,90.0,1.0,40.0,17.0
P04394,R04394,135.0,50.0,1.1,30.0,14.0
P04395,R04395,95.0,75.0,1.05,75.0,18.0
P04396,R04396,80.0,70.0,1.0,80.0,15.0
P04397,R04397,100.0,105.0,1.05,50.0,16.0
P04398,R04398,95.0,95.0,1.05,65.0,16.0
P04399,R04399,120.0,110.0,1.0,50.0,15.0
P04400,R04400,130.0,50.0,1.0,70.0,13.0
P04401,R04401,140.0,100.0,1.05,50.0,16.0
P04402,R04402,130.0,45.0,1.15,80.0,15.0
P04403,R04403,130.0,60.0,1.05,65.0,16.0
P04404,R04404,135.0,100.0,1.05,40.0,14.0
P04405,R04405,160.0,105.0,0.95,85.0,20.0
P04406,R04406,75.0,105.0,1.1,85.0,14.0
P04407,R04407,95.0,105.0,1.1,85.0,20.0
P04408,R04408,130.0,55.0,1.05,55.0,19.0
P04409,R04409,135.0,100.0,1.0,75.0,13.0
P04410,R04410,170.0,105.0,1.1,55.0,19.0
P04411,R04411,100.0,85.0,1.0,85.0,17.0
P04412,R04412,115.0,45.0,1.05,65.0,16.0
P04413,R04413,120.0,110.0,1.05,75.0,20.0
P04414,R04414,100.0,100.0,0.95,75.0,17.0
P04415,R04415,130.0,105.0,1.05,85.0,20.0
P04416,R04416,85.0,50.0,1.05,80.0,13.0
P04417,R04417,135.0,105.0,1.05,50.0,18.0
P04418,R04418,80.0,55.0,1.05,85.0,19.0
P04419,R04419,110.0,105.0,1.1,45.0,18.0
P04420,R04420,85.0,75.0,1.0,60.0,15.0
P04421,R04421,115.0,75.0,0.95,75.0,14.0
P04422,R04422,105.0,90.0,0.95,35.0,13.0
P04423,R04423,105.0,85.0,1.1,65.0,13.0
P04424,R04424,95.0,75.0,1.05,35.0,12.0
P04425,R04425,95.0,55.0,1.05,70.0,18.0
P04426,R04426,95.0,50.0,1.05,45.0,18.0
P04427,R04427,100.0,85.0,0.95,85.0,20.0
P04428,R04428,90.0,90.0,1.05,30.0,17.0
P04429,R04429,95.0,110.0,1.05,80.0,15.0
P04430,R04430,100.0,90.0,1.1,85.0,20.0
P04431,R04431,140.0,105.0,1.0,65.0,16.0
P04432,R04432,90.0,75.0,1.1,65.0,15.0
P04433,R04433,80.0,70.0,1.0,75.0,16.0
P04434,R04434,175.0,105.0,1.15,90.0,20.0
P04435,R04435,110.0,80.0,1.0,75.0,19.0
P04436,R04436,100.0,75.0,1.0,65.0,13.0
P04437,R04437,100.0,110.0,1.05,85.0,16.0
P04438,R04438,135.0,90.0,1.1,65.0,16.0
P04439,R04439,90.0,105.0,1.0,75.0,18.0
P04440,R04440,105.0,65.0,1.1,85.0,17.0
P04441,R04441,125.0,105.0,0.95,55.0,16.0
P04442,R04442,115.0,90.0,1.05,70.0,13.0
P04443,R04443,85.0,70.0,1.05,65.0,15.0
P04444,R04444,120.0,50.0,1.05,85.0,14.0
P04445,R04445,100.0,85.0,1.1,55.0,20.0
P04446,R04446,85.0,105.0,1.1,45.0,14.0
P04447,R04447,105.0,60.0,1.1,55.0,16.0
P04448,R04448,120.0,60.0,0.9,55.0,16.0
P04449,R04449,105.0,95.0,1.15,50.0,16.0
P04450,R04450,80.0,55.0,1.05,70.0,15.0
P04451,R04451,75.0,90.0,1.1,60.0,12.0
P04452,R04452,105.0,75.0,1.15,50.0,18.0
P04453,R04453,110.0,50.0,1.0,35.0,15.0
P04454,R04454,95.0,55.0,1.0,55.0,16.0
P04455,R04455,95.0,65.0,0.9,30.0,17.0
P04456,R04456,120.0,85.0,1.1,75.0,14.0
P04457,R04457,125.0,75.0,1.05,80.0,19.0
P04458,R04458,95.0,115.0,1.1,90.0,14.0
P04459,R04459,100.0,45.0,1.05,70.0,16.0
P04460,R04460,80.0,110.0,1.1,55.0,17.0
P04461,R04461,95.0,65.0,1.05,75.0,19.0
P04462,R04462,150.0,70.0,1.0,80.0,18.0
P04463,R04463,140.0,70.0,1.05,70.0,16.0
P04464,R04464,80.0,95.0,1.05,55.0,17.0
P04465,R04465,90.0,90.0,1.15,65.0,13.0
P04466,R04466,100.0,105.0,1.0,65.0,19.0
P04467,R04467,85.0,65.0,0.95,30.0,12.0
P04468,R04468,150.0,50.0,1.15,85.0,19.0
P04469,R04469,120.0,80.0,1.05,50.0,13.0
P04470,R04470,125.0,85.0,1.1,85.0,14.0
P04471,R04471,125.0,90.0,0.95,45.0,18.0
P04472,R04472,145.0,85.0,1.1,70.0,19.0
P04473,R04473,95.0,55.0,1.0,75.0,18.0
P04474,R04474,90.0,90.0,1.0,75.0,13.0
P04475,R04475,115.0,55.0,1.1,50.0,19.0
P04476,R04476,150.0,50.0,1.0,70.0,16.0
P04477,R04477,105.0,75.0,1.1,65.0,16.0
P04478,R04478,115.0,45.0,1.0,65.0,13.0
P04479,R04479,105.0,65.0,0.95,35.0,19.0
P04480,R04480,100.0,45.0,1.0,65.0,13.0
P04481,R04481,130.0,100.0,1.05,85.0,14.0
P04482,R04482,70.0,50.0,0.95,65.0,13.0
P04483,R04483,105.0,95.0,1.0,45.0,17.0
P04484,R04484,150.0,85.0,0.9,75.0,17.0
P04485,R04485,90.0,110.0,1.05,55.0,17.0
P04486,R04486,120.0,55.0,1.1,45.0,15.0
P04487,R04487,95.0,70.0,1.05,40.0,18.0
P04488,R04488,100.0,95.0,1.0,90.0,16.0
P04489,R04489,85.0,60.0,0.95,75.0,19.0
P04490,R04490,140.0,90.0,1.0,85.0,19.0
P04491,R04491,110.0,65.0,1.15,55.0,19.0
P04492,R04492,120.0,110.0,1.05,70.0,16.0
P04493,R04493,80.0,55.0,1.05,95.0,18.0
P04494,R04494,180.0,115.0,1.05,45.0,18.0
P04495,R04495,85.0,50.0,0.95,45.0,18.0
P04496,R04496,125.0,50.0,1.05,55.0,14.0
P04497,R04497,120.0,55.0,0.95,45.0,15.0
P04498,R04498,105.0,90.0,1.0,55.0,19.0
P04499,R04499,155.0,75.0,0.95,50.0,18.0
P04500,R04500,80.0,105.0,1.1,75.0,16.0
P04501,R04501,145.0,95.0,1.05,40.0,18.0
P04502,R04502,80.0,80.0,1.05,35.0,12.0
P04503,R04503,155.0,65.0,0.95,80.0,19.0
P04504,R04504,115.0,50.0,1.05,45.0,16.0
P04505,R04505,155.0,75.0,1.05,50.0,18.0
P04506,R04506,100.0,100.0,1.05,65.0,18.0
P04507,R04507,150.0,55.0,1.05,90.0,20.0
P04508,R04508,150.0,85.0,1.0,60.0,12.0
P04509,R04509,80.0,75.0,1.0,80.0,13.0
P04510,R04510,130.0,85.0,0.9,75.0,14.0
P04511,R04511,125.0,85.0,1.0,35.0,19.0
P04512,R04512,140.0,85.0,1.15,45.0,16.0
P04513,R04513,90.0,85.0,0.95,80.0,15.0
P04514,R04514,100.0,60.0,0.95,70.0,16.0
P04515,R04515,135.0,75.0,1.0,45.0,12.0
P04516,R04516,95.0,115.0,1.05,85.0,14.0
P04517,R04517,110.0,45.0,1.15,55.0,16.0
P04518,R04518,80.0,60.0,1.0,65.0,16.0
P04519,R04519,100.0,85.0,1.05,85.0,14.0
P04520,R04520,90.0,85.0,1.05,65.0,18.0
P04521,R04521,110.0,60.0,1.0,90.0,20.0
P04522,R04522,85.0,45.0,1.1,65.0,13.0
P04523,R04523,125.0,85.0,0.9,55.0,15.0
P04524,R04524,105.0,80.0,1.0,45.0,18.0
P04525,R04525,125.0,60.0,0.95,30.0,15.0
P04526,R04526,100.0,95.0,1.15,50.0,18.0
P04527,R04527,125.0,110.0,0.95,55.0,13.0
P04528,R04528,130.0,110.0,1.0,45.0,16.0
P04529,R04529,140.0,100.0,1.1,45.0,19.0
P04530,R04530,140.0,105.0,1.05,35.0,18.0
P04531,R04531,85.0,105.0,1.0,85.0,14.0
P04532,R04532,115.0,85.0,0.95,55.0,14.0
P04533,R04533,115.0,55.0,0.95,50.0,12.0
P04534,R04534,90.0,65.0,1.1,65.0,13.0
P04535,R04535,175.0,75.0,1.0,35.0,15.0
P04536,R04536,110.0,90.0,0.95,70.0,19.0
P04537,R04537,85.0,50.0,1.0,30.0,15.0
P04538,R04538,135.0,65.0,0.95,55.0,13.0
P04539,R04539,120.0,85.0,1.1,85.0,20.0
P04540,R04540,130.0,105.0,1.05,70.0,15.0
P04541,R04541,120.0,105.0,1.0,55.0,20.0
P04542,R04542,120.0,55.0,1.0,45.0,14.0
P04543,R04543,140.0,105.0,1.0,35.0,18.0
P04544,R04544,85.0,105.0,1.1,50.0,15.0
P04545,R04545,180.0,110.0,1.05,45.0,19.0
P04546,R04546,145.0,110.0,1.0,85.0,20.0
P04547,R04547,85.0,90.0,0.95,65.0,18.0
P04548,R04548,90.0,70.0,1.1,40.0,17.0
P04549,R04549,120.0,90.0,1.0,40.0,14.0
P04550,R04550,145.0,100.0,0.95,35.0,16.0
P04551,R04551,95.0,100.0,0.9,75.0,20.0
P04552,R04552,85.0,85.0,1.1,45.0,15.0
P04553,R04553,105.0,55.0,1.0,45.0,13.0
P04554,R04554,145.0,70.0,1.05,45.0,18.0
P04555,R04555,105.0,55.0,0.95,50.0,18.0
P04556,R04556,95.0,75.0,1.0,35.0,15.0
P04557,R04557,90.0,60.0,0.95,25.0,15.0
P04558,R04558,95.0,85.0,1.05,85.0,14.0
P04559,R04559,125.0,105.0,1.0,35.0,17.0
P04560,R04560,100.0,85.0,1.0,80.0,15.0
P04561,R04561,90.0,100.0,1.1,55.0,12.0
P04562,R04562,145.0,95.0,1.05,95.0,20.0
P04563,R04563,115.0,95.0,1.05,65.0,13.0
P04564,R04564,135.0,50.0,1.05,55.0,18.0
P04565,R04565,170.0,100.0,0.95,55.0,13.0
P04566,R04566,150.0,55.0,0.95,35.0,18.0
P04567,R04567,145.0,70.0,0.9,55.0,19.0
P04568,R04568,125.0,50.0,1.05,55.0,18.0
P04569,R04569,125.0,90.0,1.0,75.0,17.0
P04570,R04570,130.0,55.0,1.0,40.0,17.0
P04571,R04571,100.0,100.0,1.1,90.0,17.0
P04572,R04572,130.0,65.0,1.0,55.0,15.0
P04573,R04573,130.0,45.0,0.9,55.0,15.0
P04574,R04574,90.0,70.0,1.05,45.0,13.0
P04575,R04575,85.0,65.0,1.05,35.0,18.0
P04576,R04576,90.0,105.0,1.0,75.0,14.0
P04577,R04577,130.0,65.0,0.9,45.0,18.0
P04578,R04578,75.0,85.0,0.95,55.0,14.0
P04579,R04579,120.0,45.0,1.1,45.0,13.0
P04580,R04580,145.0,105.0,0.9,30.0,15.0
P04581,R04581,100.0,50.0,1.05,75.0,16.0
P04582,R04582,115.0,105.0,1.05,65.0,16.0
P04583,R04583,80.0,50.0,0.95,50.0,15.0
P04584,R04584,170.0,115.0,1.05,45.0,18.0
P04585,R04585,150.0,85.0,1.15,85.0,17.0
P04586,R04586,125.0,60.0,1.0,75.0,13.0
P04587,R04587,115.0,65.0,1.05,65.0,19.0
P04588,R04588,130.0,70.0,0.9,45.0,14.0
P04589,R04589,105.0,105.0,1.05,50.0,19.0
P04590,R04590,110.0,45.0,1.0,95.0,15.0
P04591,R04591,110.0,65.0,1.05,95.0,20.0
P04592,R04592,95.0,80.0,1.05,85.0,16.0
P04593,R04593,100.0,115.0,0.95,45.0,15.0
P04594,R04594,80.0,65.0,0.95,35.0,14.0
P04595,R04595,125.0,95.0,0.95,55.0,16.0
P04596,R04596,125.0,110.0,1.05,65.0,18.0
P04597,R04597,115.0,80.0,0.95,75.0,16.0
P04598,R04598,75.0,55.0,0.9,25.0,12.0
P04599,R04599,65.0,70.0,1.1,45.0,16.0
P04600,R04600,160.0,80.0,1.1,50.0,15.0
P04601,R04601,85.0,95.0,1.05,35.0,15.0
P04602,R04602,115.0,90.0,0.95,75.0,16.0
P04603,R04603,130.0,85.0,1.0,35.0,14.0
P04604,R04604,110.0,100.0,1.05,35.0,14.0
P04605,R04605,95.0,75.0,1.1,95.0,20.0
P04606,R04606,145.0,90.0,0.95,40.0,18.0
P04607,R04607,110.0,45.0,0.95,65.0,13.0
P04608,R04608,145.0,90.0,1.0,25.0,18.0
P04609,R04609,85.0,65.0,1.05,40.0,14.0
P04610,R04610,95.0,80.0,1.1,50.0,18.0
P04611,R04611,90.0,55.0,1.0,35.0,13.0
P04612,R04612,115.0,100.0,1.05,90.0,17.0
P04613,R04613,105.0,80.0,0.95,65.0,19.0
P04614,R04614,110.0,70.0,1.0,50.0,15.0
P04615,R04615,80.0,70.0,1.1,65.0,15.0
P04616,R04616,160.0,85.0,0.95,45.0,19.0
P04617,R04617,90.0,105.0,1.0,70.0,15.0
P04618,R04618,105.0,50.0,1.05,70.0,15.0
P04619,R04619,100.0,45.0,0.95,45.0,18.0
P04620,R04620,120.0,90.0,1.05,95.0,15.0
P04621,R04621,90.0,65.0,1.1,85.0,17.0
P04622,R04622,100.0,85.0,0.95,30.0,15.0
P04623,R04623,85.0,75.0,1.1,65.0,15.0
P04624,R04624,130.0,95.0,1.0,35.0,15.0
P04625,R04625,120.0,50.0,1.0,35.0,18.0
P04626,R04626,140.0,70.0,1.0,45.0,18.0
P04627,R04627,180.0,60.0,0.9,75.0,20.0
P04628,R04628,130.0,55.0,1.05,70.0,15.0
P04629,R04629,120.0,95.0,1.05,90.0,16.0
P04630,R04630,90.0,90.0,0.9,65.0,15.0
P04631,R04631,140.0,50.0,1.15,95.0,15.0
P04632,R04632,165.0,100.0,1.05,90.0,20.0
P04633,R04633,120.0,75.0,1.0,25.0,18.0
P04634,R04634,130.0,110.0,1.1,65.0,13.0
P04635,R04635,140.0,80.0,1.1,95.0,20.0
P04636,R04636,115.0,65.0,1.0,30.0,17.0
P04637,R04637,75.0,95.0,0.95,25.0,12.0
P04638,R04638,120.0,80.0,1.0,35.0,16.0
P04639,R04639,155.0,85.0,0.95,60.0,18.0
P04640,R04640,80.0,65.0,1.0,30.0,17.0
P04641,R04641,145.0,50.0,1.0,50.0,16.0
P04642,R04642,90.0,55.0,1.1,55.0,14.0
P04643,R04643,140.0,60.0,1.15,75.0,17.0
P04644,R04644,85.0,80.0,1.1,85.0,17.0
P04645,R04645,110.0,110.0,1.05,85.0,17.0
P04646,R04646,130.0,45.0,1.1,65.0,19.0
P04647,R04647,110.0,60.0,1.0,30.0,12.0
P04648,R04648,120.0,110.0,0.95,30.0,17.0
P04649,R04649,90.0,65.0,0.95,75.0,16.0
P04650,R04650,145.0,105.0,1.05,95.0,20.0
P04651,R04651,125.0,105.0,1.05,45.0,16.0
P04652,R04652,150.0,50.0,1.05,85.0,20.0
P04653,R04653,115.0,85.0,1.05,55.0,14.0
P04654,R04654,80.0,90.0,0.9,45.0,18.0
P04655,R04655,140.0,45.0,1.05,75.0,20.0
P04656,R04656,100.0,55.0,1.1,85.0,14.0
P04657,R04657,95.0,85.0,1.05,75.0,17.0
P04658,R04658,90.0,105.0,1.05,25.0,14.0
P04659,R04659,175.0,90.0,1.0,45.0,19.0
P04660,R04660,95.0,100.0,1.05,70.0,15.0
P04661,R04661,160.0,95.0,1.05,45.0,18.0
P04662,R04662,110.0,45.0,0.95,55.0,14.0
P04663,R04663,155.0,80.0,1.0,45.0,16.0
P04664,R04664,135.0,70.0,1.1,70.0,18.0
P04665,R04665,90.0,60.0,1.0,95.0,15.0
P04666,R04666,140.0,95.0,0.95,75.0,16.0
P04667,R04667,145.0,55.0,1.05,80.0,18.0
P04668,R04668,85.0,75.0,1.0,75.0,18.0
P04669,R04669,130.0,100.0,1.0,45.0,18.0
P04670,R04670,95.0,80.0,1.0,75.0,14.0
P04671,R04671,115.0,55.0,1.1,55.0,17.0
P04672,R04672,95.0,80.0,0.95,35.0,14.0
P04673,R04673,120.0,85.0,1.0,55.0,19.0
P04674,R04674,175.0,105.0,1.0,65.0,19.0
P04675,R04675,145.0,50.0,1.05,65.0,13.0
P04676,R04676,95.0,100.0,1.1,70.0,16.0
P04677,R04677,90.0,70.0,0.95,25.0,17.0
P04678,R04678,95.0,50.0,1.0,35.0,15.0
P04679,R04679,100.0,70.0,0.95,35.0,13.0
P04680,R04680,80.0,85.0,0.95,80.0,13.0
P04681,R04681,175.0,115.0,1.0,85.0,16.0
P04682,R04682,130.0,95.0,0.95,30.0,18.0
P04683,R04683,165.0,80.0,1.0,65.0,13.0
P04684,R04684,140.0,65.0,1.05,50.0,15.0
P04685,R04685,135.0,50.0,0.95,25.0,18.0
P04686,R04686,90.0,65.0,1.0,45.0,18.0
P04687,R04687,115.0,85.0,0.95,80.0,16.0
P04688,R04688,105.0,50.0,0.95,75.0,19.0
P04689,R04689,120.0,100.0,0.9,35.0,15.0
P04690,R04690,130.0,90.0,0.95,65.0,18.0
P04691,R04691,140.0,85.0,1.05,30.0,12.0
P04692,R04692,115.0,95.0,1.1,45.0,16.0
P04693,R04693,140.0,110.0,1.1,50.0,19.0
P04694,R04694,135.0,95.0,0.9,25.0,17.0
P04695,R04695,95.0,100.0,1.1,50.0,18.0
P04696,R04696,125.0,60.0,0.95,25.0,14.0
P04697,R04697,80.0,55.0,1.05,85.0,14.0
P04698,R04698,100.0,75.0,1.1,65.0,15.0
P04699,R04699,115.0,75.0,0.95,40.0,12.0
P04700,R04700,130.0,55.0,1.0,60.0,12.0
P04701,R04701,100.0,100.0,1.0,55.0,15.0
P04702,R04702,110.0,65.0,1.0,65.0,15.0
P04703,R04703,90.0,60.0,0.95,25.0,12.0
P04704,R04704,150.0,100.0,1.0,35.0,19.0
P04705,R04705,130.0,110.0,0.9,50.0,14.0
P04706,R04706,85.0,50.0,1.0,45.0,15.0
P04707,R04707,105.0,80.0,1.05,50.0,15.0
P04708,R04708,110.0,65.0,1.1,85.0,14.0
P04709,R04709,115.0,80.0,0.95,35.0,19.0
P04710,R04710,125.0,80.0,1.0,60.0,18.0
P04711,R04711,145.0,50.0,1.0,45.0,18.0
P04712,R04712,120.0,55.0,1.0,80.0,18.0
P04713,R04713,130.0,95.0,1.1,95.0,18.0
P04714,R04714,75.0,75.0,1.05,45.0,13.0
P04715,R04715,85.0,70.0,0.95,50.0,17.0
P04716,R04716,115.0,95.0,1.05,45.0,19.0
P04717,R04717,135.0,65.0,1.05,40.0,17.0
P04718,R04718,125.0,105.0,0.95,25.0,17.0
P04719,R04719,145.0,75.0,0.95,35.0,13.0
P04720,R04720,90.0,60.0,0.95,35.0,15.0
P04721,R04721,105.0,100.0,1.05,65.0,15.0
P04722,R04722,150.0,50.0,1.0,85.0,20.0
P04723,R04723,115.0,80.0,0.9,30.0,12.0
P04724,R04724,85.0,85.0,1.0,75.0,16.0
P04725,R04725,170.0,60.0,1.1,55.0,19.0
P04726,R04726,110.0,80.0,1.05,40.0,18.0
P04727,R04727,80.0,70.0,1.0,70.0,13.0
P04728,R04728,120.0,105.0,0.95,70.0,16.0
P04729,R04729,100.0,110.0,1.1,90.0,17.0
P04730,R04730,110.0,100.0,1.1,95.0,20.0
P04731,R04731,125.0,70.0,1.15,55.0,20.0
P04732,R04732,95.0,95.0,1.0,55.0,12.0
P04733,R04733,100.0,45.0,1.0,85.0,17.0
P04734,R04734,110.0,90.0,1.0,35.0,18.0
P04735,R04735,120.0,100.0,1.05,45.0,16.0
P04736,R04736,80.0,55.0,1.0,75.0,13.0
P04737,R04737,125.0,60.0,1.05,45.0,15.0
P04738,R04738,85.0,65.0,1.0,45.0,13.0
P04739,R04739,95.0,95.0,1.1,85.0,17.0
P04740,R04740,125.0,100.0,1.05,90.0,19.0
P04741,R04741,100.0,75.0,0.9,50.0,14.0
P04742,R04742,120.0,55.0,1.1,90.0,16.0
P04743,R04743,90.0,85.0,0.95,25.0,12.0
P04744,R04744,110.0,55.0,1.05,85.0,17.0
P04745,R04745,95.0,110.0,1.15,95.0,15.0
P04746,R04746,105.0,65.0,1.0,80.0,19.0
P04747,R04747,135.0,55.0,1.05,85.0,16.0
P04748,R04748,125.0,85.0,1.1,55.0,16.0
P04749,R04749,90.0,115.0,1.0,85.0,16.0
P04750,R04750,90.0,110.0,1.05,45.0,16.0
P04751,R04751,110.0,105.0,1.1,85.0,14.0
P04752,R04752,95.0,90.0,1.0,55.0,19.0
P04753,R04753,110.0,65.0,0.95,35.0,15.0
P04754,R04754,90.0,60.0,0.9,75.0,19.0
P04755,R04755,115.0,65.0,1.05,50.0,13.0
P04756,R04756,90.0,80.0,1.0,70.0,15.0
P04757,R04757,115.0,85.0,1.1,45.0,19.0
P04758,R04758,95.0,90.0,1.0,35.0,12.0
P04759,R04759,155.0,85.0,1.05,90.0,20.0
P04760,R04760,100.0,75.0,1.0,45.0,18.0
P04761,R04761,120.0,70.0,1.0,65.0,18.0
P04762,R04762,135.0,90.0,0.95,40.0,17.0
P04763,R04763,80.0,110.0,1.05,45.0,13.0
P04764,R04764,125.0,100.0,1.05,90.0,20.0
P04765,R04765,110.0,100.0,1.0,40.0,12.0
P04766,R04766,110.0,100.0,1.0,35.0,15.0
P04767,R04767,145.0,55.0,1.0,50.0,18.0
P04768,R04768,120.0,100.0,1.0,35.0,15.0
P04769,R04769,125.0,90.0,0.9,50.0,15.0
P04770,R04770,100.0,100.0,1.1,75.0,17.0
P04771,R04771,100.0,45.0,1.0,80.0,13.0
P04772,R04772,120.0,100.0,1.0,60.0,14.0
P04773,R04773,130.0,105.0,1.0,45.0,19.0
P04774,R04774,105.0,105.0,1.05,60.0,18.0
P04775,R04775,150.0,85.0,1.05,50.0,18.0
P04776,R04776,105.0,75.0,1.0,85.0,14.0
P04777,R04777,90.0,90.0,1.0,25.0,17.0
P04778,R04778,125.0,55.0,1.1,90.0,14.0
P04779,R04779,100.0,85.0,1.0,35.0,14.0
P04780,R04780,145.0,55.0,0.9,65.0,18.0
P04781,R04781,105.0,75.0,1.05,75.0,16.0
P04782,R04782,85.0,50.0,1.05,95.0,18.0
P04783,R04783,125.0,50.0,1.1,85.0,14.0
P04784,R04784,110.0,60.0,1.05,55.0,14.0
P04785,R04785,125.0,60.0,1.05,90.0,16.0
P04786,R04786,100.0,95.0,1.15,35.0,18.0
P04787,R04787,90.0,80.0,1.0,55.0,14.0
P04788,R04788,90.0,70.0,1.05,35.0,18.0
P04789,R04789,85.0,85.0,1.05,65.0,13.0
P04790,R04790,140.0,80.0,1.1,50.0,16.0
P04791,R04791,120.0,100.0,1.05,95.0,20.0
P04792,R04792,90.0,80.0,1.0,45.0,14.0
P04793,R04793,95.0,45.0,0.9,75.0,17.0
P04794,R04794,150.0,105.0,1.0,65.0,19.0
P04795,R04795,100.0,110.0,0.9,55.0,13.0
P04796,R04796,80.0,110.0,1.05,75.0,14.0
P04797,R04797,135.0,65.0,0.95,30.0,17.0
P04798,R04798,100.0,90.0,1.05,85.0,19.0
P04799,R04799,90.0,80.0,1.0,55.0,16.0
P04800,R04800,130.0,115.0,0.95,65.0,18.0
P04801,R04801,155.0,80.0,1.0,70.0,18.0
P04802,R04802,105.0,80.0,1.0,85.0,20.0
P04803,R04803,135.0,85.0,1.05,60.0,17.0
P04804,R04804,170.0,70.0,1.1,55.0,17.0
P04805,R04805,115.0,110.0,1.05,60.0,14.0
P04806,R04806,130.0,100.0,1.1,90.0,17.0
P04807,R04807,145.0,100.0,1.05,70.0,15.0
P04808,R04808,105.0,85.0,1.1,50.0,19.0
P04809,R04809,85.0,100.0,1.0,55.0,15.0
P04810,R04810,120.0,60.0,1.0,65.0,16.0
P04811,R04811,125.0,110.0,1.05,95.0,17.0
P04812,R04812,180.0,85.0,1.0,80.0,18.0
P04813,R04813,140.0,50.0,1.1,55.0,17.0
P04814,R04814,80.0,60.0,1.0,55.0,12.0
P04815,R04815,130.0,105.0,1.05,85.0,20.0
P04816,R04816,120.0,115.0,0.95,75.0,16.0
P04817,R04817,110.0,90.0,1.0,85.0,14.0
P04818,R04818,85.0,105.0,1.0,85.0,16.0
P04819,R04819,95.0,75.0,1.05,95.0,20.0
P04820,R04820,110.0,70.0,1.0,55.0,16.0
P04821,R04821,105.0,65.0,0.95,65.0,16.0
P04822,R04822,95.0,110.0,1.1,85.0,19.0
P04823,R04823,105.0,60.0,0.95,45.0,15.0
P04824,R04824,105.0,75.0,0.9,30.0,18.0
P04825,R04825,135.0,75.0,1.15,65.0,16.0
P04826,R04826,140.0,50.0,1.05,35.0,17.0
P04827,R04827,95.0,55.0,1.1,90.0,14.0
P04828,R04828,70.0,60.0,1.1,45.0,13.0
P04829,R04829,105.0,60.0,1.0,45.0,15.0
P04830,R04830,130.0,70.0,0.95,45.0,18.0
P04831,R04831,115.0,105.0,0.95,55.0,14.0
P04832,R04832,85.0,75.0,1.05,85.0,17.0
P04833,R04833,130.0,50.0,1.05,85.0,20.0
P04834,R04834,110.0,85.0,1.15,50.0,16.0
P04835,R04835,155.0,110.0,0.95,35.0,19.0
P04836,R04836,105.0,70.0,1.05,65.0,13.0
P04837,R04837,120.0,65.0,1.0,50.0,17.0
P04838,R04838,150.0,100.0,1.0,85.0,20.0
P04839,R04839,155.0,60.0,0.95,50.0,17.0
P04840,R04840,145.0,60.0,1.0,85.0,16.0
P04841,R04841,165.0,95.0,1.0,70.0,19.0
P04842,R04842,100.0,60.0,0.9,70.0,16.0
P04843,R04843,145.0,105.0,1.15,55.0,20.0
P04844,R04844,95.0,60.0,1.05,90.0,19.0
P04845,R04845,90.0,75.0,1.15,90.0,16.0
P04846,R04846,95.0,50.0,1.05,55.0,14.0
P04847,R04847,110.0,115.0,1.05,60.0,17.0
P04848,R04848,185.0,110.0,1.0,85.0,20.0
P04849,R04849,125.0,105.0,1.05,95.0,20.0
P04850,R04850,80.0,85.0,1.0,75.0,15.0
P04851,R04851,130.0,80.0,1.0,85.0,17.0
P04852,R04852,140.0,65.0,1.0,30.0,17.0
P04853,R04853,145.0,85.0,1.1,95.0,18.0
P04854,R04854,80.0,110.0,1.0,60.0,17.0
P04855,R04855,105.0,85.0,1.05,50.0,16.0
P04856,R04856,115.0,115.0,1.0,40.0,12.0
P04857,R04857,115.0,100.0,1.0,40.0,15.0
P04858,R04858,145.0,60.0,1.05,65.0,19.0
P04859,R04859,85.0,100.0,1.05,35.0,12.0
P04860,R04860,100.0,60.0,1.0,70.0,13.0
P04861,R04861,100.0,95.0,1.0,40.0,12.0
P04862,R04862,140.0,50.0,1.05,85.0,16.0
P04863,R04863,70.0,90.0,1.05,40.0,12.0
P04864,R04864,110.0,75.0,0.95,65.0,19.0
P04865,R04865,80.0,70.0,1.1,75.0,14.0
P04866,R04866,110.0,45.0,1.05,80.0,18.0
P04867,R04867,135.0,50.0,0.95,50.0,15.0
P04868,R04868,125.0,75.0,1.1,90.0,19.0
P04869,R04869,105.0,95.0,0.95,40.0,12.0
P04870,R04870,115.0,110.0,0.95,25.0,12.0
P04871,R04871,130.0,95.0,1.05,55.0,14.0
P04872,R04872,110.0,55.0,1.05,40.0,14.0
P04873,R04873,145.0,55.0,1.05,95.0,20.0
P04874,R04874,150.0,95.0,1.0,50.0,15.0
P04875,R04875,145.0,70.0,1.0,75.0,19.0
P04876,R04876,100.0,115.0,1.05,45.0,16.0
P04877,R04877,110.0,90.0,1.0,75.0,15.0
P04878,R04878,105.0,60.0,1.0,50.0,15.0
P04879,R04879,85.0,100.0,1.0,65.0,13.0
P04880,R04880,135.0,85.0,0.95,70.0,19.0
P04881,R04881,115.0,95.0,1.0,35.0,15.0
P04882,R04882,135.0,90.0,1.0,65.0,18.0
P04883,R04883,115.0,70.0,1.05,85.0,14.0
P04884,R04884,125.0,100.0,1.05,85.0,17.0
P04885,R04885,80.0,60.0,1.05,55.0,12.0
P04886,R04886,95.0,55.0,1.05,55.0,19.0
P04887,R04887,135.0,100.0,1.0,75.0,19.0
P04888,R04888,90.0,45.0,1.0,55.0,13.0
P04889,R04889,105.0,50.0,0.95,30.0,15.0
P04890,R04890,135.0,100.0,1.0,55.0,17.0
P04891,R04891,90.0,55.0,1.0,65.0,16.0
P04892,R04892,95.0,55.0,1.0,70.0,15.0
P04893,R04893,165.0,60.0,1.1,45.0,18.0
P04894,R04894,110.0,100.0,1.1,95.0,20.0
P04895,R04895,90.0,115.0,0.95,35.0,12.0
P04896,R04896,105.0,95.0,1.05,65.0,13.0
P04897,R04897,90.0,105.0,1.1,55.0,17.0
P04898,R04898,115.0,95.0,1.0,75.0,14.0
P04899,R04899,120.0,80.0,1.0,65.0,16.0
P04900,R04900,125.0,80.0,1.05,60.0,12.0
P04901,R04901,80.0,65.0,1.0,60.0,15.0
P04902,R04902,90.0,80.0,1.05,45.0,13.0
P04903,R04903,110.0,110.0,1.0,55.0,20.0
P04904,R04904,110.0,85.0,1.0,45.0,12.0
P04905,R04905,150.0,115.0,1.05,60.0,18.0
P04906,R04906,90.0,75.0,0.95,75.0,15.0
P04907,R04907,85.0,50.0,1.0,50.0,17.0
P04908,R04908,110.0,55.0,1.05,40.0,15.0
P04909,R04909,85.0,90.0,1.05,50.0,17.0
P04910,R04910,85.0,55.0,1.0,35.0,15.0
P04911,R04911,125.0,90.0,1.0,50.0,16.0
P04912,R04912,135.0,55.0,1.05,75.0,19.0
P04913,R04913,95.0,60.0,1.0,75.0,19.0
P04914,R04914,140.0,90.0,1.05,90.0,14.0
P04915,R04915,150.0,55.0,1.15,70.0,13.0
P04916,R04916,135.0,75.0,0.9,55.0,19.0
P04917,R04917,95.0,70.0,0.95,30.0,14.0
P04918,R04918,100.0,70.0,1.1,70.0,19.0
P04919,R04919,90.0,110.0,1.0,65.0,15.0
P04920,R04920,90.0,65.0,0.95,70.0,18.0
P04921,R04921,95.0,70.0,1.05,65.0,15.0
P04922,R04922,115.0,70.0,1.0,50.0,16.0
P04923,R04923,95.0,90.0,1.05,45.0,18.0
P04924,R04924,105.0,90.0,1.0,85.0,16.0
P04925,R04925,155.0,65.0,0.9,50.0,18.0
P04926,R04926,105.0,60.0,0.95,55.0,13.0
P04927,R04927,90.0,65.0,0.95,60.0,18.0
P04928,R04928,115.0,55.0,1.15,65.0,16.0
P04929,R04929,125.0,80.0,0.95,65.0,16.0
P04930,R04930,130.0,55.0,0.95,45.0,15.0
P04931,R04931,85.0,100.0,0.95,70.0,15.0
P04932,R04932,145.0,95.0,1.0,75.0,16.0
P04933,R04933,75.0,100.0,1.0,50.0,12.0
P04934,R04934,135.0,110.0,0.9,75.0,19.0
P04935,R04935,105.0,75.0,1.0,35.0,15.0
P04936,R04936,100.0,105.0,0.95,75.0,15.0
P04937,R04937,95.0,105.0,0.95,50.0,18.0
P04938,R04938,175.0,50.0,0.9,45.0,18.0
P04939,R04939,135.0,80.0,1.05,45.0,18.0
P04940,R04940,165.0,110.0,1.05,85.0,17.0
P04941,R04941,90.0,60.0,1.05,50.0,16.0
P04942,R04942,100.0,75.0,1.0,65.0,16.0
P04943,R04943,95.0,75.0,1.0,80.0,16.0
P04944,R04944,125.0,80.0,1.05,80.0,13.0
P04945,R04945,130.0,85.0,0.95,50.0,12.0
P04946,R04946,140.0,65.0,1.15,55.0,19.0
P04947,R04947,100.0,80.0,1.0,65.0,16.0
P04948,R04948,105.0,110.0,1.1,75.0,19.0
P04949,R04949,140.0,100.0,1.05,55.0,20.0
P04950,R04950,160.0,90.0,1.05,50.0,19.0
P04951,R04951,95.0,100.0,1.0,45.0,16.0
P04952,R04952,85.0,60.0,0.9,30.0,15.0
P04953,R04953,115.0,80.0,0.95,35.0,18.0
P04954,R04954,100.0,50.0,1.0,55.0,14.0
P04955,R04955,125.0,75.0,0.95,85.0,14.0
P04956,R04956,110.0,105.0,1.05,65.0,19.0
P04957,R04957,165.0,60.0,0.95,55.0,19.0
P04958,R04958,95.0,95.0,1.1,45.0,15.0
P04959,R04959,140.0,70.0,1.0,50.0,16.0
P04960,R04960,110.0,115.0,0.95,50.0,18.0
P04961,R04961,150.0,100.0,1.0,35.0,15.0
P04962,R04962,135.0,55.0,1.05,65.0,15.0
P04963,R04963,115.0,95.0,1.05,55.0,17.0
P04964,R04964,75.0,90.0,1.0,35.0,12.0
P04965,R04965,85.0,110.0,1.0,25.0,12.0
P04966,R04966,105.0,95.0,1.05,90.0,17.0
P04967,R04967,115.0,75.0,1.0,60.0,18.0
P04968,R04968,110.0,80.0,1.05,35.0,13.0
P04969,R04969,110.0,50.0,1.0,55.0,18.0
P04970,R04970,125.0,105.0,1.0,75.0,17.0
P04971,R04971,95.0,60.0,1.0,45.0,13.0
P04972,R04972,125.0,70.0,0.95,35.0,13.0
P04973,R04973,140.0,100.0,0.9,65.0,15.0
P04974,R04974,140.0,80.0,1.1,45.0,19.0
P04975,R04975,100.0,55.0,1.05,65.0,15.0
P04976,R04976,145.0,75.0,0.9,65.0,16.0
P04977,R04977,105.0,45.0,1.0,85.0,20.0
P04978,R04978,90.0,75.0,0.9,45.0,15.0
P04979,R04979,110.0,105.0,1.1,65.0,18.0
P04980,R04980,170.0,60.0,1.05,75.0,19.0
P04981,R04981,160.0,65.0,0.95,75.0,20.0
P04982,R04982,125.0,85.0,0.95,45.0,18.0
P04983,R04983,135.0,55.0,0.95,55.0,17.0
P04984,R04984,100.0,85.0,0.95,60.0,12.0
P04985,R04985,80.0,70.0,0.95,35.0,17.0
P04986,R04986,125.0,80.0,1.1,85.0,14.0
P04987,R04987,185.0,55.0,0.95,55.0,18.0
P04988,R04988,140.0,110.0,1.05,65.0,18.0
P04989,R04989,95.0,65.0,1.05,45.0,19.0
P04990,R04990,155.0,55.0,1.1,65.0,19.0
P04991,R04991,135.0,110.0,1.1,70.0,18.0
P04992,R04992,165.0,70.0,1.05,85.0,19.0
P04993,R04993,115.0,75.0,0.9,35.0,18.0
P04994,R04994,90.0,65.0,1.0,45.0,13.0
P04995,R04995,135.0,60.0,1.05,45.0,16.0
P04996,R04996,100.0,100.0,1.05,40.0,17.0
P04997,R04997,180.0,65.0,0.9,65.0,19.0
P04998,R04998,80.0,100.0,1.05,60.0,17.0
P04999,R04999,110.0,90.0,1.15,70.0,18.0
P05000,R05000,115.0,100.0,1.0,25.0,15.0
P05001,R05001,100.0,50.0,1.1,85.0,17.0
P05002,R05002,170.0,95.0,1.1,50.0,18.0
P05003,R05003,130.0,60.0,1.0,85.0,14.0
P05004,R05004,90.0,95.0,0.95,65.0,15.0
P05005,R05005,115.0,100.0,0.95,85.0,20.0
P05006,R05006,85.0,65.0,1.15,50.0,15.0
P05007,R05007,110.0,60.0,1.0,80.0,18.0
P05008,R05008,100.0,50.0,1.05,80.0,13.0
P05009,R05009,150.0,45.0,1.1,75.0,16.0
P05010,R05010,90.0,70.0,0.95,75.0,15.0
P05011,R05011,115.0,50.0,1.0,80.0,13.0
P05012,R05012,165.0,75.0,1.0,50.0,18.0
P05013,R05013,90.0,95.0,1.0,65.0,16.0
P05014,R05014,110.0,90.0,1.05,40.0,14.0
P05015,R05015,120.0,45.0,1.0,35.0,14.0
P05016,R05016,95.0,105.0,1.1,50.0,15.0
P05017,R05017,120.0,95.0,1.0,80.0,15.0
P05018,R05018,130.0,110.0,1.05,40.0,18.0
P05019,R05019,115.0,90.0,1.05,60.0,12.0
P05020,R05020,135.0,80.0,1.0,45.0,15.0
P05021,R05021,110.0,110.0,0.95,25.0,12.0
P05022,R05022,130.0,90.0,1.05,65.0,18.0
P05023,R05023,125.0,115.0,0.95,75.0,14.0
P05024,R05024,115.0,55.0,0.95,50.0,15.0
P05025,R05025,100.0,70.0,1.0,55.0,18.0
P05026,R05026,125.0,85.0,1.0,95.0,15.0
P05027,R05027,160.0,50.0,0.95,70.0,16.0
P05028,R05028,100.0,50.0,0.95,40.0,14.0
P05029,R05029,100.0,95.0,0.95,55.0,18.0
P05030,R05030,130.0,55.0,1.05,50.0,13.0
P05031,R05031,100.0,50.0,1.0,55.0,18.0
P05032,R05032,100.0,55.0,1.05,65.0,16.0
P05033,R05033,85.0,115.0,1.1,70.0,15.0
P05034,R05034,140.0,80.0,1.05,60.0,18.0
P05035,R05035,145.0,105.0,1.05,55.0,17.0
P05036,R05036,95.0,80.0,1.1,65.0,15.0
P05037,R05037,155.0,85.0,1.0,70.0,18.0
P05038,R05038,140.0,80.0,1.05,60.0,17.0
P05039,R05039,95.0,90.0,1.0,40.0,15.0
P05040,R05040,130.0,110.0,1.0,85.0,16.0
P05041,R05041,110.0,60.0,1.0,80.0,16.0
P05042,R05042,165.0,95.0,1.05,95.0,20.0
P05043,R05043,115.0,105.0,1.0,85.0,14.0
P05044,R05044,150.0,100.0,0.95,65.0,16.0
P05045,R05045,120.0,95.0,1.0,45.0,14.0
P05046,R05046,95.0,110.0,1.1,55.0,20.0
P05047,R05047,135.0,95.0,1.05,40.0,14.0
P05048,R05048,105.0,85.0,0.95,25.0,12.0
P05049,R05049,90.0,55.0,1.0,50.0,15.0
P05050,R05050,145.0,110.0,1.1,75.0,14.0
P05051,R05051,95.0,60.0,1.1,55.0,12.0
P05052,R05052,100.0,90.0,1.0,75.0,17.0
P05053,R05053,90.0,75.0,0.9,55.0,16.0
P05054,R05054,105.0,45.0,1.15,50.0,16.0
P05055,R05055,100.0,50.0,1.1,90.0,17.0
P05056,R05056,80.0,75.0,1.05,60.0,17.0
P05057,R05057,150.0,105.0,1.0,50.0,18.0
P05058,R05058,80.0,95.0,1.0,35.0,14.0
P05059,R05059,110.0,105.0,1.0,95.0,17.0
P05060,R05060,110.0,110.0,1.0,40.0,14.0
P05061,R05061,95.0,70.0,0.9,55.0,18.0
P05062,R05062,120.0,80.0,1.0,65.0,15.0
P05063,R05063,180.0,85.0,1.0,90.0,19.0
P05064,R05064,110.0,75.0,1.0,65.0,13.0
P05065,R05065,105.0,100.0,1.0,40.0,15.0
P05066,R05066,135.0,80.0,1.05,30.0,17.0
P05067,R05067,90.0,110.0,1.0,75.0,19.0
P05068,R05068,110.0,65.0,1.1,90.0,16.0
P05069,R05069,110.0,45.0,0.95,75.0,17.0
P05070,R05070,85.0,60.0,1.05,45.0,13.0
P05071,R05071,130.0,110.0,1.0,60.0,12.0
P05072,R05072,120.0,80.0,0.9,70.0,18.0
P05073,R05073,100.0,115.0,1.05,45.0,15.0
P05074,R05074,160.0,70.0,1.0,65.0,19.0
P05075,R05075,115.0,65.0,1.0,70.0,16.0
P05076,R05076,90.0,60.0,1.0,95.0,18.0
P05077,R05077,160.0,50.0,1.05,85.0,20.0
P05078,R05078,115.0,70.0,1.0,75.0,16.0
P05079,R05079,100.0,65.0,1.05,85.0,14.0
P05080,R05080,125.0,85.0,1.05,50.0,14.0
P05081,R05081,80.0,80.0,1.0,55.0,15.0
P05082,R05082,110.0,60.0,1.0,55.0,14.0
P05083,R05083,100.0,50.0,0.95,55.0,18.0
P05084,R05084,125.0,85.0,1.0,45.0,13.0
P05085,R05085,125.0,95.0,0.9,30.0,15.0
P05086,R05086,95.0,50.0,1.1,45.0,13.0
P05087,R05087,110.0,80.0,1.0,75.0,15.0
P05088,R05088,110.0,55.0,1.05,45.0,18.0
P05089,R05089,115.0,55.0,1.0,75.0,14.0
P05090,R05090,135.0,105.0,0.95,55.0,17.0
P05091,R05091,120.0,105.0,0.95,85.0,17.0
P05092,R05092,100.0,65.0,0.95,70.0,13.0
P05093,R05093,165.0,80.0,1.1,75.0,14.0
P05094,R05094,100.0,50.0,0.95,55.0,12.0
P05095,R05095,135.0,45.0,1.1,50.0,12.0
P05096,R05096,115.0,100.0,0.95,30.0,12.0
P05097,R05097,110.0,90.0,0.95,70.0,16.0
P05098,R05098,130.0,50.0,0.95,45.0,12.0
P05099,R05099,125.0,110.0,1.1,55.0,12.0
P05100,R05100,115.0,65.0,0.95,30.0,18.0
P05101,R05101,100.0,95.0,0.95,45.0,15.0
P05102,R05102,100.0,80.0,0.9,50.0,12.0
P05103,R05103,100.0,90.0,1.0,50.0,15.0
P05104,R05104,95.0,110.0,1.0,35.0,13.0
P05105,R05105,80.0,100.0,1.15,70.0,15.0
P05106,R05106,125.0,70.0,1.05,75.0,13.0
P05107,R05107,115.0,85.0,1.0,80.0,19.0
P05108,R05108,110.0,50.0,0.9,50.0,12.0
P05109,R05109,90.0,85.0,1.1,70.0,15.0
P05110,R05110,130.0,85.0,1.0,75.0,20.0
P05111,R05111,75.0,80.0,1.0,60.0,14.0
P05112,R05112,140.0,50.0,1.05,80.0,19.0
P05113,R05113,90.0,80.0,1.1,70.0,13.0
P05114,R05114,110.0,75.0,0.9,30.0,15.0
P05115,R05115,85.0,70.0,1.0,80.0,15.0
P05116,R05116,90.0,60.0,1.05,65.0,15.0
P05117,R05117,130.0,65.0,0.9,30.0,15.0
P05118,R05118,155.0,100.0,1.0,45.0,19.0
P05119,R05119,150.0,45.0,1.1,95.0,15.0
P05120,R05120,90.0,100.0,0.95,35.0,13.0
P05121,R05121,120.0,45.0,1.0,75.0,20.0
P05122,R05122,90.0,80.0,1.0,85.0,20.0
P05123,R05123,85.0,70.0,1.0,50.0,14.0
P05124,R05124,110.0,55.0,0.95,65.0,13.0
P05125,R05125,105.0,115.0,1.0,45.0,18.0
P05126,R05126,110.0,55.0,1.0,35.0,13.0
P05127,R05127,120.0,50.0,1.05,40.0,14.0
P05128,R05128,130.0,75.0,0.95,75.0,17.0
P05129,R05129,80.0,50.0,0.95,35.0,13.0
P05130,R05130,130.0,65.0,0.95,75.0,17.0
P05131,R05131,95.0,60.0,1.0,90.0,19.0
P05132,R05132,130.0,90.0,1.1,70.0,13.0
P05133,R05133,145.0,75.0,1.05,60.0,18.0
P05134,R05134,115.0,105.0,1.0,30.0,18.0
P05135,R05135,185.0,55.0,1.05,50.0,19.0
P05136,R05136,115.0,85.0,1.0,80.0,13.0
P05137,R05137,150.0,110.0,1.05,90.0,20.0
P05138,R05138,120.0,50.0,1.0,85.0,14.0
P05139,R05139,115.0,65.0,1.05,55.0,16.0
P05140,R05140,130.0,100.0,1.05,40.0,14.0
P05141,R05141,180.0,75.0,1.05,50.0,18.0
P05142,R05142,80.0,75.0,1.05,70.0,16.0
P05143,R05143,105.0,55.0,1.05,85.0,16.0
P05144,R05144,110.0,50.0,1.1,50.0,18.0
P05145,R05145,85.0,85.0,1.0,45.0,13.0
P05146,R05146,135.0,105.0,0.95,30.0,14.0
P05147,R05147,160.0,50.0,1.05,45.0,19.0
P05148,R05148,160.0,95.0,1.0,40.0,18.0
P05149,R05149,140.0,65.0,1.05,55.0,19.0
P05150,R05150,115.0,115.0,1.05,85.0,16.0
P05151,R05151,90.0,110.0,1.1,65.0,16.0
P05152,R05152,130.0,50.0,0.9,30.0,14.0
P05153,R05153,95.0,65.0,0.95,30.0,14.0
P05154,R05154,125.0,110.0,1.05,75.0,13.0
P05155,R05155,110.0,110.0,1.1,70.0,16.0
P05156,R05156,125.0,65.0,0.95,45.0,15.0
P05157,R05157,125.0,55.0,1.1,85.0,14.0
P05158,R05158,85.0,50.0,1.05,95.0,18.0
P05159,R05159,180.0,60.0,1.1,55.0,19.0
P05160,R05160,120.0,70.0,1.0,75.0,13.0
P05161,R05161,140.0,70.0,1.0,75.0,15.0
P05162,R05162,95.0,85.0,0.95,35.0,13.0
P05163,R05163,105.0,95.0,1.05,35.0,14.0
P05164,R05164,90.0,75.0,1.05,35.0,14.0
P05165,R05165,125.0,85.0,1.0,70.0,13.0
P05166,R05166,90.0,55.0,1.1,85.0,19.0
P05167,R05167,80.0,115.0,1.05,45.0,18.0
P05168,R05168,170.0,90.0,1.1,70.0,18.0
P05169,R05169,150.0,85.0,0.9,75.0,19.0
P05170,R05170,110.0,65.0,1.1,95.0,17.0
P05171,R05171,125.0,115.0,1.05,50.0,15.0
P05172,R05172,110.0,55.0,0.95,50.0,17.0
P05173,R05173,105.0,65.0,1.15,90.0,16.0
P05174,R05174,95.0,100.0,1.1,65.0,16.0
P05175,R05175,100.0,90.0,0.95,45.0,14.0
P05176,R05176,155.0,55.0,1.1,70.0,15.0
P05177,R05177,165.0,110.0,0.95,30.0,18.0
P05178,R05178,95.0,90.0,1.05,75.0,17.0
P05179,R05179,135.0,115.0,0.95,80.0,15.0
P05180,R05180,90.0,110.0,1.05,65.0,15.0
P05181,R05181,90.0,50.0,1.1,50.0,16.0
P05182,R05182,75.0,45.0,1.0,65.0,13.0
P05183,R05183,120.0,95.0,1.05,90.0,19.0
P05184,R05184,125.0,70.0,0.95,45.0,18.0
P05185,R05185,115.0,85.0,1.05,65.0,16.0
P05186,R05186,130.0,75.0,1.0,75.0,16.0
P05187,R05187,110.0,110.0,1.0,75.0,16.0
P05188,R05188,110.0,105.0,0.9,55.0,15.0
P05189,R05189,155.0,70.0,1.05,55.0,18.0
P05190,R05190,125.0,75.0,0.95,45.0,13.0
P05191,R05191,90.0,105.0,1.1,45.0,15.0
P05192,R05192,80.0,55.0,1.05,55.0,17.0
P05193,R05193,125.0,105.0,1.05,90.0,20.0
P05194,R05194,85.0,105.0,1.1,85.0,17.0
P05195,R05195,105.0,90.0,0.95,35.0,13.0
P05196,R05196,115.0,85.0,1.0,40.0,17.0
P05197,R05197,140.0,70.0,1.05,60.0,12.0
P05198,R05198,95.0,60.0,0.95,75.0,17.0
P05199,R05199,85.0,55.0,1.0,55.0,19.0
P05200,R05200,85.0,100.0,0.95,55.0,19.0
P05201,R05201,90.0,100.0,0.95,35.0,15.0
P05202,R05202,80.0,105.0,0.95,70.0,19.0
P05203,R05203,85.0,70.0,1.05,75.0,14.0
P05204,R05204,80.0,75.0,0.9,25.0,12.0
P05205,R05205,125.0,95.0,0.9,55.0,15.0
P05206,R05206,95.0,85.0,1.1,50.0,19.0
P05207,R05207,95.0,90.0,1.05,75.0,17.0
P05208,R05208,125.0,75.0,1.1,50.0,18.0
P05209,R05209,110.0,70.0,0.95,65.0,13.0
P05210,R05210,115.0,60.0,1.0,70.0,18.0
P05211,R05211,100.0,70.0,1.1,70.0,15.0
P05212,R05212,145.0,100.0,1.05,75.0,19.0
P05213,R05213,80.0,100.0,1.15,65.0,19.0
P05214,R05214,165.0,50.0,1.1,85.0,16.0
P05215,R05215,105.0,110.0,1.0,55.0,17.0
P05216,R05216,125.0,110.0,1.1,85.0,19.0
P05217,R05217,100.0,80.0,1.05,75.0,17.0
P05218,R05218,125.0,50.0,0.9,70.0,18.0
P05219,R05219,85.0,90.0,1.05,65.0,15.0
P05220,R05220,90.0,65.0,1.0,45.0,18.0
P05221,R05221,100.0,110.0,1.0,95.0,20.0
P05222,R05222,100.0,100.0,1.05,70.0,13.0
P05223,R05223,135.0,110.0,0.95,45.0,18.0
P05224,R05224,110.0,110.0,1.0,65.0,18.0
P05225,R05225,135.0,105.0,0.9,30.0,17.0
P05226,R05226,130.0,105.0,0.9,75.0,20.0
P05227,R05227,130.0,95.0,0.95,30.0,17.0
P05228,R05228,110.0,100.0,1.0,60.0,18.0
P05229,R05229,80.0,65.0,1.0,50.0,17.0
P05230,R05230,135.0,80.0,0.9,55.0,16.0
P05231,R05231,110.0,45.0,1.05,70.0,16.0
P05232,R05232,85.0,100.0,0.95,70.0,15.0
P05233,R05233,110.0,80.0,1.0,30.0,12.0
P05234,R05234,105.0,105.0,1.0,45.0,19.0
P05235,R05235,90.0,55.0,1.0,85.0,17.0
P05236,R05236,110.0,85.0,0.95,35.0,18.0
P05237,R05237,140.0,95.0,1.1,65.0,18.0
P05238,R05238,120.0,105.0,1.0,85.0,14.0
P05239,R05239,155.0,100.0,0.9,75.0,19.0
P05240,R05240,100.0,50.0,1.0,75.0,16.0
P05241,R05241,95.0,105.0,1.1,65.0,16.0
P05242,R05242,95.0,65.0,1.0,65.0,18.0
P05243,R05243,95.0,105.0,1.15,85.0,20.0
P05244,R05244,100.0,70.0,1.05,65.0,16.0
P05245,R05245,115.0,105.0,1.0,65.0,16.0
P05246,R05246,150.0,75.0,1.0,30.0,18.0
P05247,R05247,80.0,110.0,1.05,85.0,16.0
P05248,R05248,140.0,110.0,1.0,35.0,18.0
P05249,R05249,100.0,60.0,1.0,35.0,13.0
P05250,R05250,110.0,50.0,1.05,95.0,20.0
P05251,R05251,115.0,100.0,1.05,55.0,17.0
P05252,R05252,155.0,70.0,1.0,50.0,18.0
P05253,R05253,100.0,85.0,1.0,85.0,17.0
P05254,R05254,100.0,100.0,1.15,75.0,20.0
P05255,R05255,105.0,85.0,1.0,90.0,20.0
P05256,R05256,130.0,65.0,1.0,95.0,15.0
P05257,R05257,160.0,105.0,0.9,35.0,16.0
P05258,R05258,130.0,75.0,1.05,65.0,16.0
P05259,R05259,135.0,105.0,0.95,35.0,13.0
P05260,R05260,90.0,105.0,1.0,45.0,19.0
P05261,R05261,80.0,80.0,0.95,50.0,17.0
P05262,R05262,115.0,70.0,1.0,55.0,14.0
P05263,R05263,110.0,90.0,1.1,85.0,17.0
P05264,R05264,145.0,110.0,1.05,70.0,13.0
P05265,R05265,145.0,60.0,1.1,85.0,20.0
P05266,R05266,85.0,45.0,1.05,70.0,13.0
P05267,R05267,135.0,55.0,1.0,45.0,18.0
P05268,R05268,85.0,85.0,0.95,50.0,17.0
P05269,R05269,80.0,65.0,1.05,35.0,12.0
P05270,R05270,100.0,55.0,0.95,65.0,15.0
P05271,R05271,140.0,65.0,1.0,55.0,17.0
P05272,R05272,105.0,100.0,1.0,80.0,13.0
P05273,R05273,105.0,100.0,1.1,85.0,14.0
P05274,R05274,135.0,85.0,1.05,50.0,16.0
P05275,R05275,95.0,75.0,1.05,45.0,18.0
P05276,R05276,105.0,50.0,1.0,70.0,15.0
P05277,R05277,95.0,55.0,1.1,65.0,19.0
P05278,R05278,90.0,60.0,1.0,75.0,19.0
P05279,R05279,110.0,55.0,1.0,75.0,18.0
P05280,R05280,100.0,75.0,1.05,55.0,14.0
P05281,R05281,115.0,85.0,1.15,45.0,19.0
P05282,R05282,80.0,60.0,0.95,35.0,14.0
P05283,R05283,105.0,115.0,1.0,25.0,18.0
P05284,R05284,100.0,70.0,1.0,60.0,14.0
P05285,R05285,165.0,70.0,0.95,35.0,18.0
P05286,R05286,140.0,105.0,1.15,95.0,15.0
P05287,R05287,160.0,100.0,1.05,55.0,17.0
P05288,R05288,105.0,55.0,1.0,35.0,12.0
P05289,R05289,115.0,90.0,1.05,55.0,17.0
P05290,R05290,115.0,60.0,1.1,85.0,14.0
P05291,R05291,95.0,100.0,1.05,45.0,13.0
P05292,R05292,115.0,70.0,0.9,25.0,12.0
P05293,R05293,105.0,60.0,1.15,85.0,17.0
P05294,R05294,85.0,55.0,1.1,85.0,17.0
P05295,R05295,135.0,45.0,1.05,85.0,16.0
P05296,R05296,140.0,80.0,1.0,40.0,12.0
P05297,R05297,100.0,65.0,1.0,35.0,19.0
P05298,R05298,100.0,70.0,1.0,45.0,15.0
P05299,R05299,145.0,55.0,1.0,90.0,19.0
P05300,R05300,105.0,50.0,0.95,45.0,16.0
P05301,R05301,110.0,105.0,1.05,70.0,18.0
P05302,R05302,100.0,55.0,1.0,30.0,15.0
P05303,R05303,105.0,100.0,1.0,55.0,16.0
P05304,R05304,155.0,100.0,1.0,85.0,20.0
P05305,R05305,75.0,55.0,1.1,45.0,15.0
P05306,R05306,90.0,85.0,1.0,85.0,16.0
P05307,R05307,120.0,110.0,1.05,65.0,13.0
P05308,R05308,100.0,100.0,1.1,75.0,16.0
P05309,R05309,95.0,85.0,1.05,30.0,17.0
P05310,R05310,120.0,100.0,1.05,50.0,15.0
P05311,R05311,135.0,80.0,1.05,70.0,16.0
P05312,R05312,140.0,80.0,1.05,55.0,20.0
P05313,R05313,110.0,90.0,0.95,25.0,14.0
P05314,R05314,115.0,55.0,0.95,65.0,18.0
P05315,R05315,115.0,55.0,0.9,45.0,17.0
P05316,R05316,90.0,65.0,1.05,55.0,14.0
P05317,R05317,85.0,70.0,1.0,60.0,12.0
P05318,R05318,95.0,90.0,1.0,50.0,17.0
P05319,R05319,120.0,70.0,1.05,45.0,19.0
P05320,R05320,95.0,50.0,1.0,40.0,12.0
P05321,R05321,90.0,50.0,1.0,65.0,18.0
P05322,R05322,135.0,60.0,1.0,35.0,17.0
P05323,R05323,130.0,75.0,1.0,40.0,17.0
P05324,R05324,95.0,65.0,0.95,45.0,18.0
P05325,R05325,115.0,115.0,1.0,30.0,17.0
P05326,R05326,150.0,100.0,1.0,55.0,17.0
P05327,R05327,135.0,65.0,1.0,30.0,17.0
P05328,R05328,160.0,65.0,1.05,60.0,18.0
P05329,R05329,115.0,45.0,1.05,75.0,15.0
P05330,R05330,130.0,50.0,1.0,55.0,19.0
P05331,R05331,95.0,70.0,1.0,85.0,14.0
P05332,R05332,100.0,75.0,0.95,25.0,12.0
P05333,R05333,80.0,60.0,0.95,40.0,14.0
P05334,R05334,150.0,95.0,1.0,80.0,15.0
P05335,R05335,110.0,65.0,0.95,40.0,14.0
P05336,R05336,120.0,55.0,1.05,50.0,19.0
P05337,R05337,120.0,85.0,1.0,60.0,17.0
P05338,R05338,90.0,110.0,0.95,30.0,17.0
P05339,R05339,95.0,85.0,1.0,35.0,15.0
P05340,R05340,130.0,50.0,0.95,70.0,16.0
P05341,R05341,120.0,65.0,1.05,55.0,17.0
P05342,R05342,100.0,50.0,1.1,35.0,18.0
P05343,R05343,155.0,105.0,1.0,45.0,15.0
P05344,R05344,80.0,60.0,1.05,40.0,14.0
P05345,R05345,115.0,85.0,1.05,55.0,12.0
P05346,R05346,120.0,65.0,1.05,65.0,13.0
P05347,R05347,90.0,100.0,1.05,70.0,13.0
P05348,R05348,110.0,90.0,1.1,85.0,16.0
P05349,R05349,90.0,70.0,1.0,65.0,15.0
P05350,R05350,90.0,100.0,1.05,35.0,13.0
P05351,R05351,140.0,70.0,1.0,45.0,15.0
P05352,R05352,110.0,55.0,1.1,40.0,17.0
P05353,R05353,140.0,100.0,1.05,40.0,18.0
P05354,R05354,105.0,65.0,1.0,70.0,15.0
P05355,R05355,145.0,50.0,1.0,55.0,14.0
P05356,R05356,130.0,80.0,0.95,35.0,18.0
P05357,R05357,105.0,75.0,0.95,55.0,18.0
P05358,R05358,150.0,90.0,1.0,30.0,14.0
P05359,R05359,110.0,50.0,1.0,55.0,15.0
P05360,R05360,115.0,90.0,1.05,80.0,19.0
P05361,R05361,135.0,50.0,1.1,95.0,18.0
P05362,R05362,130.0,65.0,0.9,65.0,19.0
P05363,R05363,90.0,100.0,1.0,70.0,13.0
P05364,R05364,90.0,95.0,0.9,30.0,14.0
P05365,R05365,95.0,65.0,1.0,45.0,13.0
P05366,R05366,145.0,65.0,0.95,80.0,16.0
P05367,R05367,125.0,65.0,1.05,30.0,12.0
P05368,R05368,115.0,80.0,0.9,45.0,15.0
P05369,R05369,85.0,70.0,1.0,65.0,15.0
P05370,R05370,140.0,65.0,1.0,70.0,18.0
P05371,R05371,135.0,55.0,1.1,55.0,19.0
P05372,R05372,110.0,95.0,0.95,80.0,13.0
P05373,R05373,110.0,100.0,1.05,90.0,20.0
P05374,R05374,155.0,105.0,1.05,85.0,19.0
P05375,R05375,95.0,45.0,0.95,70.0,15.0
P05376,R05376,140.0,80.0,0.95,40.0,18.0
P05377,R05377,75.0,90.0,1.0,80.0,13.0
P05378,R05378,90.0,115.0,1.05,85.0,14.0
P05379,R05379,120.0,110.0,1.05,45.0,13.0
P05380,R05380,95.0,105.0,1.0,45.0,17.0
P05381,R05381,100.0,70.0,1.05,85.0,17.0
P05382,R05382,95.0,80.0,1.05,45.0,15.0
P05383,R05383,170.0,70.0,1.05,85.0,17.0
P05384,R05384,125.0,100.0,0.9,70.0,19.0
P05385,R05385,155.0,60.0,0.95,70.0,19.0
P05386,R05386,80.0,85.0,1.05,60.0,12.0
P05387,R05387,120.0,85.0,1.05,65.0,18.0
P05388,R05388,105.0,70.0,1.05,90.0,20.0
P05389,R05389,100.0,110.0,1.1,65.0,16.0
P05390,R05390,130.0,105.0,1.1,55.0,18.0
P05391,R05391,125.0,80.0,1.1,90.0,16.0
P05392,R05392,110.0,55.0,1.05,50.0,18.0
P05393,R05393,80.0,105.0,0.95,25.0,15.0
P05394,R05394,150.0,75.0,0.95,80.0,19.0
P05395,R05395,100.0,85.0,0.9,30.0,12.0
P05396,R05396,110.0,110.0,1.0,55.0,13.0
P05397,R05397,105.0,75.0,1.0,80.0,13.0
P05398,R05398,90.0,90.0,1.0,25.0,14.0
P05399,R05399,105.0,65.0,1.1,50.0,16.0
P05400,R05400,125.0,90.0,1.05,95.0,20.0
P05401,R05401,85.0,90.0,1.1,45.0,15.0
P05402,R05402,80.0,100.0,1.0,35.0,13.0
P05403,R05403,110.0,75.0,0.9,65.0,19.0
P05404,R05404,75.0,65.0,0.95,25.0,12.0
P05405,R05405,95.0,110.0,1.1,75.0,14.0
P05406,R05406,110.0,75.0,1.05,85.0,17.0
P05407,R05407,160.0,110.0,1.05,70.0,18.0
P05408,R05408,120.0,105.0,1.0,75.0,13.0
P05409,R05409,105.0,85.0,1.0,55.0,19.0
P05410,R05410,160.0,60.0,1.0,65.0,15.0
P05411,R05411,115.0,110.0,1.0,25.0,18.0
P05412,R05412,105.0,95.0,0.95,40.0,17.0
P05413,R05413,100.0,65.0,0.95,50.0,15.0
P05414,R05414,120.0,70.0,1.05,65.0,19.0
P05415,R05415,95.0,85.0,1.05,75.0,14.0
P05416,R05416,110.0,110.0,0.95,65.0,19.0
P05417,R05417,90.0,80.0,0.9,55.0,18.0
P05418,R05418,100.0,60.0,0.9,30.0,14.0
P05419,R05419,155.0,90.0,0.95,70.0,18.0
P05420,R05420,150.0,60.0,1.0,30.0,17.0
P05421,R05421,85.0,110.0,1.05,75.0,15.0
P05422,R05422,125.0,100.0,1.1,85.0,17.0
P05423,R05423,100.0,65.0,0.95,70.0,19.0
P05424,R05424,105.0,90.0,1.05,40.0,14.0
P05425,R05425,115.0,95.0,1.15,90.0,19.0
P05426,R05426,145.0,50.0,0.9,75.0,14.0
P05427,R05427,115.0,75.0,1.15,70.0,16.0
P05428,R05428,125.0,85.0,1.05,80.0,13.0
P05429,R05429,100.0,85.0,1.05,70.0,16.0
P05430,R05430,115.0,80.0,1.05,80.0,15.0
P05431,R05431,130.0,85.0,0.9,50.0,12.0
P05432,R05432,100.0,70.0,1.05,65.0,18.0
P05433,R05433,120.0,110.0,1.05,45.0,18.0
P05434,R05434,185.0,90.0,1.0,55.0,18.0
P05435,RB05435,115.0,125.0,1.0,85.0,14.0
P05436,RB05436,95.0,85.0,1.05,40.0,12.0
P05437,RB05437,95.0,85.0,1.05,45.0,13.0
P05438,RB05438,95.0,90.0,1.05,50.0,13.0
P05439,RB05439,105.0,70.0,0.95,75.0,13.0
P05440,RB05440,105.0,70.0,0.95,80.0,13.0
P05441,RB05441,105.0,70.0,0.95,85.0,14.0
P05442,RB05442,95.0,70.0,1.0,80.0,13.0
P05443,RB05443,95.0,70.0,1.0,85.0,14.0
P05444,RB05444,95.0,70.0,1.0,90.0,14.0
P05445,RB05445,105.0,110.0,1.0,70.0,13.0
P05446,RB05446,95.0,115.0,1.0,50.0,12.0
P05447,RB05447,80.0,55.0,0.95,70.0,13.0
P05448,RB05448,80.0,55.0,0.95,75.0,14.0
P05449,RB05449,110.0,120.0,1.0,65.0,13.0
P05450,RB05450,110.0,125.0,1.0,65.0,13.0
P05451,RB05451,105.0,55.0,0.9,35.0,13.0
P05452,RB05452,105.0,55.0,0.9,40.0,13.0
P05453,RB05453,110.0,55.0,0.9,45.0,13.0
P05454,RB05454,110.0,55.0,0.9,50.0,13.0
P05455,RB05455,115.0,45.0,0.95,50.0,12.0
P05456,RB05456,115.0,45.0,0.95,55.0,13.0
P05457,RB05457,115.0,45.0,0.95,60.0,13.0
P05458,RB05458,75.0,60.0,1.05,85.0,14.0
P05459,RB05459,75.0,60.0,1.05,90.0,14.0
P05460,RB05460,75.0,65.0,1.05,95.0,15.0
P05461,RB05461,75.0,65.0,1.05,100.0,15.0
P05462,RB05462,125.0,75.0,0.95,75.0,13.0
P05463,RB05463,125.0,80.0,0.95,80.0,13.0
P05464,RB05464,130.0,80.0,0.95,85.0,14.0
P05465,RB05465,90.0,85.0,1.05,65.0,13.0
P05466,RB05466,90.0,85.0,1.05,70.0,13.0
P05467,RB05467,95.0,85.0,1.05,75.0,13.0
P05468,RB05468,95.0,90.0,1.05,80.0,13.0
P05469,RB05469,90.0,85.0,1.0,80.0,13.0
P05470,RB05470,90.0,85.0,1.0,85.0,14.0
P05471,RB05471,90.0,90.0,1.0,90.0,14.0
P05472,RB05472,105.0,55.0,1.05,45.0,13.0
P05473,RB05473,105.0,55.0,1.05,50.0,13.0
P05474,RB05474,105.0,55.0,1.05,55.0,14.0
P05475,RB05475,95.0,65.0,0.9,50.0,12.0
P05476,RB05476,95.0,65.0,0.9,55.0,13.0
P05477,RB05477,95.0,65.0,0.9,60.0,13.0
P05478,RB05478,75.0,50.0,0.95,65.0,13.0
P05479,RB05479,75.0,55.0,0.95,70.0,13.0
P05480,RB05480,75.0,55.0,0.95,75.0,14.0
P05481,RB05481,75.0,55.0,0.95,80.0,14.0
P05482,RB05482,145.0,50.0,1.1,85.0,14.0
P05483,RB05483,120.0,100.0,1.0,80.0,13.0
P05484,RB05484,80.0,85.0,1.05,85.0,14.0
P05485,RB05485,80.0,90.0,1.05,90.0,14.0
P05486,RB05486,80.0,90.0,1.05,95.0,15.0
P05487,RB05487,80.0,90.0,1.05,100.0,15.0
P05488,RB05488,110.0,80.0,1.0,30.0,12.0
P05489,RB05489,110.0,80.0,1.0,35.0,13.0
P05490,RB05490,115.0,80.0,1.0,40.0,13.0
P05491,RB05491,115.0,85.0,1.0,45.0,13.0
P05492,RB05492,95.0,50.0,1.05,95.0,15.0
P05493,RB05493,95.0,50.0,1.05,100.0,15.0
P05494,RB05494,95.0,50.0,1.05,105.0,15.0
P05495,RB05495,85.0,80.0,1.05,75.0,13.0
P05496,RB05496,85.0,85.0,1.05,80.0,13.0
P05497,RB05497,85.0,85.0,1.05,85.0,14.0
P05498,RB05498,85.0,85.0,1.05,90.0,14.0
P05499,RB05499,135.0,95.0,1.0,35.0,13.0
P05500,RB05500,140.0,100.0,1.0,40.0,13.0
P05501,RB05501,140.0,100.0,1.0,45.0,13.0
P05502,RB05502,90.0,80.0,1.05,45.0,13.0
P05503,RB05503,95.0,80.0,1.05,50.0,13.0
P05504,RB05504,95.0,80.0,1.05,55.0,14.0
P05505,RB05505,95.0,85.0,1.05,60.0,14.0
P05506,RB05506,105.0,80.0,1.05,85.0,14.0
P05507,RB05507,105.0,80.0,1.05,85.0,14.0
P05508,RB05508,130.0,55.0,1.0,65.0,13.0
P05509,RB05509,135.0,55.0,1.0,70.0,13.0
P05510,RB05510,135.0,55.0,1.0,75.0,13.0
P05511,RB05511,135.0,55.0,1.0,80.0,13.0
P05512,RB05512,85.0,50.0,1.0,25.0,12.0
P05513,RB05513,90.0,50.0,1.0,30.0,12.0
P05514,RB05514,90.0,55.0,1.0,35.0,13.0
P05515,RB05515,95.0,50.0,1.05,55.0,14.0
P05516,RB05516,95.0,50.0,1.05,60.0,14.0
P05517,RB05517,95.0,50.0,1.05,65.0,14.0
P05518,RB05518,95.0,50.0,1.05,70.0,14.0
P05519,RB05519,70.0,90.0,1.05,40.0,12.0
P05520,RB05520,70.0,90.0,1.05,45.0,13.0
P05521,RB05521,70.0,90.0,1.05,50.0,13.0
P05522,RB05522,135.0,115.0,1.05,50.0,12.0
P05523,RB05523,115.0,80.0,1.05,75.0,14.0
P05524,RB05524,115.0,95.0,1.1,65.0,13.0
P05525,RB05525,115.0,100.0,1.1,70.0,13.0
P05526,RB05526,115.0,100.0,1.1,75.0,13.0
P05527,RB05527,150.0,115.0,1.05,95.0,15.0
P05528,RB05528,150.0,120.0,1.05,105.0,15.0
P05529,RB05529,120.0,105.0,0.95,50.0,12.0
P05530,RB05530,120.0,105.0,0.95,55.0,13.0
P05531,RB05531,125.0,110.0,0.95,60.0,13.0
P05532,RB05532,100.0,65.0,1.0,65.0,13.0
P05533,RB05533,100.0,65.0,1.0,70.0,13.0
P05534,RB05534,100.0,70.0,1.0,75.0,14.0
P05535,RB05535,120.0,130.0,1.15,100.0,15.0
P05536,RB05536,120.0,135.0,1.15,105.0,15.0
P05537,RB05537,120.0,135.0,1.15,110.0,15.0
P05538,RB05538,125.0,140.0,1.15,115.0,15.0
P05539,RB05539,100.0,70.0,1.0,30.0,12.0
P05540,RB05540,110.0,70.0,0.95,45.0,12.0
P05541,RB05541,110.0,75.0,0.95,50.0,12.0
P05542,RB05542,110.0,75.0,0.95,55.0,13.0
P05543,RB05543,90.0,90.0,1.05,45.0,13.0
P05544,RB05544,90.0,90.0,1.05,55.0,14.0
P05545,RB05545,105.0,95.0,0.95,70.0,13.0
P05546,RB05546,120.0,75.0,1.0,80.0,13.0
P05547,RB05547,130.0,115.0,1.0,90.0,14.0
P05548,RB05548,130.0,120.0,1.0,95.0,15.0
P05549,RB05549,95.0,60.0,1.1,85.0,14.0
P05550,RB05550,95.0,65.0,1.1,95.0,15.0
P05551,RB05551,125.0,80.0,1.05,50.0,13.0
P05552,RB05552,130.0,85.0,1.05,55.0,14.0
P05553,RB05553,130.0,85.0,1.05,60.0,14.0
P05554,RB05554,120.0,75.0,1.1,45.0,13.0
P05555,RB05555,125.0,75.0,1.1,55.0,14.0
P05556,RB05556,100.0,100.0,1.05,50.0,13.0
P05557,RB05557,100.0,100.0,1.05,55.0,14.0
P05558,RB05558,100.0,105.0,1.05,60.0,14.0
P05559,RB05559,85.0,65.0,1.0,70.0,13.0
P05560,RB05560,85.0,65.0,1.0,75.0,14.0
P05561,RB05561,85.0,65.0,1.0,80.0,14.0
P05562,RB05562,75.0,60.0,1.05,85.0,14.0
P05563,RB05563,75.0,60.0,1.05,90.0,14.0
P05564,RB05564,75.0,65.0,1.05,95.0,15.0
P05565,RB05565,125.0,85.0,1.0,45.0,13.0
P05566,RB05566,130.0,85.0,1.0,50.0,13.0
P05567,RB05567,130.0,90.0,1.0,55.0,14.0
P05568,RB05568,110.0,115.0,1.1,65.0,13.0
P05569,RB05569,110.0,115.0,1.1,70.0,13.0
P05570,RB05570,110.0,115.0,1.1,75.0,14.0
P05571,RB05571,90.0,110.0,0.95,85.0,14.0
P05572,RB05572,90.0,110.0,0.95,90.0,14.0
P05573,RB05573,95.0,115.0,0.95,95.0,14.0
P05574,RB05574,95.0,115.0,0.95,100.0,14.0
P05575,RB05575,120.0,50.0,1.05,95.0,15.0
P05576,RB05576,120.0,50.0,1.05,100.0,15.0
P05577,RB05577,120.0,50.0,1.05,105.0,15.0
P05578,RB05578,85.0,60.0,0.95,35.0,13.0
P05579,RB05579,85.0,60.0,0.95,40.0,13.0
P05580,RB05580,90.0,60.0,0.95,45.0,13.0
P05581,RB05581,100.0,70.0,0.95,35.0,12.0
P05582,RB05582,105.0,75.0,0.95,40.0,12.0
P05583,RB05583,105.0,75.0,0.95,45.0,13.0
P05584,RB05584,105.0,75.0,0.95,50.0,13.0
P05585,RB05585,90.0,90.0,1.0,95.0,15.0
P05586,RB05586,90.0,95.0,1.0,100.0,15.0
P05587,RB05587,90.0,95.0,1.0,105.0,15.0
P05588,RB05588,95.0,95.0,1.0,110.0,15.0
P05589,RB05589,85.0,70.0,1.0,60.0,12.0
P05590,RB05590,85.0,70.0,1.0,65.0,13.0
P05591,RB05591,85.0,70.0,1.0,70.0,13.0
P05592,RB05592,115.0,125.0,1.0,90.0,14.0
P05593,RB05593,120.0,130.0,1.0,95.0,14.0
P05594,RB05594,120.0,130.0,1.0,100.0,14.0
P05595,RB05595,120.0,135.0,1.0,105.0,14.0
P05596,RB05596,115.0,70.0,1.0,65.0,13.0
P05597,RB05597,115.0,70.0,1.0,70.0,13.0
P05598,RB05598,115.0,70.0,1.0,75.0,14.0
P05599,RB05599,115.0,75.0,1.0,80.0,14.0
P05600,RB05600,120.0,80.0,1.0,45.0,13.0
P05601,RB05601,120.0,80.0,1.0,50.0,13.0
P05602,RB05602,125.0,85.0,1.0,55.0,13.0
P05603,RB05603,125.0,85.0,1.0,60.0,13.0
P05604,RB05604,125.0,55.0,0.9,30.0,12.0
P05605,RB05605,125.0,60.0,0.9,35.0,13.0
P05606,RB05606,130.0,60.0,0.9,40.0,13.0
P05607,RB05607,90.0,90.0,1.05,50.0,13.0
P05608,RB05608,90.0,90.0,1.05,55.0,14.0
P05609,RB05609,90.0,90.0,1.05,60.0,14.0
P05610,RB05610,90.0,95.0,1.05,65.0,14.0
P05611,RB05611,135.0,105.0,1.0,35.0,12.0
P05612,RB05612,140.0,110.0,1.0,40.0,12.0
P05613,RB05613,140.0,110.0,1.0,45.0,13.0
P05614,RB05614,140.0,115.0,1.0,50.0,13.0
P05615,RB05615,150.0,115.0,1.05,95.0,15.0
P05616,RB05616,150.0,120.0,1.05,100.0,15.0
P05617,RB05617,155.0,120.0,1.05,105.0,15.0
P05618,RB05618,155.0,125.0,1.05,110.0,15.0
P05619,RB05619,80.0,80.0,1.05,35.0,12.0
P05620,RB05620,80.0,80.0,1.05,40.0,12.0
P05621,RB05621,80.0,80.0,1.05,45.0,13.0
P05622,RB05622,80.0,80.0,1.05,50.0,13.0
P05623,RB05623,70.0,50.0,0.95,65.0,13.0
P05624,RB05624,70.0,50.0,0.95,70.0,13.0
P05625,RB05625,70.0,50.0,0.95,75.0,14.0
P05626,RB05626,70.0,50.0,0.95,80.0,14.0
P05627,RB05627,125.0,115.0,1.05,55.0,13.0
P05628,RB05628,130.0,50.0,0.95,45.0,12.0
P05629,RB05629,130.0,50.0,0.95,50.0,12.0
P05630,RB05630,135.0,50.0,0.95,55.0,13.0
P05631,RB05631,80.0,55.0,1.0,75.0,13.0
P05632,RB05632,80.0,55.0,1.0,80.0,13.0
P05633,RB05633,80.0,55.0,1.0,85.0,14.0
P05634,RB05634,95.0,85.0,1.0,95.0,15.0
P05635,RB05635,95.0,90.0,1.0,95.0,15.0
P05636,RB05636,110.0,55.0,1.1,85.0,14.0
P05637,RB05637,110.0,55.0,1.1,90.0,14.0
P05638,RB05638,115.0,55.0,1.1,95.0,15.0
P05639,RB05639,115.0,55.0,1.1,100.0,15.0
P05640,RB05640,100.0,90.0,1.05,75.0,14.0
P05641,RB05641,100.0,90.0,1.05,75.0,14.0
P05642,RB05642,95.0,55.0,1.0,65.0,13.0
P05643,RB05643,95.0,55.0,1.0,70.0,13.0
P05644,RB05644,95.0,55.0,1.0,75.0,14.0
P05645,RB05645,100.0,55.0,1.0,80.0,14.0
P05646,RB05646,125.0,70.0,1.0,65.0,13.0
P05647,RB05647,125.0,75.0,1.0,75.0,14.0
P05648,RB05648,115.0,115.0,1.05,55.0,14.0
P05649,RB05649,115.0,120.0,1.05,65.0,14.0
P05650,RB05650,115.0,70.0,0.95,75.0,14.0
P05651,RB05651,115.0,70.0,0.95,75.0,14.0
P05652,RB05652,145.0,45.0,1.1,55.0,13.0
P05653,RB05653,145.0,50.0,1.1,60.0,13.0
P05654,RB05654,150.0,50.0,1.1,65.0,13.0
P05655,RB05655,150.0,50.0,1.1,70.0,13.0
P05656,RB05656,160.0,55.0,0.95,35.0,13.0
P05657,RB05657,160.0,55.0,0.95,40.0,13.0
P05658,RB05658,160.0,55.0,0.95,45.0,13.0
P05659,RB05659,165.0,55.0,0.95,50.0,13.0
P05660,RB05660,140.0,70.0,1.0,55.0,12.0
P05661,RB05661,140.0,70.0,1.0,60.0,12.0
P05662,RB05662,100.0,50.0,0.95,50.0,12.0
P05663,RB05663,105.0,50.0,0.95,55.0,13.0
P05664,RB05664,105.0,55.0,0.95,60.0,13.0
P05665,RB05665,80.0,75.0,1.05,65.0,13.0
P05666,RB05666,80.0,80.0,1.05,70.0,13.0
P05667,RB05667,80.0,80.0,1.05,75.0,14.0
P05668,RB05668,90.0,60.0,1.0,55.0,12.0
P05669,RB05669,90.0,60.0,1.0,60.0,12.0
P05670,RB05670,90.0,60.0,1.0,65.0,13.0
P05671,RB05671,90.0,60.0,1.0,70.0,13.0
P05672,RB05672,140.0,50.0,0.95,70.0,13.0
P05673,RB05673,140.0,55.0,0.95,75.0,14.0
P05674,RB05674,145.0,55.0,0.95,80.0,14.0
P05675,RB05675,135.0,85.0,1.0,80.0,13.0
P05676,RB05676,135.0,85.0,1.0,85.0,14.0
P05677,RB05677,135.0,90.0,1.0,90.0,14.0
P05678,RB05678,140.0,90.0,1.0,95.0,14.0
P05679,RB05679,110.0,60.0,1.0,85.0,14.0
P05680,RB05680,110.0,65.0,1.0,90.0,14.0
P05681,RB05681,110.0,65.0,1.0,95.0,15.0
P05682,RB05682,110.0,65.0,1.0,100.0,15.0
P05683,RB05683,90.0,55.0,1.0,85.0,14.0
P05684,RB05684,90.0,55.0,1.0,90.0,14.0
P05685,RB05685,90.0,55.0,1.0,95.0,14.0
P05686,RB05686,90.0,60.0,1.0,100.0,14.0
P05687,RB05687,90.0,135.0,0.95,75.0,14.0
P05688,RB05688,90.0,140.0,0.95,80.0,14.0
P05689,RB05689,105.0,90.0,0.95,75.0,14.0
P05690,RB05690,90.0,110.0,1.1,50.0,13.0
P05691,RB05691,95.0,110.0,1.1,55.0,14.0
P05692,RB05692,120.0,105.0,1.0,80.0,13.0
P05693,RB05693,125.0,110.0,1.0,85.0,14.0
P05694,RB05694,125.0,110.0,1.0,90.0,14.0
P05695,RB05695,130.0,50.0,1.0,95.0,15.0
P05696,RB05696,130.0,50.0,1.0,100.0,15.0
P05697,RB05697,130.0,50.0,1.0,105.0,15.0
P05698,RB05698,80.0,55.0,1.05,35.0,12.0
P05699,RB05699,80.0,55.0,1.05,40.0,12.0
P05700,RB05700,80.0,60.0,1.05,45.0,13.0
P05701,RB05701,130.0,70.0,1.0,75.0,14.0
P05702,RB05702,130.0,70.0,1.0,75.0,14.0
P05703,RB05703,85.0,85.0,1.05,45.0,13.0
P05704,RB05704,125.0,100.0,1.05,85.0,14.0
P05705,RB05705,125.0,105.0,1.05,90.0,14.0
P05706,RB05706,130.0,105.0,1.05,95.0,14.0
P05707,RB05707,130.0,105.0,1.05,100.0,14.0
P05708,RB05708,75.0,100.0,0.95,75.0,13.0
P05709,RB05709,75.0,100.0,0.95,80.0,13.0
P05710,RB05710,130.0,95.0,1.05,65.0,13.0
P05711,RB05711,110.0,45.0,0.95,65.0,13.0
P05712,RB05712,110.0,50.0,0.95,70.0,13.0
P05713,RB05713,110.0,50.0,0.95,75.0,13.0
P05714,RB05714,110.0,75.0,1.15,65.0,13.0
P05715,RB05715,110.0,75.0,1.15,70.0,13.0
P05716,RB05716,110.0,75.0,1.15,75.0,14.0
P05717,RB05717,115.0,75.0,1.15,80.0,14.0
P05718,RB05718,110.0,110.0,1.05,85.0,14.0
P05719,RB05719,110.0,115.0,1.05,95.0,15.0
P05720,RB05720,110.0,85.0,1.0,45.0,12.0
P05721,RB05721,110.0,90.0,1.0,50.0,12.0
P05722,RB05722,110.0,90.0,1.0,55.0,13.0
P05723,RB05723,110.0,90.0,1.0,60.0,13.0
P05724,RB05724,115.0,70.0,1.0,45.0,12.0
P05725,RB05725,115.0,75.0,1.0,50.0,12.0
P05726,RB05726,115.0,75.0,1.0,55.0,13.0
P05727,RB05727,145.0,85.0,1.05,40.0,12.0
P05728,RB05728,145.0,85.0,1.05,45.0,13.0
P05729,RB05729,150.0,85.0,1.05,50.0,13.0
P05730,RB05730,110.0,120.0,0.95,40.0,13.0
P05731,RB05731,115.0,125.0,0.95,45.0,13.0
P05732,RB05732,120.0,50.0,0.95,75.0,13.0
P05733,RB05733,120.0,50.0,0.95,80.0,13.0
P05734,RB05734,120.0,50.0,0.95,85.0,14.0
P05735,RB05735,110.0,115.0,1.0,35.0,13.0
P05736,RB05736,85.0,65.0,1.1,85.0,14.0
P05737,RB05737,90.0,115.0,1.05,55.0,14.0
P05738,RB05738,90.0,115.0,1.05,60.0,14.0
P05739,RB05739,85.0,95.0,1.05,80.0,13.0
P05740,RB05740,85.0,100.0,1.05,85.0,14.0
P05741,RB05741,85.0,100.0,1.05,90.0,14.0
P05742,RB05742,85.0,60.0,1.1,90.0,14.0
P05743,RB05743,85.0,65.0,1.1,95.0,15.0
P05744,RB05744,100.0,100.0,0.95,70.0,13.0
P05745,RB05745,100.0,105.0,0.95,75.0,14.0
P05746,RB05746,105.0,105.0,0.95,80.0,14.0
P05747,RB05747,115.0,145.0,0.95,85.0,14.0
P05748,RB05748,115.0,150.0,0.95,90.0,14.0
P05749,RB05749,120.0,150.0,0.95,95.0,14.0
P05750,RB05750,120.0,155.0,0.95,95.0,14.0
P05751,RB05751,85.0,85.0,0.95,75.0,14.0
P05752,RB05752,85.0,85.0,0.95,80.0,14.0
P05753,RB05753,85.0,85.0,0.95,85.0,14.0
P05754,RB05754,120.0,90.0,1.05,80.0,13.0
P05755,RB05755,120.0,90.0,1.05,85.0,14.0
P05756,RB05756,120.0,95.0,1.05,90.0,14.0
P05757,RB05757,110.0,60.0,1.0,55.0,14.0
P05758,RB05758,115.0,60.0,1.0,60.0,14.0
P05759,RB05759,115.0,60.0,1.0,65.0,14.0
P05760,RB05760,135.0,90.0,0.9,35.0,13.0
P05761,RB05761,135.0,90.0,0.9,40.0,13.0
P05762,RB05762,135.0,95.0,0.9,45.0,13.0
P05763,RB05763,85.0,80.0,1.05,75.0,13.0
P05764,RB05764,85.0,85.0,1.05,80.0,13.0
P05765,RB05765,85.0,85.0,1.05,85.0,14.0
P05766,RB05766,115.0,100.0,0.9,55.0,13.0
P05767,RB05767,120.0,100.0,0.9,60.0,13.0
P05768,RB05768,120.0,105.0,0.9,65.0,13.0
P05769,RB05769,140.0,70.0,1.0,55.0,12.0
P05770,RB05770,140.0,70.0,1.0,60.0,12.0
P05771,RB05771,140.0,75.0,1.0,65.0,13.0
P05772,RB05772,145.0,75.0,1.0,70.0,13.0
P05773,RB05773,115.0,90.0,0.95,40.0,12.0
P05774,RB05774,115.0,90.0,0.95,45.0,13.0
P05775,RB05775,155.0,90.0,0.9,75.0,14.0
P05776,RB05776,160.0,90.0,0.9,80.0,14.0
P05777,RB05777,160.0,95.0,0.9,85.0,14.0
P05778,RB05778,165.0,95.0,0.9,90.0,14.0
P05779,RB05779,110.0,85.0,1.0,45.0,12.0
P05780,RB05780,110.0,90.0,1.0,50.0,12.0
P05781,RB05781,110.0,90.0,1.0,55.0,13.0
P05782,RB05782,110.0,85.0,1.0,90.0,14.0
P05783,RB05783,110.0,90.0,1.0,95.0,15.0
P05784,RB05784,110.0,90.0,1.0,100.0,15.0
P05785,RB05785,110.0,90.0,1.0,105.0,15.0
P05786,RB05786,125.0,45.0,1.05,40.0,12.0
P05787,RB05787,125.0,45.0,1.05,45.0,13.0
P05788,RB05788,130.0,45.0,1.05,50.0,13.0
P05789,RB05789,130.0,45.0,1.05,55.0,13.0
P05790,RB05790,95.0,80.0,1.05,65.0,13.0
P05791,RB05791,95.0,85.0,1.05,70.0,13.0
P05792,RB05792,135.0,55.0,0.95,85.0,14.0
P05793,RB05793,135.0,55.0,0.95,90.0,14.0
P05794,RB05794,135.0,95.0,1.0,75.0,14.0
P05795,RB05795,135.0,95.0,1.0,80.0,14.0
P05796,RB05796,135.0,100.0,1.0,85.0,14.0
P05797,RB05797,135.0,100.0,1.0,90.0,14.0
P05798,RB05798,90.0,90.0,1.0,75.0,13.0
P05799,RB05799,95.0,90.0,1.0,85.0,14.0
P05800,RB05800,120.0,115.0,0.95,85.0,14.0
P05801,RB05801,120.0,115.0,0.95,90.0,14.0
P05802,RB05802,120.0,115.0,0.95,95.0,14.0
P05803,RB05803,120.0,120.0,0.95,100.0,14.0
P05804,RB05804,95.0,75.0,1.0,55.0,12.0
P05805,RB05805,95.0,75.0,1.0,60.0,12.0
P05806,RB05806,95.0,80.0,1.0,65.0,13.0
P05807,RB05807,100.0,75.0,1.0,65.0,13.0
P05808,RB05808,100.0,75.0,1.0,70.0,13.0
P05809,RB05809,105.0,75.0,1.0,75.0,14.0
P05810,RB05810,105.0,75.0,1.0,80.0,14.0
P05811,RB05811,80.0,90.0,1.05,50.0,13.0
P05812,RB05812,80.0,90.0,1.05,55.0,14.0
P05813,RB05813,115.0,90.0,1.05,60.0,12.0
P05814,RB05814,115.0,95.0,1.05,65.0,13.0
P05815,RB05815,120.0,95.0,1.05,70.0,13.0
P05816,RB05816,105.0,75.0,0.95,30.0,12.0
P05817,RB05817,105.0,75.0,0.95,35.0,13.0
P05818,RB05818,110.0,75.0,0.95,40.0,13.0
P05819,RB05819,110.0,75.0,0.95,45.0,13.0
P05820,RB05820,100.0,80.0,0.95,50.0,12.0
P05821,RB05821,100.0,80.0,0.95,55.0,13.0
P05822,RB05822,105.0,80.0,0.95,60.0,13.0
P05823,RB05823,105.0,80.0,0.95,65.0,13.0
P05824,RB05824,145.0,140.0,1.1,90.0,14.0
P05825,RB05825,145.0,140.0,1.1,95.0,14.0
P05826,RB05826,145.0,145.0,1.1,100.0,14.0
P05827,RB05827,150.0,145.0,1.1,105.0,14.0
P05828,RB05828,115.0,60.0,1.15,65.0,13.0
P05829,RB05829,115.0,60.0,1.15,70.0,13.0
P05830,RB05830,115.0,60.0,1.15,75.0,14.0
P05831,RB05831,110.0,70.0,1.05,45.0,13.0
P05832,RB05832,110.0,70.0,1.05,50.0,13.0
P05833,RB05833,110.0,70.0,1.05,55.0,14.0
P05834,RB05834,115.0,70.0,1.05,60.0,14.0
P05835,RB05835,145.0,70.0,0.95,50.0,12.0
P05836,RB05836,145.0,75.0,0.95,55.0,13.0
P05837,RB05837,125.0,85.0,1.0,95.0,15.0
P05838,RB05838,125.0,85.0,1.0,100.0,15.0
P05839,RB05839,125.0,85.0,1.0,105.0,15.0
P05840,RB05840,85.0,115.0,0.9,45.0,12.0
P05841,RB05841,80.0,50.0,0.95,45.0,12.0
P05842,RB05842,85.0,55.0,0.95,50.0,12.0
P05843,RB05843,90.0,45.0,1.0,55.0,13.0
P05844,RB05844,90.0,45.0,1.0,60.0,13.0
P05845,RB05845,95.0,50.0,1.0,65.0,13.0
P05846,RB05846,115.0,90.0,1.0,35.0,13.0
P05847,RB05847,90.0,55.0,1.0,35.0,13.0
P05848,RB05848,90.0,55.0,1.0,40.0,13.0
P05849,RB05849,125.0,115.0,1.0,85.0,14.0
P05850,RB05850,125.0,120.0,1.0,90.0,14.0
P05851,RB05851,75.0,100.0,1.0,50.0,12.0
P05852,RB05852,115.0,55.0,1.0,75.0,14.0
P05853,RB05853,115.0,55.0,1.0,80.0,14.0
P05854,RB05854,120.0,55.0,1.0,85.0,14.0
P05855,RB05855,75.0,50.0,0.9,30.0,12.0
P05856,RB05856,75.0,50.0,0.9,35.0,13.0
P05857,RB05857,130.0,55.0,1.0,75.0,13.0
P05858,RB05858,130.0,55.0,1.0,85.0,14.0
P05859,RB05859,90.0,70.0,1.0,80.0,13.0
P05860,RB05860,90.0,70.0,1.0,85.0,14.0
P05861,RB05861,90.0,70.0,1.0,90.0,14.0
P05862,RB05862,90.0,55.0,1.15,35.0,12.0
P05863,RB05863,90.0,55.0,1.15,45.0,13.0
P05864,RB05864,110.0,100.0,1.0,40.0,12.0
P05865,RB05865,110.0,105.0,1.0,45.0,13.0
P05866,RB05866,110.0,105.0,1.0,50.0,13.0
P05867,RB05867,85.0,90.0,1.0,45.0,13.0
P05868,RB05868,85.0,95.0,1.0,50.0,13.0
P05869,RB05869,85.0,95.0,1.0,55.0,13.0
P05870,RB05870,85.0,95.0,1.0,60.0,13.0
P05871,RB05871,110.0,90.0,1.05,50.0,13.0
P05872,RB05872,115.0,90.0,1.05,55.0,14.0
P05873,RB05873,115.0,95.0,1.05,60.0,14.0
P05874,RB05874,115.0,95.0,1.05,65.0,14.0
P05875,RB05875,85.0,60.0,1.05,45.0,13.0
P05876,RB05876,85.0,65.0,1.05,50.0,13.0
P05877,RB05877,85.0,65.0,1.05,55.0,13.0
P05878,RB05878,105.0,55.0,0.9,35.0,13.0
P05879,RB05879,105.0,55.0,0.9,40.0,13.0
P05880,RB05880,155.0,100.0,1.05,75.0,14.0
P05881,RB05881,155.0,100.0,1.05,80.0,14.0
P05882,RB05882,160.0,100.0,1.05,85.0,14.0
P05883,RB05883,130.0,80.0,1.1,55.0,14.0
P05884,RB05884,130.0,80.0,1.1,60.0,14.0
P05885,RB05885,135.0,80.0,1.1,65.0,14.0
P05886,RB05886,135.0,85.0,1.1,70.0,14.0
P05887,RB05887,95.0,55.0,1.0,70.0,13.0
P05888,RB05888,95.0,55.0,1.0,75.0,14.0
P05889,RB05889,110.0,80.0,1.05,35.0,13.0
P05890,RB05890,110.0,80.0,1.05,40.0,13.0
P05891,RB05891,110.0,85.0,1.05,45.0,13.0
P05892,RB05892,120.0,80.0,1.05,65.0,13.0
P05893,RB05893,120.0,80.0,1.05,75.0,14.0
P05894,RB05894,125.0,120.0,1.05,100.0,15.0
P05895,RB05895,130.0,120.0,1.05,105.0,15.0
P05896,RB05896,130.0,120.0,1.05,110.0,15.0
P05897,RB05897,130.0,125.0,1.05,115.0,15.0
P05898,RB05898,90.0,100.0,1.05,55.0,14.0
P05899,RB05899,90.0,100.0,1.05,60.0,14.0
P05900,RB05900,90.0,105.0,1.05,65.0,14.0
P05901,RB05901,90.0,105.0,1.05,70.0,14.0
P05902,RB05902,120.0,90.0,1.05,80.0,13.0
P05903,RB05903,120.0,90.0,1.05,85.0,14.0
P05904,RB05904,120.0,95.0,1.05,90.0,14.0
P05905,RB05905,120.0,95.0,1.05,95.0,14.0
P05906,RB05906,95.0,95.0,1.0,55.0,12.0
P05907,RB05907,95.0,95.0,1.0,60.0,12.0
P05908,RB05908,95.0,95.0,1.0,65.0,13.0
P05909,RB05909,95.0,100.0,1.0,70.0,13.0
P05910,RB05910,95.0,115.0,0.95,40.0,12.0
P05911,RB05911,100.0,115.0,0.95,45.0,13.0
P05912,RB05912,100.0,120.0,0.95,50.0,13.0
P05913,RB05913,75.0,90.0,1.05,65.0,13.0
P05914,RB05914,80.0,90.0,1.05,70.0,13.0
P05915,RB05915,80.0,95.0,1.05,75.0,14.0
P05916,RB05916,125.0,70.0,1.05,95.0,15.0
P05917,RB05917,115.0,85.0,1.05,55.0,12.0
P05918,RB05918,115.0,85.0,1.05,60.0,12.0
P05919,RB05919,115.0,85.0,1.05,65.0,13.0
P05920,RB05920,115.0,90.0,1.05,70.0,13.0
P05921,RB05921,100.0,105.0,1.0,75.0,14.0
P05922,RB05922,105.0,110.0,1.0,75.0,14.0
P05923,RB05923,115.0,110.0,0.95,25.0,12.0
P05924,RB05924,115.0,115.0,0.95,30.0,12.0
P05925,RB05925,115.0,115.0,0.95,35.0,13.0
P05926,RB05926,115.0,115.0,0.95,40.0,13.0
P05927,RB05927,80.0,110.0,1.05,45.0,13.0
P05928,RB05928,80.0,115.0,1.05,50.0,13.0
P05929,RB05929,80.0,115.0,1.05,55.0,13.0
P05930,RB05930,80.0,115.0,1.05,60.0,13.0
P05931,RB05931,90.0,100.0,1.05,45.0,13.0
P05932,RB05932,95.0,105.0,1.05,50.0,13.0
P05933,RB05933,95.0,105.0,1.05,55.0,13.0
P05934,RB05934,120.0,55.0,1.1,85.0,14.0
P05935,RB05935,120.0,60.0,1.1,95.0,15.0
P05936,RB05936,110.0,65.0,1.0,85.0,14.0
P05937,RB05937,110.0,70.0,1.0,90.0,14.0
P05938,RB05938,110.0,70.0,1.0,95.0,15.0
P05939,RB05939,135.0,100.0,0.95,35.0,12.0
P05940,RB05940,135.0,105.0,0.95,40.0,12.0
P05941,RB05941,135.0,105.0,0.95,45.0,13.0
P05942,RB05942,110.0,65.0,1.1,90.0,14.0
P05943,RB05943,115.0,65.0,1.1,95.0,15.0
P05944,RB05944,100.0,105.0,1.0,45.0,12.0
P05945,RB05945,100.0,105.0,1.0,50.0,12.0
P05946,RB05946,100.0,105.0,1.0,55.0,13.0
P05947,RB05947,75.0,95.0,0.95,65.0,13.0
P05948,RB05948,80.0,100.0,0.95,70.0,13.0
P05949,RB05949,80.0,100.0,0.95,75.0,14.0
P05950,RB05950,80.0,100.0,0.95,80.0,14.0
P05951,RB05951,115.0,95.0,1.05,65.0,13.0
P05952,RB05952,115.0,100.0,1.05,70.0,13.0
P05953,RB05953,115.0,100.0,1.05,75.0,14.0
P05954,RB05954,120.0,100.0,1.05,80.0,14.0
P05955,RB05955,85.0,65.0,1.1,85.0,14.0
P05956,RB05956,85.0,65.0,1.1,90.0,14.0
P05957,RB05957,85.0,65.0,1.1,95.0,15.0
P05958,RB05958,85.0,65.0,1.1,100.0,15.0
P05959,RB05959,110.0,80.0,1.05,90.0,14.0
P05960,RB05960,110.0,85.0,1.05,95.0,15.0
P05961,RB05961,110.0,85.0,1.05,100.0,15.0
P05962,RB05962,115.0,85.0,1.05,105.0,15.0
P05963,RB05963,110.0,95.0,1.05,40.0,12.0
P05964,RB05964,110.0,95.0,1.05,45.0,13.0
P05965,RB05965,110.0,95.0,1.05,50.0,13.0
P05966,RB05966,110.0,95.0,1.05,55.0,13.0
P05967,RB05967,120.0,60.0,1.1,55.0,14.0
P05968,RB05968,120.0,60.0,1.1,60.0,14.0
P05969,RB05969,125.0,60.0,1.1,65.0,14.0
P05970,RB05970,125.0,60.0,1.1,70.0,14.0
P05971,RB05971,150.0,65.0,1.05,75.0,14.0
P05972,RB05972,150.0,70.0,1.05,75.0,14.0
P05973,RB05973,95.0,45.0,1.15,45.0,13.0
P05974,RB05974,100.0,45.0,1.15,50.0,13.0
P05975,RB05975,100.0,45.0,1.15,55.0,14.0
P05976,RB05976,115.0,95.0,1.1,70.0,13.0
P05977,RB05977,115.0,100.0,1.1,75.0,14.0
P05978,RB05978,115.0,100.0,1.1,80.0,14.0
P05979,RB05979,95.0,45.0,1.1,85.0,14.0
P05980,RB05980,95.0,45.0,1.1,90.0,14.0
P05981,RB05981,100.0,45.0,1.1,95.0,14.0
P05982,RB05982,100.0,50.0,1.1,100.0,14.0
P05983,RB05983,135.0,135.0,1.0,90.0,14.0
P05984,RB05984,135.0,140.0,1.0,95.0,14.0
P05985,RB05985,140.0,140.0,1.0,100.0,14.0
P05986,RB05986,140.0,145.0,1.0,105.0,14.0
P05987,RB05987,135.0,60.0,0.9,70.0,13.0
P05988,RB05988,135.0,60.0,0.9,75.0,14.0
P05989,RB05989,140.0,65.0,0.9,80.0,14.0
P05990,RB05990,140.0,65.0,0.9,85.0,14.0
P05991,RB05991,115.0,70.0,1.0,65.0,13.0
P05992,RB05992,115.0,70.0,1.0,70.0,13.0
P05993,RB05993,85.0,75.0,1.0,70.0,13.0
P05994,RB05994,85.0,75.0,1.0,75.0,14.0
P05995,RB05995,110.0,70.0,1.05,45.0,13.0
P05996,RB05996,105.0,70.0,1.0,60.0,12.0
P05997,RB05997,105.0,75.0,1.0,65.0,13.0
P05998,RB05998,110.0,75.0,1.0,70.0,13.0
P05999,RB05999,90.0,65.0,1.05,25.0,12.0
P06000,RB06000,90.0,65.0,1.05,30.0,12.0
P06001,RB06001,90.0,65.0,1.05,35.0,13.0
P06002,RB06002,95.0,70.0,1.05,40.0,13.0
P06003,RB06003,95.0,55.0,1.15,95.0,15.0
P06004,RB06004,100.0,55.0,1.15,100.0,15.0
P06005,RB06005,100.0,55.0,1.15,105.0,15.0
P06006,RB06006,115.0,85.0,1.1,50.0,13.0
P06007,RB06007,115.0,90.0,1.1,55.0,14.0
P06008,RB06008,115.0,90.0,1.1,60.0,14.0
P06009,RB06009,120.0,90.0,1.1,65.0,14.0
P06010,RB06010,125.0,115.0,1.05,95.0,15.0
P06011,RB06011,110.0,90.0,1.0,75.0,14.0
P06012,RB06012,110.0,95.0,1.0,80.0,14.0
P06013,RB06013,110.0,95.0,1.0,85.0,14.0
P06014,RB06014,120.0,110.0,1.05,55.0,14.0
P06015,RB06015,120.0,110.0,1.05,60.0,14.0
P06016,RB06016,120.0,110.0,1.05,65.0,14.0
P06017,RB06017,125.0,115.0,1.05,70.0,14.0
P06018,RB06018,105.0,100.0,1.0,60.0,12.0
P06019,RB06019,105.0,105.0,1.0,65.0,13.0
P06020,RB06020,120.0,50.0,1.0,85.0,14.0
P06021,RB06021,125.0,50.0,1.0,90.0,14.0
P06022,RB06022,125.0,50.0,1.0,95.0,14.0
P06023,RB06023,105.0,90.0,0.95,75.0,14.0
P06024,RB06024,110.0,95.0,0.95,80.0,14.0
P06025,RB06025,110.0,95.0,0.95,85.0,14.0
P06026,RB06026,110.0,95.0,0.95,90.0,14.0
P06027,RB06027,90.0,65.0,1.05,90.0,14.0
P06028,RB06028,90.0,65.0,1.05,95.0,15.0
P06029,RB06029,90.0,70.0,1.05,100.0,15.0
P06030,RB06030,75.0,45.0,1.05,85.0,14.0
P06031,RB06031,75.0,50.0,1.05,90.0,14.0
P06032,RB06032,75.0,50.0,1.05,95.0,15.0
P06033,RB06033,75.0,50.0,1.05,100.0,15.0
P06034,RB06034,90.0,100.0,1.05,35.0,13.0
P06035,RB06035,95.0,100.0,1.05,40.0,13.0
P06036,RB06036,95.0,100.0,1.05,45.0,13.0
P06037,RB06037,90.0,115.0,1.05,55.0,14.0
P06038,RB06038,90.0,115.0,1.05,60.0,14.0
P06039,RB06039,90.0,120.0,1.05,65.0,14.0
P06040,RB06040,90.0,120.0,1.05,70.0,14.0
P06041,RB06041,100.0,85.0,0.9,30.0,12.0
P06042,RB06042,100.0,90.0,0.9,35.0,13.0
P06043,RB06043,100.0,90.0,0.9,40.0,13.0
P06044,RB06044,105.0,90.0,1.05,75.0,14.0
P06045,RB06045,105.0,90.0,1.05,80.0,14.0
P06046,RB06046,110.0,95.0,1.05,85.0,14.0
P06047,RB06047,110.0,95.0,1.05,90.0,14.0
P06048,RB06048,80.0,55.0,1.05,35.0,12.0
P06049,RB06049,80.0,55.0,1.05,40.0,12.0
P06050,RB06050,80.0,60.0,1.05,45.0,13.0
P06051,RB06051,85.0,60.0,1.05,50.0,13.0
P06052,RB06052,90.0,65.0,1.0,45.0,13.0
P06053,RB06053,90.0,65.0,1.0,50.0,13.0
P06054,RB06054,90.0,65.0,1.0,55.0,14.0
P06055,RB06055,90.0,65.0,1.0,60.0,14.0
P06056,RB06056,85.0,110.0,1.0,85.0,14.0
P06057,RB06057,85.0,110.0,1.0,85.0,14.0
P06058,RB06058,130.0,55.0,1.0,65.0,13.0
P06059,RB06059,135.0,55.0,1.0,70.0,13.0
P06060,RB06060,135.0,55.0,1.0,75.0,13.0
P06061,RB06061,105.0,105.0,1.05,75.0,14.0
P06062,RB06062,105.0,105.0,1.05,85.0,14.0
P06063,RB06063,80.0,45.0,0.95,55.0,13.0
P06064,RB06064,80.0,45.0,0.95,60.0,13.0
P06065,RB06065,80.0,50.0,0.95,65.0,13.0
P06066,RB06066,80.0,50.0,0.95,70.0,13.0
P06067,RB06067,135.0,105.0,1.0,65.0,13.0
P06068,RB06068,135.0,110.0,1.0,75.0,13.0
P06069,RB06069,100.0,65.0,1.05,50.0,13.0
P06070,RB06070,100.0,65.0,1.05,55.0,14.0
P06071,RB06071,105.0,65.0,1.05,60.0,14.0
P06072,RB06072,105.0,65.0,1.05,65.0,14.0
P06073,RB06073,135.0,105.0,1.0,65.0,13.0
P06074,RB06074,135.0,110.0,1.0,70.0,13.0
P06075,RB06075,135.0,110.0,1.0,75.0,13.0
P06076,RB06076,135.0,110.0,1.0,80.0,13.0
P06077,RB06077,125.0,65.0,0.95,50.0,12.0
P06078,RB06078,90.0,90.0,1.0,70.0,13.0
P06079,RB06079,90.0,90.0,1.0,75.0,14.0
P06080,RB06080,90.0,90.0,1.0,80.0,14.0
P06081,RB06081,90.0,95.0,1.05,50.0,12.0
P06082,RB06082,90.0,95.0,1.05,55.0,13.0
P06083,RB06083,135.0,60.0,1.05,85.0,14.0
P06084,RB06084,145.0,140.0,1.0,65.0,14.0
P06085,RB06085,145.0,145.0,1.0,70.0,14.0
P06086,RB06086,150.0,145.0,1.0,75.0,14.0
P06087,RB06087,150.0,150.0,1.0,75.0,14.0
P06088,RB06088,120.0,105.0,0.95,75.0,14.0
P06089,RB06089,120.0,110.0,0.95,80.0,14.0
P06090,RB06090,120.0,110.0,0.95,85.0,14.0
P06091,RB06091,120.0,115.0,0.95,90.0,14.0
P06092,RB06092,100.0,100.0,1.0,95.0,15.0
P06093,RB06093,105.0,100.0,1.0,100.0,15.0
P06094,RB06094,105.0,100.0,1.0,105.0,15.0
P06095,RB06095,90.0,95.0,0.95,65.0,13.0
P06096,RB06096,90.0,95.0,0.95,70.0,13.0
P06097,RB06097,90.0,100.0,0.95,75.0,14.0
P06098,RB06098,90.0,100.0,0.95,80.0,14.0
P06099,RB06099,90.0,95.0,1.0,85.0,14.0
P06100,RB06100,90.0,100.0,1.0,90.0,14.0
P06101,RB06101,90.0,100.0,1.0,95.0,14.0
P06102,RB06102,100.0,45.0,1.0,80.0,13.0
P06103,RB06103,100.0,50.0,1.0,85.0,14.0
P06104,RB06104,100.0,50.0,1.0,90.0,14.0
P06105,RB06105,100.0,50.0,1.0,95.0,14.0
P06106,RB06106,85.0,45.0,1.1,65.0,13.0
P06107,RB06107,85.0,45.0,1.1,70.0,13.0
P06108,RB06108,90.0,50.0,1.1,75.0,14.0
P06109,RB06109,150.0,95.0,1.1,95.0,15.0
P06110,RB06110,155.0,95.0,1.1,95.0,15.0
P06111,RB06111,120.0,75.0,1.0,95.0,15.0
P06112,RB06112,120.0,75.0,1.0,100.0,15.0
P06113,RB06113,120.0,75.0,1.0,105.0,15.0
P06114,RB06114,90.0,110.0,1.05,85.0,14.0
P06115,RB06115,120.0,100.0,1.1,45.0,13.0
P06116,RB06116,120.0,100.0,1.1,50.0,13.0
P06117,RB06117,85.0,85.0,1.05,60.0,12.0
P06118,RB06118,90.0,90.0,1.05,65.0,13.0
P06119,RB06119,90.0,90.0,1.05,70.0,13.0
P06120,RB06120,90.0,90.0,1.05,75.0,13.0
P06121,RB06121,80.0,110.0,1.05,75.0,14.0
P06122,RB06122,80.0,110.0,1.05,80.0,14.0
P06123,RB06123,80.0,115.0,1.05,85.0,14.0
P06124,RB06124,80.0,115.0,1.05,90.0,14.0
P06125,RB06125,95.0,75.0,1.05,35.0,12.0
P06126,RB06126,95.0,75.0,1.05,40.0,12.0
P06127,RB06127,95.0,75.0,1.05,45.0,13.0
P06128,RB06128,155.0,100.0,1.1,70.0,13.0
P06129,RB06129,155.0,100.0,1.1,75.0,14.0
P06130,RB06130,155.0,100.0,1.1,80.0,14.0
P06131,RB06131,165.0,80.0,1.1,75.0,14.0
P06132,RB06132,165.0,80.0,1.1,80.0,14.0
P06133,RB06133,170.0,85.0,1.1,85.0,14.0
P06134,RB06134,170.0,85.0,1.1,90.0,14.0
P06135,RB06135,115.0,100.0,1.0,55.0,13.0
P06136,RB06136,115.0,105.0,1.0,60.0,13.0
P06137,RB06137,120.0,105.0,1.0,65.0,13.0
P06138,RB06138,85.0,110.0,1.0,25.0,12.0
P06139,RB06139,85.0,110.0,1.0,30.0,12.0
P06140,RB06140,85.0,110.0,1.0,35.0,13.0
P06141,RB06141,100.0,90.0,1.0,80.0,13.0
P06142,RB06142,105.0,95.0,1.0,85.0,14.0
P06143,RB06143,80.0,50.0,1.0,65.0,13.0
P06144,RB06144,100.0,100.0,1.05,95.0,15.0
P06145,RB06145,105.0,100.0,1.05,95.0,15.0
P06146,RB06146,90.0,65.0,1.1,65.0,13.0
P06147,RB06147,90.0,65.0,1.1,70.0,13.0
P06148,RB06148,90.0,65.0,1.1,75.0,14.0
P06149,RB06149,90.0,65.0,1.1,80.0,14.0
P06150,RB06150,135.0,95.0,1.05,50.0,13.0
P06151,RB06151,115.0,85.0,1.05,50.0,13.0
P06152,RB06152,115.0,85.0,1.05,55.0,14.0
P06153,RB06153,95.0,85.0,1.0,75.0,14.0
P06154,RB06154,95.0,85.0,1.0,75.0,14.0
P06155,RB06155,95.0,115.0,1.05,85.0,14.0
P06156,RB06156,95.0,115.0,1.05,90.0,14.0
P06157,RB06157,95.0,120.0,1.05,95.0,15.0
P06158,RB06158,125.0,100.0,0.95,55.0,13.0
P06159,RB06159,125.0,100.0,0.95,60.0,13.0
P06160,RB06160,125.0,100.0,0.95,65.0,13.0
P06161,RB06161,125.0,105.0,0.95,70.0,13.0
P06162,RB06162,85.0,95.0,1.05,55.0,14.0
P06163,RB06163,90.0,100.0,1.05,60.0,14.0
P06164,RB06164,90.0,100.0,1.05,65.0,14.0
P06165,RB06165,120.0,70.0,1.0,35.0,12.0
P06166,RB06166,125.0,75.0,1.0,40.0,12.0
P06167,RB06167,125.0,75.0,1.0,45.0,13.0
P06168,RB06168,90.0,55.0,0.95,25.0,12.0
P06169,RB06169,90.0,55.0,0.95,30.0,12.0
P06170,RB06170,90.0,55.0,0.95,35.0,13.0
P06171,RB06171,90.0,80.0,1.05,45.0,13.0
P06172,RB06172,90.0,85.0,1.05,50.0,13.0
P06173,RB06173,90.0,85.0,1.05,55.0,13.0
P06174,RB06174,90.0,85.0,1.05,60.0,13.0
P06175,RB06175,80.0,60.0,1.05,55.0,12.0
P06176,RB06176,80.0,60.0,1.05,60.0,12.0
P06177,RB06177,80.0,60.0,1.05,65.0,13.0
P06178,RB06178,145.0,80.0,0.95,30.0,12.0
P06179,RB06179,145.0,85.0,0.95,35.0,13.0
P06180,RB06180,150.0,85.0,0.95,40.0,13.0
P06181,RB06181,110.0,55.0,1.1,85.0,14.0
P06182,RB06182,110.0,55.0,1.1,90.0,14.0
P06183,RB06183,115.0,55.0,1.1,95.0,15.0
P06184,RB06184,115.0,70.0,1.05,70.0,13.0
P06185,RB06185,115.0,70.0,1.05,75.0,14.0
P06186,RB06186,110.0,95.0,1.05,80.0,13.0
P06187,RB06187,115.0,95.0,1.05,85.0,14.0
P06188,RB06188,115.0,95.0,1.05,90.0,14.0
P06189,RB06189,115.0,100.0,1.05,95.0,14.0
P06190,RB06190,125.0,55.0,1.1,90.0,14.0
P06191,RB06191,125.0,55.0,1.1,95.0,15.0
P06192,RB06192,125.0,60.0,1.1,100.0,15.0
P06193,RB06193,110.0,70.0,1.05,45.0,12.0
P06194,RB06194,110.0,70.0,1.05,50.0,12.0
P06195,RB06195,115.0,75.0,1.05,55.0,13.0
P06196,RB06196,100.0,110.0,1.05,50.0,13.0
P06197,RB06197,105.0,110.0,1.05,55.0,14.0
P06198,RB06198,110.0,105.0,1.0,25.0,12.0
P06199,RB06199,110.0,110.0,1.0,30.0,12.0
P06200,RB06200,110.0,110.0,1.0,35.0,13.0
P06201,RB06201,135.0,100.0,1.0,55.0,13.0
P06202,RB06202,140.0,105.0,1.0,60.0,13.0
P06203,RB06203,140.0,105.0,1.0,65.0,13.0
P06204,RB06204,140.0,105.0,1.0,70.0,13.0
P06205,RB06205,90.0,135.0,1.1,100.0,15.0
P06206,RB06206,110.0,110.0,1.0,55.0,13.0
P06207,RB06207,110.0,110.0,1.0,60.0,13.0
P06208,RB06208,110.0,115.0,1.0,65.0,13.0
P06209,RB06209,110.0,115.0,1.0,70.0,13.0
P06210,RB06210,80.0,100.0,0.95,45.0,13.0
P06211,RB06211,80.0,100.0,0.95,45.0,13.0
P06212,RB06212,105.0,95.0,1.0,45.0,13.0
P06213,RB06213,105.0,95.0,1.0,50.0,13.0
P06214,RB06214,105.0,65.0,1.05,65.0,13.0
P06215,RB06215,105.0,65.0,1.05,70.0,13.0
P06216,RB06216,110.0,70.0,1.0,60.0,12.0
P06217,RB06217,95.0,80.0,1.05,75.0,14.0
P06218,RB06218,95.0,80.0,1.05,80.0,14.0
P06219,RB06219,95.0,85.0,1.05,85.0,14.0
P06220,RB06220,90.0,90.0,0.9,35.0,13.0
P06221,RB06221,90.0,95.0,0.9,35.0,13.0
P06222,RB06222,75.0,90.0,1.05,65.0,13.0
P06223,RB06223,80.0,90.0,1.05,70.0,13.0
P06224,RB06224,80.0,95.0,1.05,75.0,14.0
P06225,RB06225,80.0,95.0,1.05,80.0,14.0
P06226,RB06226,125.0,80.0,1.05,60.0,12.0
P06227,RB06227,130.0,80.0,1.05,65.0,13.0
P06228,RB06228,130.0,85.0,1.05,70.0,13.0
P06229,RB06229,130.0,85.0,1.05,75.0,13.0
P06230,RB06230,100.0,100.0,1.05,70.0,13.0
P06231,RB06231,105.0,105.0,1.05,75.0,14.0
P06232,RB06232,105.0,105.0,1.05,80.0,14.0
P06233,RB06233,105.0,105.0,1.05,85.0,14.0
P06234,RB06234,80.0,70.0,1.05,75.0,13.0
P06235,RB06235,80.0,70.0,1.05,80.0,13.0
P06236,RB06236,80.0,70.0,1.05,85.0,14.0
P06237,RB06237,130.0,110.0,1.1,80.0,13.0
P06238,RB06238,130.0,115.0,1.1,85.0,14.0
P06239,RB06239,130.0,115.0,1.1,90.0,14.0
P06240,RB06240,95.0,80.0,1.0,50.0,12.0
P06241,RB06241,95.0,80.0,1.0,55.0,13.0
P06242,RB06242,100.0,80.0,1.0,60.0,13.0
P06243,RB06243,100.0,85.0,1.0,65.0,13.0
P06244,RB06244,120.0,105.0,0.95,75.0,14.0
P06245,RB06245,120.0,110.0,0.95,80.0,14.0
P06246,RB06246,120.0,110.0,0.95,85.0,14.0
P06247,RB06247,120.0,115.0,0.95,90.0,14.0
P06248,RB06248,115.0,80.0,0.9,55.0,13.0
P06249,RB06249,115.0,80.0,0.9,60.0,13.0
P06250,RB06250,115.0,85.0,0.9,65.0,13.0
P06251,RB06251,115.0,85.0,0.9,70.0,13.0
P06252,RB06252,80.0,70.0,1.0,70.0,13.0
P06253,RB06253,80.0,70.0,1.0,75.0,14.0
P06254,RB06254,80.0,70.0,1.0,80.0,14.0
P06255,RB06255,80.0,75.0,1.0,85.0,14.0
P06256,RB06256,110.0,85.0,0.95,80.0,13.0
P06257,RB06257,110.0,85.0,0.95,85.0,14.0
P06258,RB06258,115.0,90.0,0.95,90.0,14.0
P06259,RB06259,115.0,90.0,0.95,95.0,14.0
P06260,RB06260,130.0,85.0,1.0,75.0,14.0
P06261,RB06261,130.0,85.0,1.0,75.0,14.0
P06262,RB06262,155.0,75.0,0.95,65.0,13.0
P06263,RB06263,155.0,80.0,0.95,70.0,13.0
P06264,RB06264,130.0,65.0,1.0,95.0,15.0
P06265,RB06265,130.0,70.0,1.0,100.0,15.0
P06266,RB06266,130.0,70.0,1.0,105.0,15.0
P06267,RB06267,85.0,60.0,0.95,25.0,12.0
P06268,RB06268,85.0,60.0,0.95,30.0,12.0
P06269,RB06269,85.0,60.0,0.95,35.0,13.0
P06270,RB06270,110.0,70.0,1.1,85.0,14.0
P06271,RB06271,115.0,70.0,1.1,90.0,14.0
P06272,RB06272,140.0,65.0,1.0,65.0,13.0
P06273,RB06273,140.0,70.0,1.0,70.0,13.0
P06274,RB06274,145.0,70.0,1.0,75.0,14.0
P06275,RB06275,145.0,70.0,1.0,80.0,14.0
P06276,RB06276,120.0,60.0,0.95,65.0,13.0
P06277,RB06277,120.0,60.0,0.95,70.0,13.0
P06278,RB06278,120.0,65.0,0.95,75.0,14.0
P06279,RB06279,100.0,70.0,1.1,85.0,14.0
P06280,RB06280,100.0,70.0,1.1,95.0,15.0
P06281,RB06281,110.0,55.0,1.0,70.0,13.0
P06282,RB06282,110.0,55.0,1.0,75.0,14.0
P06283,RB06283,115.0,55.0,1.0,80.0,14.0
P06284,RB06284,115.0,55.0,1.0,85.0,14.0
P06285,RB06285,90.0,65.0,0.95,75.0,13.0
P06286,RB06286,90.0,65.0,0.95,80.0,13.0
P06287,RB06287,90.0,65.0,0.95,85.0,14.0
P06288,RB06288,120.0,65.0,1.05,65.0,13.0
P06289,RB06289,120.0,65.0,1.05,70.0,13.0
P06290,RB06290,120.0,65.0,1.05,75.0,13.0
P06291,RB06291,100.0,60.0,1.1,65.0,13.0
P06292,RB06292,105.0,60.0,1.1,75.0,14.0
P06293,RB06293,75.0,55.0,0.95,35.0,12.0
P06294,RB06294,75.0,55.0,0.95,40.0,12.0
P06295,RB06295,75.0,55.0,0.95,45.0,13.0
P06296,RB06296,115.0,50.0,1.0,80.0,13.0
P06297,RB06297,115.0,50.0,1.0,85.0,14.0
P06298,RB06298,120.0,55.0,1.0,90.0,14.0
P06299,RB06299,120.0,55.0,1.0,95.0,14.0
P06300,RB06300,135.0,140.0,1.0,70.0,13.0
P06301,RB06301,135.0,140.0,1.0,75.0,13.0
P06302,RB06302,135.0,145.0,1.0,80.0,13.0
P06303,RB06303,135.0,145.0,1.0,85.0,13.0
P06304,RB06304,100.0,100.0,1.0,60.0,12.0
P06305,RB06305,100.0,105.0,1.0,65.0,13.0
P06306,RB06306,105.0,55.0,0.9,45.0,12.0
P06307,RB06307,105.0,60.0,0.9,50.0,12.0
P06308,RB06308,110.0,60.0,0.9,55.0,13.0
P06309,RB06309,85.0,60.0,1.15,85.0,14.0
P06310,RB06310,135.0,90.0,1.0,70.0,13.0
P06311,RB06311,135.0,90.0,1.0,75.0,14.0
P06312,RB06312,100.0,60.0,1.0,70.0,13.0
P06313,RB06313,100.0,60.0,1.0,75.0,14.0
P06314,RB06314,100.0,60.0,1.0,80.0,14.0
P06315,RB06315,75.0,100.0,0.9,45.0,12.0
P06316,RB06316,75.0,105.0,0.9,50.0,12.0
P06317,RB06317,75.0,105.0,0.9,55.0,13.0
P06318,RB06318,125.0,80.0,1.05,60.0,12.0
P06319,RB06319,130.0,80.0,1.05,65.0,13.0
P06320,RB06320,130.0,85.0,1.05,70.0,13.0
P06321,RB06321,130.0,85.0,1.05,75.0,13.0
P06322,RB06322,130.0,85.0,1.0,70.0,13.0
P06323,RB06323,130.0,85.0,1.0,75.0,14.0
P06324,RB06324,130.0,85.0,1.0,80.0,14.0
P06325,RB06325,135.0,90.0,1.0,85.0,14.0
P06326,RB06326,125.0,95.0,1.0,40.0,12.0
P06327,RB06327,125.0,95.0,1.0,45.0,13.0
P06328,RB06328,130.0,95.0,1.0,50.0,13.0
P06329,RB06329,130.0,95.0,1.1,70.0,13.0
P06330,RB06330,130.0,95.0,1.1,75.0,14.0
P06331,RB06331,135.0,100.0,1.1,80.0,14.0
P06332,RB06332,135.0,100.0,1.1,85.0,14.0
P06333,RB06333,100.0,60.0,1.0,65.0,13.0
P06334,RB06334,100.0,60.0,1.0,70.0,13.0
P06335,RB06335,100.0,60.0,1.0,75.0,13.0
P06336,RB06336,100.0,60.0,1.0,80.0,13.0
P06337,RB06337,105.0,55.0,0.9,35.0,13.0
P06338,RB06338,105.0,55.0,0.9,40.0,13.0
P06339,RB06339,105.0,55.0,0.9,45.0,13.0
P06340,RB06340,110.0,55.0,0.9,50.0,13.0
P06341,RB06341,95.0,105.0,1.0,85.0,14.0
P06342,RB06342,95.0,110.0,1.0,90.0,14.0
P06343,RB06343,135.0,60.0,0.95,65.0,13.0
P06344,RB06344,140.0,60.0,0.95,70.0,13.0
P06345,RB06345,140.0,60.0,0.95,75.0,14.0
P06346,RB06346,120.0,100.0,1.05,50.0,13.0
P06347,RB06347,125.0,105.0,1.05,55.0,14.0
P06348,RB06348,125.0,105.0,1.05,60.0,14.0
P06349,RB06349,150.0,45.0,1.1,95.0,15.0
P06350,RB06350,150.0,45.0,1.1,100.0,15.0
P06351,RB06351,155.0,45.0,1.1,105.0,15.0
P06352,RB06352,90.0,55.0,1.0,35.0,13.0
P06353,RB06353,90.0,55.0,1.0,40.0,13.0
P06354,RB06354,90.0,60.0,1.0,45.0,13.0
P06355,RB06355,95.0,60.0,1.0,50.0,13.0
P06356,RB06356,130.0,85.0,0.95,50.0,12.0
P06357,RB06357,130.0,85.0,0.95,55.0,13.0
P06358,RB06358,130.0,90.0,0.95,60.0,13.0
P06359,RB06359,130.0,80.0,1.15,40.0,12.0
P06360,RB06360,135.0,80.0,1.15,45.0,13.0
P06361,RB06361,115.0,50.0,1.05,35.0,12.0
P06362,RB06362,95.0,55.0,0.95,55.0,12.0
P06363,RB06363,95.0,55.0,0.95,60.0,12.0
P06364,RB06364,95.0,60.0,0.95,65.0,13.0
P06365,RB06365,100.0,60.0,0.95,70.0,13.0
P06366,RB06366,120.0,110.0,1.0,75.0,14.0
P06367,RB06367,115.0,70.0,1.0,65.0,13.0
P06368,RB06368,115.0,70.0,1.0,70.0,13.0
P06369,RB06369,115.0,70.0,1.0,75.0,14.0
P06370,RB06370,110.0,75.0,1.1,70.0,13.0
P06371,RB06371,110.0,85.0,1.05,45.0,13.0
P06372,RB06372,110.0,85.0,1.05,50.0,13.0
P06373,RB06373,115.0,90.0,1.05,55.0,13.0
P06374,RB06374,115.0,90.0,1.05,60.0,13.0
P06375,RB06375,125.0,95.0,1.05,40.0,12.0
P06376,RB06376,125.0,95.0,1.05,45.0,13.0
P06377,RB06377,130.0,95.0,1.05,50.0,13.0
P06378,RB06378,75.0,90.0,1.05,65.0,13.0
P06379,RB06379,80.0,90.0,1.05,70.0,13.0
P06380,RB06380,80.0,95.0,1.05,75.0,14.0
P06381,RB06381,80.0,95.0,1.05,80.0,14.0
P06382,RB06382,100.0,55.0,1.05,35.0,12.0
P06383,RB06383,80.0,85.0,0.95,80.0,13.0
P06384,RB06384,80.0,85.0,0.95,85.0,14.0
P06385,RB06385,85.0,85.0,0.95,90.0,14.0
P06386,RB06386,95.0,90.0,1.0,65.0,13.0
P06387,RB06387,95.0,90.0,1.0,70.0,13.0
P06388,RB06388,125.0,120.0,1.05,100.0,15.0
P06389,RB06389,130.0,120.0,1.05,105.0,15.0
P06390,RB06390,130.0,120.0,1.05,110.0,15.0
P06391,RB06391,130.0,125.0,1.05,115.0,15.0
P06392,RB06392,110.0,90.0,1.0,75.0,14.0
P06393,RB06393,110.0,95.0,1.0,80.0,14.0
P06394,RB06394,110.0,95.0,1.0,85.0,14.0
P06395,RB06395,115.0,95.0,1.0,90.0,14.0
P06396,RB06396,95.0,90.0,1.1,90.0,14.0
P06397,RB06397,120.0,95.0,1.15,90.0,14.0
P06398,RB06398,135.0,85.0,0.95,75.0,14.0
P06399,RB06399,140.0,85.0,0.95,80.0,14.0
P06400,RB06400,140.0,85.0,0.95,85.0,14.0
P06401,RB06401,95.0,110.0,1.15,55.0,14.0
P06402,RB06402,95.0,115.0,1.15,60.0,14.0
P06403,RB06403,95.0,115.0,1.15,65.0,14.0
P06404,RB06404,95.0,115.0,1.15,70.0,14.0
P06405,RB06405,95.0,50.0,1.0,40.0,12.0
P06406,RB06406,95.0,50.0,1.0,45.0,13.0
P06407,RB06407,95.0,50.0,1.0,50.0,13.0
P06408,RB06408,90.0,75.0,1.0,75.0,13.0
P06409,RB06409,90.0,75.0,1.0,85.0,14.0
P06410,RB06410,90.0,60.0,1.0,55.0,12.0
P06411,RB06411,110.0,85.0,1.0,30.0,12.0
P06412,RB06412,115.0,90.0,1.0,35.0,13.0
P06413,RB06413,115.0,90.0,1.0,40.0,13.0
P06414,RB06414,130.0,145.0,1.05,75.0,13.0
P06415,RB06415,130.0,150.0,1.05,80.0,13.0
P06416,RB06416,130.0,150.0,1.05,85.0,13.0
P06417,RB06417,135.0,155.0,1.05,85.0,13.0
P06418,RB06418,90.0,100.0,1.05,70.0,13.0
P06419,RB06419,95.0,100.0,1.05,75.0,14.0
P06420,RB06420,95.0,100.0,1.05,80.0,14.0
P06421,RB06421,110.0,70.0,1.0,35.0,12.0
P06422,RB06422,115.0,75.0,1.0,40.0,12.0
P06423,RB06423,115.0,75.0,1.0,45.0,13.0
P06424,RB06424,115.0,75.0,1.0,50.0,13.0
P06425,RB06425,85.0,50.0,1.05,80.0,13.0
P06426,RB06426,85.0,55.0,1.05,85.0,14.0
P06427,RB06427,85.0,55.0,1.05,90.0,14.0
P06428,RB06428,85.0,55.0,1.05,95.0,14.0
P06429,RB06429,110.0,115.0,1.1,65.0,13.0
P06430,RB06430,110.0,115.0,1.1,70.0,13.0
P06431,RB06431,110.0,115.0,1.1,75.0,14.0
P06432,RB06432,110.0,120.0,1.1,80.0,14.0
P06433,RB06433,80.0,105.0,0.95,45.0,12.0
P06434,RB06434,80.0,110.0,0.95,55.0,13.0
P06435,RB06435,115.0,45.0,1.0,65.0,13.0
P06436,RB06436,120.0,50.0,1.0,70.0,13.0
P06437,RB06437,120.0,50.0,1.0,75.0,14.0
P06438,RB06438,130.0,95.0,1.1,70.0,13.0
P06439,RB06439,130.0,100.0,1.1,75.0,14.0
P06440,RB06440,130.0,100.0,1.1,80.0,14.0
P06441,RB06441,130.0,100.0,1.1,85.0,14.0
P06442,RB06442,110.0,80.0,1.05,95.0,15.0
P06443,RB06443,100.0,85.0,0.9,30.0,12.0
P06444,RB06444,100.0,90.0,0.9,35.0,13.0
P06445,RB06445,100.0,90.0,0.9,40.0,13.0
P06446,RB06446,100.0,90.0,0.9,45.0,13.0
P06447,RB06447,85.0,60.0,1.1,90.0,14.0
P06448,RB06448,85.0,65.0,1.1,95.0,15.0
P06449,RB06449,85.0,65.0,1.1,100.0,15.0
P06450,RB06450,90.0,65.0,1.1,105.0,15.0
P06451,RB06451,115.0,115.0,1.1,95.0,15.0
P06452,RB06452,115.0,85.0,1.05,55.0,12.0
P06453,RB06453,115.0,85.0,1.05,60.0,12.0
P06454,RB06454,115.0,85.0,1.05,65.0,13.0
P06455,RB06455,115.0,90.0,1.05,70.0,13.0
P06456,RB06456,90.0,100.0,1.05,60.0,12.0
P06457,RB06457,90.0,100.0,1.05,65.0,13.0
P06458,RB06458,90.0,100.0,1.05,70.0,13.0
P06459,RB06459,90.0,105.0,1.05,75.0,13.0
P06460,RB06460,90.0,85.0,1.1,50.0,13.0
P06461,RB06461,95.0,85.0,1.1,55.0,14.0
P06462,RB06462,95.0,85.0,1.1,60.0,14.0
P06463,RB06463,95.0,85.0,1.1,65.0,14.0
P06464,RB06464,115.0,50.0,1.05,35.0,12.0
P06465,RB06465,115.0,55.0,1.05,40.0,12.0
P06466,RB06466,115.0,55.0,1.05,45.0,13.0
P06467,RB06467,115.0,55.0,1.05,50.0,13.0
P06468,RB06468,115.0,100.0,1.05,75.0,14.0
P06469,RB06469,120.0,100.0,1.05,80.0,14.0
P06470,RB06470,120.0,100.0,1.05,85.0,14.0
P06471,RB06471,90.0,65.0,1.05,25.0,12.0
P06472,RB06472,90.0,65.0,1.05,30.0,12.0
P06473,RB06473,85.0,55.0,0.95,65.0,13.0
P06474,RB06474,90.0,55.0,0.95,70.0,13.0
P06475,RB06475,90.0,55.0,0.95,75.0,14.0
P06476,RB06476,100.0,115.0,1.05,75.0,14.0
P06477,RB06477,100.0,115.0,1.05,80.0,14.0
P06478,RB06478,105.0,120.0,1.05,85.0,14.0
P06479,RB06479,90.0,110.0,1.0,70.0,13.0
P06480,RB06480,80.0,75.0,1.1,70.0,13.0
P06481,RB06481,105.0,80.0,1.0,40.0,12.0
P06482,RB06482,105.0,80.0,1.0,45.0,13.0
P06483,RB06483,105.0,55.0,0.95,70.0,13.0
P06484,RB06484,105.0,55.0,0.95,75.0,14.0
P06485,RB06485,80.0,65.0,1.1,90.0,14.0
P06486,RB06486,80.0,70.0,1.1,95.0,15.0
P06487,RB06487,100.0,60.0,1.15,95.0,15.0
P06488,RB06488,100.0,60.0,1.15,100.0,15.0
P06489,RB06489,100.0,60.0,1.15,105.0,15.0
P06490,RB06490,100.0,70.0,1.05,85.0,14.0
P06491,RB06491,115.0,135.0,1.05,65.0,13.0
P06492,RB06492,90.0,90.0,1.1,45.0,13.0
P06493,RB06493,95.0,90.0,1.1,55.0,14.0
P06494,RB06494,140.0,50.0,0.95,70.0,13.0
P06495,RB06495,140.0,55.0,0.95,75.0,14.0
P06496,RB06496,145.0,55.0,0.95,80.0,14.0
P06497,RB06497,145.0,55.0,0.95,85.0,14.0
P06498,RB06498,95.0,105.0,1.0,85.0,14.0
P06499,RB06499,95.0,110.0,1.0,90.0,14.0
P06500,RB06500,95.0,110.0,1.0,95.0,14.0
P06501,RB06501,95.0,115.0,1.0,100.0,14.0
P06502,RB06502,125.0,70.0,0.95,55.0,13.0
P06503,RB06503,130.0,70.0,0.95,60.0,13.0
P06504,RB06504,130.0,70.0,0.95,65.0,13.0
P06505,RB06505,130.0,70.0,0.95,70.0,13.0
P06506,RB06506,115.0,95.0,1.0,75.0,14.0
P06507,RB06507,115.0,100.0,1.0,80.0,14.0
P06508,RB06508,120.0,100.0,1.0,85.0,14.0
P06509,RB06509,110.0,95.0,1.05,65.0,13.0
P06510,RB06510,110.0,100.0,1.05,70.0,13.0
P06511,RB06511,110.0,100.0,1.05,75.0,14.0
P06512,RB06512,125.0,75.0,0.95,80.0,13.0
P06513,RB06513,125.0,75.0,0.95,85.0,14.0
P06514,RB06514,115.0,80.0,0.95,45.0,12.0
P06515,RB06515,115.0,80.0,0.95,50.0,12.0
P06516,RB06516,115.0,85.0,0.95,55.0,13.0
P06517,RB06517,120.0,85.0,0.95,60.0,13.0
P06518,RB06518,105.0,100.0,0.95,75.0,13.0
P06519,RB06519,110.0,105.0,0.95,85.0,14.0
P06520,RB06520,90.0,80.0,1.05,45.0,13.0
P06521,RB06521,95.0,80.0,1.05,50.0,13.0
P06522,RB06522,95.0,80.0,1.05,55.0,14.0
P06523,RB06523,110.0,75.0,1.05,45.0,13.0
P06524,RB06524,110.0,75.0,1.05,50.0,13.0
P06525,RB06525,95.0,70.0,1.15,45.0,13.0
P06526,RB06526,95.0,75.0,1.15,50.0,13.0
P06527,RB06527,95.0,75.0,1.15,55.0,14.0
P06528,RB06528,75.0,105.0,1.1,85.0,14.0
P06529,RB06529,75.0,110.0,1.1,90.0,14.0
P06530,RB06530,80.0,110.0,1.1,95.0,15.0
P06531,RB06531,125.0,75.0,1.0,25.0,12.0
P06532,RB06532,130.0,75.0,1.0,30.0,12.0
P06533,RB06533,130.0,75.0,1.0,35.0,13.0
P06534,RB06534,105.0,115.0,1.05,90.0,14.0
P06535,RB06535,105.0,115.0,1.05,95.0,15.0
P06536,RB06536,105.0,120.0,1.05,100.0,15.0
P06537,RB06537,85.0,100.0,1.05,55.0,14.0
P06538,RB06538,85.0,100.0,1.05,60.0,14.0
P06539,RB06539,85.0,100.0,1.05,65.0,14.0
P06540,RB06540,85.0,105.0,1.05,70.0,14.0
P06541,RB06541,125.0,95.0,0.95,30.0,12.0
P06542,RB06542,135.0,85.0,1.0,75.0,13.0
P06543,RB06543,135.0,85.0,1.0,85.0,14.0
P06544,RB06544,95.0,80.0,0.9,25.0,12.0
P06545,RB06545,95.0,80.0,0.9,30.0,12.0
P06546,RB06546,95.0,80.0,0.9,35.0,13.0
P06547,RB06547,95.0,80.0,0.9,40.0,13.0
P06548,RB06548,110.0,55.0,1.0,55.0,12.0
P06549,RB06549,110.0,55.0,1.0,60.0,12.0
P06550,RB06550,110.0,55.0,1.0,65.0,13.0
P06551,RB06551,130.0,85.0,1.0,70.0,13.0
P06552,RB06552,130.0,85.0,1.0,75.0,14.0
P06553,RB06553,130.0,85.0,1.0,80.0,14.0
P06554,RB06554,135.0,90.0,1.0,85.0,14.0
P06555,RB06555,105.0,70.0,0.95,25.0,12.0
P06556,RB06556,105.0,70.0,0.95,35.0,13.0
P06557,RB06557,115.0,100.0,1.15,75.0,13.0
P06558,RB06558,115.0,100.0,1.15,80.0,13.0
P06559,RB06559,155.0,115.0,1.0,40.0,13.0
P06560,RB06560,155.0,115.0,1.0,45.0,13.0
P06561,RB06561,110.0,115.0,0.95,90.0,14.0
P06562,RB06562,110.0,120.0,0.95,95.0,14.0
P06563,RB06563,100.0,80.0,0.95,75.0,14.0
P06564,RB06564,100.0,85.0,0.95,80.0,14.0
P06565,RB06565,100.0,85.0,0.95,85.0,14.0
P06566,RB06566,120.0,80.0,1.05,70.0,13.0
P06567,RB06567,120.0,80.0,1.05,75.0,14.0
P06568,RB06568,120.0,85.0,1.05,80.0,14.0
P06569,RB06569,120.0,85.0,1.05,85.0,14.0
P06570,RB06570,80.0,105.0,0.95,65.0,13.0
P06571,RB06571,80.0,105.0,0.95,70.0,13.0
P06572,RB06572,80.0,110.0,0.95,75.0,14.0
P06573,RB06573,115.0,75.0,1.05,55.0,12.0
P06574,RB06574,110.0,60.0,1.0,30.0,12.0
P06575,RB06575,110.0,60.0,1.0,35.0,13.0
P06576,RB06576,110.0,60.0,1.0,40.0,13.0
P06577,RB06577,130.0,55.0,0.95,45.0,12.0
P06578,RB06578,130.0,55.0,0.95,50.0,12.0
P06579,RB06579,135.0,55.0,0.95,55.0,13.0
P06580,RB06580,80.0,110.0,1.1,85.0,14.0
P06581,RB06581,80.0,110.0,1.1,90.0,14.0
P06582,RB06582,80.0,115.0,1.1,95.0,15.0
P06583,RB06583,125.0,100.0,1.05,95.0,15.0
P06584,RB06584,125.0,100.0,1.05,100.0,15.0
P06585,RB06585,125.0,100.0,1.05,105.0,15.0
P06586,RB06586,125.0,105.0,1.05,110.0,15.0
P06587,RB06587,115.0,100.0,0.95,35.0,13.0
P06588,RB06588,130.0,110.0,1.0,60.0,12.0
P06589,RB06589,130.0,110.0,1.0,65.0,13.0
P06590,RB06590,130.0,115.0,1.0,70.0,13.0
P06591,RB06591,90.0,85.0,1.1,90.0,14.0
P06592,RB06592,95.0,85.0,1.1,95.0,15.0
P06593,RB06593,95.0,85.0,1.1,100.0,15.0
P06594,RB06594,95.0,90.0,1.1,105.0,15.0
P06595,RB06595,120.0,60.0,1.1,55.0,14.0
P06596,RB06596,120.0,60.0,1.1,55.0,14.0
P06597,RB06597,130.0,70.0,1.0,60.0,12.0
P06598,RB06598,135.0,105.0,0.95,35.0,13.0
P06599,RB06599,135.0,110.0,0.95,40.0,13.0
P06600,RB06600,80.0,80.0,1.0,65.0,13.0
P06601,RB06601,85.0,85.0,1.0,75.0,14.0
P06602,RB06602,135.0,105.0,1.0,35.0,12.0
P06603,RB06603,140.0,110.0,1.0,40.0,12.0
P06604,RB06604,140.0,110.0,1.0,45.0,13.0
P06605,RB06605,140.0,115.0,1.0,50.0,13.0
P06606,RB06606,115.0,60.0,0.95,35.0,12.0
P06607,RB06607,115.0,60.0,0.95,40.0,12.0
P06608,RB06608,115.0,65.0,0.95,45.0,13.0
P06609,RB06609,120.0,65.0,0.95,50.0,13.0
P06610,RB06610,100.0,125.0,1.0,85.0,14.0
P06611,RB06611,100.0,130.0,1.0,85.0,14.0
P06612,RB06612,90.0,105.0,0.95,45.0,13.0
P06613,RB06613,125.0,90.0,1.05,50.0,13.0
P06614,RB06614,125.0,90.0,1.05,55.0,14.0
P06615,RB06615,130.0,95.0,1.05,60.0,14.0
P06616,RB06616,130.0,95.0,1.05,65.0,14.0
P06617,RB06617,85.0,65.0,1.0,70.0,13.0
P06618,RB06618,85.0,65.0,1.0,75.0,14.0
P06619,RB06619,85.0,65.0,1.0,80.0,14.0
P06620,RB06620,85.0,65.0,1.0,85.0,14.0
P06621,RB06621,100.0,80.0,0.9,50.0,12.0
P06622,RB06622,100.0,80.0,0.9,55.0,13.0
P06623,RB06623,100.0,85.0,0.9,60.0,13.0
P06624,RB06624,105.0,50.0,1.0,45.0,12.0
P06625,RB06625,105.0,50.0,1.0,50.0,12.0
P06626,RB06626,105.0,50.0,1.0,55.0,13.0
P06627,RB06627,105.0,55.0,1.0,60.0,13.0
P06628,RB06628,100.0,100.0,1.05,70.0,13.0
P06629,RB06629,105.0,105.0,1.05,75.0,14.0
P06630,RB06630,105.0,105.0,1.05,80.0,14.0
P06631,RB06631,110.0,75.0,1.05,70.0,13.0
P06632,RB06632,115.0,75.0,0.95,45.0,13.0
P06633,RB06633,140.0,55.0,0.9,70.0,13.0
P06634,RB06634,145.0,60.0,0.9,75.0,14.0
P06635,RB06635,85.0,70.0,1.0,60.0,12.0
P06636,RB06636,85.0,70.0,1.0,65.0,13.0
P06637,RB06637,85.0,70.0,1.0,70.0,13.0
P06638,RB06638,85.0,70.0,1.0,75.0,13.0
P06639,RB06639,75.0,95.0,0.95,25.0,12.0
P06640,RB06640,80.0,95.0,0.95,30.0,12.0
P06641,RB06641,80.0,100.0,0.95,35.0,13.0
P06642,RB06642,80.0,100.0,0.95,40.0,13.0
P06643,RB06643,100.0,65.0,1.05,50.0,13.0
P06644,RB06644,100.0,65.0,1.05,55.0,14.0
P06645,RB06645,105.0,65.0,1.05,60.0,14.0
P06646,RB06646,95.0,100.0,1.15,80.0,14.0
P06647,RB06647,95.0,100.0,1.15,85.0,14.0
P06648,RB06648,125.0,45.0,1.05,35.0,12.0
P06649,RB06649,125.0,45.0,1.05,45.0,13.0
P06650,RB06650,95.0,105.0,1.05,60.0,12.0
P06651,RB06651,100.0,110.0,1.05,65.0,13.0
P06652,RB06652,100.0,110.0,1.05,70.0,13.0
P06653,RB06653,115.0,95.0,1.05,70.0,13.0
P06654,RB06654,140.0,105.0,1.05,55.0,14.0
P06655,RB06655,140.0,105.0,1.05,55.0,14.0
P06656,RB06656,135.0,60.0,0.9,65.0,13.0
P06657,RB06657,135.0,60.0,0.9,75.0,14.0
P06658,RB06658,110.0,50.0,1.0,75.0,13.0
P06659,RB06659,110.0,50.0,1.0,80.0,13.0
P06660,RB06660,115.0,50.0,1.0,85.0,14.0
P06661,RB06661,80.0,80.0,1.0,65.0,13.0
P06662,RB06662,80.0,80.0,1.0,70.0,13.0
P06663,RB06663,85.0,85.0,1.0,75.0,14.0
P06664,RB06664,85.0,85.0,1.0,80.0,14.0
P06665,RB06665,90.0,70.0,1.05,45.0,13.0
P06666,RB06666,90.0,70.0,1.05,50.0,13.0
P06667,RB06667,90.0,70.0,1.05,55.0,13.0
P06668,RB06668,90.0,75.0,1.05,60.0,13.0
P06669,RB06669,100.0,50.0,1.05,80.0,13.0
P06670,RB06670,100.0,50.0,1.05,85.0,14.0
P06671,RB06671,100.0,50.0,1.05,90.0,14.0
P06672,RB06672,95.0,70.0,1.05,50.0,13.0
P06673,RB06673,100.0,70.0,1.05,55.0,14.0
P06674,RB06674,100.0,70.0,1.05,60.0,14.0
P06675,RB06675,100.0,85.0,1.05,85.0,14.0
P06676,RB06676,100.0,85.0,1.05,90.0,14.0
P06677,RB06677,100.0,90.0,1.05,95.0,15.0
P06678,RB06678,85.0,80.0,1.0,70.0,13.0
P06679,RB06679,90.0,80.0,1.0,75.0,14.0
P06680,RB06680,90.0,80.0,1.0,80.0,14.0
P06681,RB06681,90.0,85.0,1.0,85.0,14.0
P06682,RB06682,90.0,90.0,1.15,65.0,13.0
P06683,RB06683,90.0,90.0,1.15,70.0,13.0
P06684,RB06684,90.0,90.0,1.15,75.0,13.0
P06685,RB06685,90.0,90.0,1.15,80.0,13.0
P06686,RB06686,150.0,65.0,1.05,75.0,14.0
P06687,RB06687,150.0,70.0,1.05,80.0,14.0
P06688,RB06688,150.0,70.0,1.05,85.0,14.0
P06689,RB06689,155.0,70.0,1.05,90.0,14.0
P06690,RB06690,120.0,75.0,1.0,80.0,13.0
P06691,RB06691,125.0,75.0,1.0,85.0,14.0
P06692,RB06692,125.0,80.0,1.0,90.0,14.0
P06693,RB06693,125.0,80.0,1.0,95.0,14.0
P06694,RB06694,80.0,105.0,1.05,50.0,13.0
P06695,RB06695,80.0,105.0,1.05,55.0,14.0
P06696,RB06696,95.0,90.0,1.0,45.0,12.0
P06697,RB06697,95.0,90.0,1.0,50.0,12.0
P06698,RB06698,100.0,95.0,1.0,55.0,13.0
P06699,RB06699,85.0,75.0,1.1,50.0,13.0
P06700,RB06700,85.0,75.0,1.1,55.0,14.0
P06701,RB06701,85.0,80.0,1.1,60.0,14.0
P06702,RB06702,85.0,80.0,1.1,65.0,14.0
P06703,RB06703,105.0,75.0,1.0,65.0,13.0
P06704,RB06704,105.0,75.0,1.0,75.0,14.0
P06705,RB06705,115.0,95.0,1.05,75.0,14.0
P06706,RB06706,120.0,95.0,1.05,80.0,14.0
P06707,RB06707,120.0,100.0,1.05,85.0,14.0
P06708,RB06708,115.0,75.0,1.0,50.0,12.0
P06709,RB06709,115.0,75.0,1.0,55.0,13.0
P06710,RB06710,115.0,80.0,1.0,60.0,13.0
P06711,RB06711,115.0,80.0,1.0,65.0,13.0
P06712,RB06712,115.0,70.0,1.0,65.0,13.0
P06713,RB06713,115.0,70.0,1.0,70.0,13.0
P06714,RB06714,115.0,70.0,1.0,75.0,14.0
P06715,RB06715,115.0,75.0,1.0,80.0,14.0
P06716,RB06716,90.0,60.0,1.0,45.0,12.0
P06717,RB06717,90.0,60.0,1.0,50.0,12.0
P06718,RB06718,90.0,60.0,1.0,55.0,13.0
P06719,RB06719,95.0,65.0,1.05,85.0,14.0
P06720,RB06720,100.0,65.0,1.05,90.0,14.0
P06721,RB06721,100.0,65.0,1.05,95.0,15.0
P06722,RB06722,135.0,75.0,1.0,45.0,12.0
P06723,RB06723,140.0,80.0,1.0,50.0,12.0
P06724,RB06724,140.0,80.0,1.0,55.0,13.0
P06725,RB06725,140.0,80.0,1.0,60.0,13.0
P06726,RB06726,85.0,70.0,1.05,75.0,14.0
P06727,RB06727,85.0,75.0,1.05,80.0,14.0
P06728,RB06728,85.0,75.0,1.05,85.0,14.0
P06729,RB06729,85.0,75.0,1.05,90.0,14.0
P06730,RB06730,110.0,70.0,0.9,30.0,12.0
P06731,RB06731,115.0,70.0,0.9,35.0,13.0
P06732,RB06732,115.0,70.0,0.9,40.0,13.0
P06733,RB06733,115.0,70.0,0.9,45.0,13.0
P06734,RB06734,80.0,60.0,1.05,50.0,13.0
P06735,RB06735,75.0,105.0,1.0,60.0,12.0
P06736,RB06736,80.0,110.0,1.0,65.0,13.0
P06737,RB06737,140.0,80.0,1.05,50.0,13.0
P06738,RB06738,90.0,55.0,1.0,85.0,14.0
P06739,RB06739,90.0,55.0,1.0,90.0,14.0
P06740,RB06740,90.0,55.0,1.0,95.0,14.0
P06741,RB06741,90.0,60.0,1.0,100.0,14.0
P06742,RB06742,85.0,50.0,1.05,80.0,13.0
P06743,RB06743,150.0,55.0,0.95,35.0,12.0
P06744,RB06744,150.0,60.0,0.95,40.0,12.0
P06745,RB06745,155.0,60.0,0.95,45.0,13.0
P06746,RB06746,80.0,85.0,1.05,60.0,12.0
P06747,RB06747,80.0,85.0,1.05,65.0,13.0
P06748,RB06748,80.0,85.0,1.05,70.0,13.0
P06749,RB06749,105.0,75.0,0.9,30.0,12.0
P06750,RB06750,105.0,80.0,0.9,35.0,13.0
P06751,RB06751,105.0,80.0,0.9,40.0,13.0
P06752,RB06752,105.0,80.0,0.9,45.0,13.0
P06753,RB06753,115.0,90.0,1.05,90.0,14.0
P06754,RB06754,115.0,95.0,1.05,95.0,15.0
P06755,RB06755,115.0,95.0,1.05,100.0,15.0
P06756,RB06756,120.0,95.0,1.05,105.0,15.0
P06757,RB06757,100.0,105.0,0.9,55.0,13.0
P06758,RB06758,135.0,80.0,1.1,90.0,14.0
P06759,RB06759,135.0,85.0,1.1,95.0,15.0
P06760,RB06760,135.0,85.0,1.1,100.0,15.0
P06761,RB06761,135.0,85.0,1.1,105.0,15.0
P06762,RB06762,90.0,80.0,0.95,30.0,12.0
P06763,RB06763,120.0,80.0,0.9,65.0,13.0
P06764,RB06764,120.0,80.0,0.9,70.0,13.0
P06765,RB06765,120.0,85.0,0.9,75.0,14.0
P06766,RB06766,110.0,90.0,1.05,50.0,12.0
P06767,RB06767,110.0,95.0,1.05,55.0,13.0
P06768,RB06768,105.0,90.0,0.95,35.0,13.0
P06769,RB06769,105.0,90.0,0.95,40.0,13.0
P06770,RB06770,105.0,95.0,0.95,45.0,13.0
P06771,RB06771,110.0,95.0,0.95,50.0,13.0
P06772,RB06772,95.0,115.0,1.05,85.0,14.0
P06773,RB06773,95.0,115.0,1.05,90.0,14.0
P06774,RB06774,95.0,120.0,1.05,95.0,15.0
P06775,RB06775,95.0,120.0,1.05,100.0,15.0
P06776,RB06776,85.0,65.0,0.95,65.0,13.0
P06777,RB06777,85.0,65.0,0.95,70.0,13.0
P06778,RB06778,85.0,65.0,0.95,75.0,14.0
P06779,RB06779,85.0,65.0,0.95,80.0,14.0
P06780,RB06780,115.0,85.0,1.1,55.0,14.0
P06781,RB06781,115.0,90.0,1.1,55.0,14.0
P06782,RB06782,95.0,95.0,1.0,55.0,12.0
P06783,RB06783,95.0,95.0,1.0,60.0,12.0
P06784,RB06784,95.0,95.0,1.0,65.0,13.0
P06785,RB06785,90.0,75.0,0.95,75.0,14.0
P06786,RB06786,90.0,75.0,0.95,80.0,14.0
P06787,RB06787,90.0,75.0,0.95,85.0,14.0
P06788,RB06788,85.0,50.0,1.0,35.0,12.0
P06789,RB06789,85.0,50.0,1.0,40.0,12.0
P06790,RB06790,75.0,95.0,0.95,35.0,13.0
P06791,RB06791,85.0,80.0,1.05,80.0,13.0
P06792,RB06792,85.0,80.0,1.05,85.0,14.0
P06793,RB06793,85.0,85.0,1.05,90.0,14.0
P06794,RB06794,130.0,100.0,1.05,85.0,14.0
P06795,RB06795,130.0,100.0,1.05,90.0,14.0
P06796,RB06796,130.0,105.0,1.05,95.0,15.0
P06797,RB06797,110.0,70.0,0.95,70.0,13.0
P06798,RB06798,110.0,75.0,0.95,75.0,14.0
P06799,RB06799,110.0,85.0,0.95,80.0,13.0
P06800,RB06800,110.0,85.0,0.95,85.0,14.0
P06801,RB06801,115.0,90.0,0.95,90.0,14.0
P06802,RB06802,165.0,105.0,1.05,70.0,13.0
P06803,RB06803,165.0,105.0,1.05,75.0,14.0
P06804,RB06804,170.0,110.0,1.05,80.0,14.0
P06805,RB06805,115.0,100.0,0.95,30.0,12.0
P06806,RB06806,115.0,105.0,0.95,35.0,13.0
P06807,RB06807,115.0,105.0,0.95,40.0,13.0
P06808,RB06808,100.0,90.0,1.05,70.0,13.0
P06809,RB06809,100.0,90.0,1.05,75.0,14.0
P06810,RB06810,135.0,115.0,1.05,75.0,14.0
P06811,RB06811,90.0,100.0,1.05,60.0,12.0
P06812,RB06812,90.0,100.0,1.05,65.0,13.0
P06813,RB06813,90.0,100.0,1.05,70.0,13.0
P06814,RB06814,105.0,115.0,1.05,95.0,15.0
P06815,RB06815,105.0,120.0,1.05,100.0,15.0
P06816,RB06816,105.0,120.0,1.05,105.0,15.0
P06817,RB06817,110.0,125.0,1.05,110.0,15.0
P06818,RB06818,120.0,110.0,1.15,55.0,14.0
P06819,RB06819,125.0,110.0,1.15,60.0,14.0
P06820,RB06820,125.0,110.0,1.15,65.0,14.0
P06821,RB06821,125.0,115.0,1.15,70.0,14.0
P06822,RB06822,85.0,85.0,1.05,65.0,13.0
P06823,RB06823,85.0,85.0,1.05,70.0,13.0
P06824,RB06824,85.0,85.0,1.05,75.0,14.0
P06825,RB06825,155.0,115.0,1.0,40.0,13.0
P06826,RB06826,155.0,115.0,1.0,45.0,13.0
P06827,RB06827,160.0,120.0,1.0,50.0,13.0
P06828,RB06828,160.0,120.0,1.0,55.0,13.0
P06829,RB06829,100.0,75.0,1.0,65.0,13.0
P06830,RB06830,100.0,75.0,1.0,70.0,13.0
P06831,RB06831,105.0,75.0,1.0,75.0,14.0
P06832,RB06832,105.0,75.0,1.0,80.0,14.0
P06833,RB06833,100.0,45.0,0.95,75.0,14.0
P06834,RB06834,100.0,45.0,0.95,80.0,14.0
P06835,RB06835,105.0,45.0,0.95,85.0,14.0
P06836,RB06836,130.0,110.0,1.1,80.0,13.0
P06837,RB06837,130.0,115.0,1.1,85.0,14.0
P06838,RB06838,130.0,115.0,1.1,90.0,14.0
P06839,RB06839,130.0,115.0,1.1,95.0,14.0
P06840,RB06840,125.0,60.0,1.15,65.0,13.0
P06841,RB06841,125.0,60.0,1.15,70.0,13.0
P06842,RB06842,110.0,70.0,1.05,45.0,12.0
P06843,RB06843,110.0,70.0,1.05,50.0,12.0
P06844,RB06844,115.0,75.0,1.05,55.0,13.0
P06845,RB06845,115.0,75.0,1.05,60.0,13.0
P06846,RB06846,90.0,85.0,0.95,25.0,12.0
P06847,RB06847,90.0,90.0,0.95,30.0,12.0
P06848,RB06848,90.0,90.0,0.95,35.0,13.0
P06849,RB06849,115.0,145.0,1.05,95.0,14.0
P06850,RB06850,115.0,150.0,1.05,100.0,14.0
P06851,RB06851,115.0,150.0,1.05,105.0,14.0
P06852,RB06852,120.0,155.0,1.05,105.0,14.0
P06853,RB06853,100.0,100.0,0.9,45.0,12.0
P06854,RB06854,100.0,105.0,0.9,50.0,12.0
P06855,RB06855,105.0,105.0,0.9,55.0,13.0
P06856,RB06856,110.0,90.0,1.1,95.0,15.0
P06857,RB06857,110.0,90.0,1.1,95.0,15.0
P06858,RB06858,95.0,55.0,1.1,90.0,14.0
P06859,RB06859,95.0,55.0,1.1,95.0,15.0
P06860,RB06860,95.0,55.0,1.1,100.0,15.0
P06861,RB06861,85.0,75.0,1.0,70.0,13.0
P06862,RB06862,85.0,75.0,1.0,75.0,14.0
P06863,RB06863,85.0,75.0,1.0,80.0,14.0
P06864,RB06864,85.0,80.0,1.0,85.0,14.0
P06865,RB06865,85.0,45.0,1.05,70.0,13.0
P06866,RB06866,85.0,50.0,1.05,75.0,14.0
P06867,RB06867,90.0,50.0,1.05,80.0,14.0
P06868,RB06868,140.0,105.0,1.15,95.0,15.0
P06869,RB06869,140.0,105.0,1.15,100.0,15.0
P06870,RB06870,140.0,110.0,1.15,105.0,15.0
P06871,RB06871,110.0,70.0,1.1,85.0,14.0
P06872,RB06872,110.0,75.0,1.1,90.0,14.0
P06873,RB06873,110.0,75.0,1.1,95.0,15.0
P06874,RB06874,90.0,105.0,0.95,35.0,13.0
P06875,RB06875,115.0,75.0,1.05,60.0,12.0
P06876,RB06876,115.0,75.0,1.05,65.0,13.0
P06877,RB06877,115.0,80.0,1.05,70.0,13.0
P06878,RB06878,120.0,80.0,1.05,75.0,13.0
P06879,RB06879,90.0,95.0,1.05,85.0,14.0
P06880,RB06880,90.0,95.0,1.05,90.0,14.0
P06881,RB06881,90.0,70.0,1.05,60.0,12.0
P06882,RB06882,90.0,110.0,1.0,45.0,13.0
P06883,RB06883,90.0,115.0,1.0,50.0,13.0
P06884,RB06884,90.0,115.0,1.0,55.0,13.0
P06885,RB06885,90.0,115.0,1.0,60.0,13.0
P06886,RB06886,100.0,105.0,1.0,60.0,12.0
P06887,RB06887,145.0,50.0,1.0,55.0,14.0
P06888,RB06888,150.0,50.0,1.0,60.0,14.0
P06889,RB06889,150.0,50.0,1.0,65.0,14.0
P06890,RB06890,150.0,55.0,1.0,70.0,14.0
P06891,RB06891,110.0,80.0,1.0,30.0,12.0
P06892,RB06892,110.0,80.0,1.0,35.0,13.0
P06893,RB06893,115.0,80.0,1.0,40.0,13.0
P06894,RB06894,100.0,65.0,1.0,65.0,13.0
P06895,RB06895,100.0,70.0,1.0,70.0,13.0
P06896,RB06896,100.0,70.0,1.0,75.0,14.0
P06897,RB06897,70.0,50.0,0.95,65.0,13.0
P06898,RB06898,70.0,50.0,0.95,70.0,13.0
P06899,RB06899,70.0,50.0,0.95,75.0,14.0
P06900,RB06900,70.0,50.0,0.95,80.0,14.0
P06901,RB06901,80.0,85.0,1.05,85.0,14.0
P06902,RB06902,80.0,90.0,1.05,95.0,15.0
P06903,RB06903,135.0,65.0,0.95,55.0,13.0
P06904,RB06904,135.0,65.0,0.95,60.0,13.0
P06905,RB06905,90.0,55.0,1.1,95.0,15.0
P06906,RB06906,90.0,55.0,1.1,100.0,15.0
P06907,RB06907,90.0,55.0,1.1,105.0,15.0
P06908,RB06908,100.0,55.0,0.95,80.0,13.0
P06909,RB06909,90.0,110.0,1.0,35.0,13.0
P06910,RB06910,90.0,115.0,1.0,40.0,13.0
P06911,RB06911,90.0,115.0,1.0,45.0,13.0
P06912,RB06912,95.0,80.0,1.0,50.0,13.0
P06913,RB06913,100.0,80.0,1.0,55.0,14.0
P06914,RB06914,110.0,80.0,1.0,55.0,12.0
P06915,RB06915,110.0,80.0,1.0,60.0,12.0
P06916,RB06916,110.0,85.0,1.0,65.0,13.0
P06917,RB06917,90.0,95.0,0.95,65.0,13.0
P06918,RB06918,90.0,95.0,0.95,70.0,13.0
P06919,RB06919,90.0,100.0,0.95,75.0,14.0
P06920,RB06920,90.0,100.0,0.95,80.0,14.0
P06921,RB06921,125.0,100.0,1.05,85.0,14.0
P06922,RB06922,125.0,105.0,1.05,85.0,14.0
P06923,RB06923,100.0,75.0,1.05,55.0,14.0
P06924,RB06924,105.0,75.0,1.05,60.0,14.0
P06925,RB06925,105.0,80.0,1.05,65.0,14.0
P06926,RB06926,105.0,85.0,0.95,25.0,12.0
P06927,RB06927,105.0,85.0,0.95,30.0,12.0
P06928,RB06928,105.0,85.0,0.95,35.0,13.0
P06929,RB06929,135.0,95.0,1.0,75.0,14.0
P06930,RB06930,85.0,90.0,1.0,40.0,12.0
P06931,RB06931,85.0,90.0,1.0,45.0,13.0
P06932,RB06932,85.0,90.0,1.0,50.0,13.0
P06933,RB06933,90.0,95.0,1.0,55.0,13.0
P06934,RB06934,85.0,95.0,0.95,60.0,12.0
P06935,RB06935,85.0,95.0,0.95,65.0,13.0
P06936,RB06936,85.0,100.0,0.95,70.0,13.0
P06937,RB06937,95.0,85.0,1.1,90.0,14.0
P06938,RB06938,120.0,85.0,1.1,75.0,14.0
P06939,RB06939,125.0,85.0,1.1,80.0,14.0
P06940,RB06940,125.0,90.0,1.1,85.0,14.0
P06941,RB06941,125.0,90.0,1.1,90.0,14.0
P06942,RB06942,85.0,70.0,1.0,55.0,13.0
P06943,RB06943,85.0,70.0,1.0,55.0,13.0
P06944,RB06944,115.0,90.0,1.05,85.0,14.0
P06945,RB06945,120.0,95.0,1.05,90.0,14.0
P06946,RB06946,85.0,95.0,0.95,60.0,12.0
P06947,RB06947,85.0,95.0,0.95,65.0,13.0
P06948,RB06948,85.0,100.0,0.95,70.0,13.0
P06949,RB06949,85.0,100.0,0.95,75.0,13.0
P06950,RB06950,90.0,65.0,1.1,65.0,13.0
P06951,RB06951,90.0,65.0,1.1,70.0,13.0
P06952,RB06952,90.0,65.0,1.1,75.0,14.0
P06953,RB06953,90.0,65.0,1.1,80.0,14.0
P06954,RB06954,150.0,90.0,1.0,50.0,13.0
P06955,RB06955,100.0,115.0,1.15,55.0,14.0
P06956,RB06956,100.0,115.0,1.15,60.0,14.0
P06957,RB06957,100.0,115.0,1.15,65.0,14.0
P06958,RB06958,100.0,120.0,1.15,70.0,14.0
P06959,RB06959,110.0,70.0,1.1,85.0,14.0
P06960,RB06960,110.0,75.0,1.1,90.0,14.0
P06961,RB06961,110.0,75.0,1.1,95.0,15.0
P06962,RB06962,115.0,75.0,1.1,100.0,15.0
P06963,RB06963,105.0,80.0,1.05,60.0,12.0
P06964,RB06964,105.0,85.0,1.05,65.0,13.0
P06965,RB06965,105.0,85.0,1.05,70.0,13.0
P06966,RB06966,145.0,50.0,1.1,65.0,13.0
P06967,RB06967,145.0,50.0,1.1,75.0,14.0
P06968,RB06968,135.0,85.0,0.95,75.0,14.0
P06969,RB06969,95.0,60.0,0.9,75.0,14.0
P06970,RB06970,95.0,60.0,0.9,80.0,14.0
P06971,RB06971,95.0,60.0,0.9,85.0,14.0
P06972,RB06972,100.0,80.0,0.95,70.0,13.0
P06973,RB06973,100.0,85.0,0.95,75.0,14.0
P06974,RB06974,105.0,85.0,0.95,80.0,14.0
P06975,RB06975,105.0,85.0,0.95,85.0,14.0
P06976,RB06976,115.0,100.0,0.95,35.0,13.0
P06977,RB06977,120.0,105.0,0.95,40.0,13.0
P06978,RB06978,120.0,105.0,0.95,45.0,13.0
P06979,RB06979,120.0,105.0,0.95,50.0,13.0
P06980,RB06980,90.0,95.0,0.95,55.0,13.0
P06981,RB06981,90.0,95.0,0.95,55.0,13.0
P06982,RB06982,95.0,60.0,0.95,35.0,13.0
P06983,RB06983,95.0,60.0,0.95,40.0,13.0
P06984,RB06984,100.0,65.0,0.95,45.0,13.0
P06985,RB06985,110.0,100.0,1.05,45.0,13.0
P06986,RB06986,110.0,100.0,1.05,50.0,13.0
P06987,RB06987,115.0,100.0,1.05,55.0,14.0
P06988,RB06988,90.0,60.0,1.0,80.0,13.0
P06989,RB06989,90.0,60.0,1.0,85.0,14.0
P06990,RB06990,95.0,60.0,1.0,90.0,14.0
P06991,RB06991,110.0,65.0,1.05,65.0,13.0
P06992,RB06992,110.0,65.0,1.05,70.0,13.0
P06993,RB06993,95.0,100.0,1.1,90.0,14.0
P06994,RB06994,95.0,105.0,1.1,95.0,15.0
P06995,RB06995,95.0,105.0,1.1,100.0,15.0
P06996,RB06996,90.0,100.0,1.05,65.0,13.0
P06997,RB06997,90.0,100.0,1.05,70.0,13.0
P06998,RB06998,90.0,100.0,1.05,75.0,14.0
P06999,RB06999,110.0,55.0,0.95,65.0,13.0
P07000,RB07000,140.0,105.0,1.05,50.0,13.0
P07001,RB07001,140.0,105.0,1.05,55.0,14.0
P07002,RB07002,140.0,110.0,1.05,60.0,14.0
P07003,RB07003,145.0,110.0,1.05,65.0,14.0
P07004,RB07004,100.0,70.0,0.95,70.0,13.0
P07005,RB07005,100.0,70.0,0.95,75.0,14.0
P07006,RB07006,90.0,55.0,1.1,85.0,14.0
P07007,RB07007,90.0,55.0,1.1,90.0,14.0
P07008,RB07008,95.0,55.0,1.1,95.0,15.0
P07009,RB07009,95.0,55.0,1.1,100.0,15.0
P07010,RB07010,120.0,50.0,1.1,70.0,13.0
P07011,RB07011,120.0,55.0,1.1,75.0,14.0
P07012,RB07012,75.0,70.0,1.1,50.0,13.0
P07013,RB07013,75.0,70.0,1.1,55.0,14.0
P07014,RB07014,75.0,70.0,1.1,60.0,14.0
P07015,RB07015,115.0,75.0,1.05,85.0,14.0
P07016,RB07016,115.0,80.0,1.05,90.0,14.0
P07017,RB07017,120.0,80.0,1.05,95.0,14.0
P07018,RB07018,95.0,135.0,1.0,50.0,13.0
P07019,RB07019,100.0,140.0,1.0,55.0,13.0
P07020,RB07020,100.0,140.0,1.0,60.0,13.0
P07021,RB07021,100.0,145.0,1.0,65.0,13.0
P07022,RB07022,100.0,55.0,0.95,75.0,13.0
P07023,RB07023,100.0,55.0,0.95,80.0,13.0
P07024,RB07024,100.0,55.0,0.95,85.0,14.0
P07025,RB07025,100.0,55.0,0.95,90.0,14.0
P07026,RB07026,120.0,110.0,1.05,55.0,14.0
P07027,RB07027,85.0,75.0,1.1,45.0,13.0
P07028,RB07028,85.0,75.0,1.1,55.0,14.0
P07029,RB07029,140.0,80.0,1.0,40.0,12.0
P07030,RB07030,140.0,80.0,1.0,45.0,13.0
P07031,RB07031,140.0,80.0,1.0,50.0,13.0
P07032,RB07032,125.0,75.0,0.95,55.0,12.0
P07033,RB07033,125.0,75.0,0.95,65.0,13.0
P07034,RB07034,140.0,90.0,0.95,55.0,13.0
P07035,RB07035,140.0,95.0,0.95,60.0,13.0
P07036,RB07036,140.0,95.0,0.95,65.0,13.0
P07037,RB07037,145.0,95.0,0.95,70.0,13.0
P07038,RB07038,115.0,90.0,1.05,90.0,14.0
P07039,RB07039,115.0,95.0,1.05,95.0,15.0
P07040,RB07040,115.0,95.0,1.05,100.0,15.0
P07041,RB07041,130.0,80.0,1.0,50.0,12.0
P07042,RB07042,135.0,80.0,1.0,55.0,13.0
P07043,RB07043,100.0,110.0,1.05,55.0,13.0
P07044,RB07044,100.0,110.0,1.05,55.0,13.0
P07045,RB07045,135.0,115.0,1.1,70.0,13.0
P07046,RB07046,135.0,115.0,1.1,75.0,13.0
P07047,RB07047,95.0,70.0,1.0,45.0,13.0
P07048,RB07048,95.0,70.0,1.0,50.0,13.0
P07049,RB07049,95.0,70.0,1.0,55.0,14.0
P07050,RB07050,95.0,105.0,1.05,85.0,14.0
P07051,RB07051,95.0,105.0,1.05,95.0,15.0
P07052,RB07052,105.0,80.0,1.05,45.0,13.0
P07053,RB07053,105.0,80.0,1.05,50.0,13.0
P07054,RB07054,105.0,80.0,1.05,55.0,13.0
P07055,RB07055,110.0,85.0,1.05,60.0,13.0
P07056,RB07056,85.0,100.0,1.05,35.0,12.0
P07057,RB07057,85.0,100.0,1.05,40.0,12.0
P07058,RB07058,85.0,105.0,1.05,45.0,13.0
P07059,RB07059,115.0,110.0,0.95,25.0,12.0
P07060,RB07060,115.0,115.0,0.95,30.0,12.0
P07061,RB07061,115.0,115.0,0.95,35.0,13.0
P07062,RB07062,145.0,65.0,0.95,50.0,12.0
P07063,RB07063,145.0,65.0,0.95,55.0,13.0
P07064,RB07064,135.0,95.0,1.0,55.0,13.0
P07065,RB07065,135.0,95.0,1.0,60.0,13.0
P07066,RB07066,135.0,95.0,1.0,65.0,13.0
P07067,RB07067,135.0,100.0,1.0,70.0,13.0
P07068,RB07068,145.0,125.0,1.0,40.0,13.0
P07069,RB07069,150.0,125.0,1.0,45.0,13.0
P07070,RB07070,150.0,130.0,1.0,50.0,13.0
P07071,RB07071,150.0,130.0,1.0,55.0,13.0
P07072,RB07072,100.0,105.0,0.95,55.0,13.0
P07073,RB07073,100.0,105.0,0.95,60.0,13.0
P07074,RB07074,100.0,110.0,0.95,65.0,13.0
P07075,RB07075,110.0,115.0,1.05,75.0,14.0
P07076,RB07076,110.0,115.0,1.05,80.0,14.0
P07077,RB07077,110.0,90.0,1.05,95.0,15.0
P07078,RB07078,110.0,90.0,1.05,100.0,15.0
P07079,RB07079,110.0,90.0,1.05,105.0,15.0
P07080,RB07080,120.0,70.0,1.0,75.0,13.0
P07081,RB07081,120.0,70.0,1.0,80.0,13.0
P07082,RB07082,125.0,70.0,1.0,85.0,14.0
P07083,RB07083,80.0,75.0,0.95,75.0,13.0
P07084,RB07084,80.0,75.0,0.95,80.0,13.0
P07085,RB07085,80.0,75.0,0.95,85.0,14.0
P07086,RB07086,105.0,95.0,1.1,70.0,13.0
P07087,RB07087,105.0,95.0,1.1,75.0,14.0
P07088,RB07088,105.0,100.0,1.1,80.0,14.0
P07089,RB07089,125.0,85.0,1.05,85.0,14.0
P07090,RB07090,130.0,85.0,1.05,90.0,14.0
P07091,RB07091,130.0,85.0,1.05,95.0,14.0
P07092,RB07092,110.0,85.0,1.05,75.0,13.0
P07093,RB07093,110.0,90.0,1.05,85.0,14.0
P07094,RB07094,105.0,55.0,1.15,85.0,14.0
P07095,RB07095,105.0,55.0,1.15,90.0,14.0
P07096,RB07096,105.0,55.0,1.15,95.0,15.0
P07097,RB07097,105.0,55.0,1.15,100.0,15.0
P07098,RB07098,100.0,70.0,1.0,45.0,12.0
P07099,RB07099,100.0,70.0,1.0,50.0,12.0
P07100,RB07100,100.0,70.0,1.0,55.0,13.0
P07101,RB07101,100.0,100.0,0.95,80.0,13.0
P07102,RB07102,100.0,100.0,0.95,85.0,14.0
P07103,RB07103,110.0,85.0,1.0,45.0,12.0
P07104,RB07104,110.0,90.0,1.0,50.0,12.0
P07105,RB07105,110.0,90.0,1.0,55.0,13.0
P07106,RB07106,110.0,90.0,1.0,60.0,13.0
P07107,RB07107,90.0,85.0,0.95,25.0,12.0
P07108,RB07108,90.0,90.0,0.95,30.0,12.0
P07109,RB07109,90.0,90.0,0.95,35.0,13.0
P07110,RB07110,95.0,90.0,0.95,40.0,13.0
P07111,RB07111,110.0,70.0,1.05,65.0,13.0
P07112,RB07112,110.0,70.0,1.05,70.0,13.0
P07113,RB07113,95.0,85.0,0.95,35.0,13.0
P07114,RB07114,95.0,85.0,0.95,40.0,13.0
P07115,RB07115,100.0,85.0,0.95,45.0,13.0
P07116,RB07116,100.0,90.0,0.95,50.0,13.0
P07117,RB07117,160.0,130.0,1.1,80.0,14.0
P07118,RB07118,160.0,130.0,1.1,85.0,14.0
P07119,RB07119,160.0,130.0,1.1,90.0,14.0
P07120,RB07120,165.0,135.0,1.1,95.0,14.0
P07121,RB07121,85.0,65.0,1.0,35.0,12.0
P07122,RB07122,85.0,65.0,1.0,40.0,12.0
P07123,RB07123,85.0,65.0,1.0,45.0,13.0
P07124,RB07124,90.0,65.0,1.0,50.0,13.0
P07125,RB07125,90.0,90.0,1.15,65.0,13.0
P07126,RB07126,90.0,90.0,1.15,70.0,13.0
P07127,RB07127,90.0,90.0,1.15,75.0,13.0
P07128,RB07128,115.0,60.0,0.95,35.0,12.0
P07129,RB07129,115.0,60.0,0.95,40.0,12.0
P07130,RB07130,115.0,65.0,0.95,45.0,13.0
P07131,RB07131,120.0,65.0,0.95,50.0,13.0
P07132,RB07132,115.0,65.0,1.05,45.0,12.0
P07133,RB07133,115.0,65.0,1.05,50.0,12.0
P07134,RB07134,105.0,50.0,1.1,95.0,15.0
P07135,RB07135,105.0,50.0,1.1,100.0,15.0
P07136,RB07136,105.0,50.0,1.1,105.0,15.0
P07137,RB07137,105.0,115.0,1.1,55.0,14.0
P07138,RB07138,105.0,115.0,1.1,60.0,14.0
P07139,RB07139,105.0,115.0,1.1,65.0,14.0
P07140,RB07140,105.0,120.0,1.1,70.0,14.0
P07141,RB07141,95.0,50.0,1.0,80.0,13.0
P07142,RB07142,115.0,135.0,1.05,70.0,13.0
P07143,RB07143,115.0,140.0,1.05,75.0,13.0
P07144,RB07144,115.0,140.0,1.05,80.0,13.0
P07145,RB07145,115.0,145.0,1.05,85.0,13.0
P07146,RB07146,90.0,70.0,1.05,55.0,12.0
P07147,RB07147,90.0,75.0,1.05,60.0,12.0
P07148,RB07148,90.0,75.0,1.05,65.0,13.0
P07149,RB07149,90.0,75.0,1.05,70.0,13.0
P07150,RB07150,110.0,50.0,0.9,50.0,12.0
P07151,RB07151,110.0,50.0,0.9,55.0,13.0
P07152,RB07152,110.0,50.0,0.9,60.0,13.0
P07153,RB07153,105.0,95.0,1.05,65.0,13.0
P07154,RB07154,105.0,95.0,1.05,70.0,13.0
P07155,RB07155,110.0,100.0,1.05,75.0,13.0
P07156,RB07156,110.0,100.0,1.05,80.0,13.0
P07157,RB07157,135.0,105.0,1.0,65.0,13.0
P07158,RB07158,135.0,110.0,1.0,70.0,13.0
P07159,RB07159,135.0,110.0,1.0,75.0,13.0
P07160,RB07160,135.0,110.0,1.0,80.0,13.0
P07161,RB07161,85.0,50.0,1.0,35.0,12.0
P07162,RB07162,85.0,50.0,1.0,40.0,12.0
P07163,RB07163,85.0,50.0,1.0,45.0,13.0
P07164,RB07164,90.0,90.0,1.0,95.0,15.0
P07165,RB07165,90.0,95.0,1.0,100.0,15.0
P07166,RB07166,120.0,75.0,1.1,45.0,13.0
P07167,RB07167,120.0,75.0,1.1,50.0,13.0
P07168,RB07168,120.0,75.0,1.1,55.0,14.0
P07169,RB07169,125.0,110.0,0.95,55.0,13.0
P07170,RB07170,125.0,115.0,0.95,60.0,13.0
P07171,RB07171,130.0,115.0,0.95,65.0,13.0
P07172,RB07172,90.0,95.0,1.1,70.0,13.0
P07173,RB07173,145.0,75.0,1.0,90.0,14.0
P07174,RB07174,145.0,80.0,1.0,95.0,15.0
P07175,RB07175,100.0,50.0,1.1,85.0,14.0
P07176,RB07176,105.0,50.0,1.1,90.0,14.0
P07177,RB07177,105.0,50.0,1.1,95.0,15.0
P07178,RB07178,140.0,85.0,1.0,75.0,14.0
P07179,RB07179,145.0,85.0,1.0,75.0,14.0
P07180,RB07180,110.0,90.0,1.0,75.0,13.0
P07181,RB07181,110.0,90.0,1.0,85.0,14.0
P07182,RB07182,125.0,95.0,1.05,70.0,13.0
P07183,RB07183,125.0,95.0,1.05,75.0,14.0
P07184,RB07184,110.0,110.0,1.0,70.0,13.0
P07185,RB07185,115.0,110.0,1.0,75.0,14.0
P07186,RB07186,110.0,60.0,1.1,45.0,13.0
P07187,RB07187,110.0,65.0,1.1,50.0,13.0
P07188,RB07188,110.0,65.0,1.1,55.0,14.0
P07189,RB07189,110.0,65.0,1.1,60.0,14.0
P07190,RB07190,100.0,70.0,1.05,65.0,13.0
P07191,RB07191,105.0,75.0,1.05,70.0,13.0
P07192,RB07192,110.0,95.0,0.95,75.0,13.0
P07193,RB07193,110.0,95.0,0.95,80.0,13.0
P07194,RB07194,110.0,95.0,0.95,85.0,14.0
P07195,RB07195,135.0,105.0,1.0,40.0,12.0
P07196,RB07196,80.0,50.0,0.95,35.0,13.0
P07197,RB07197,85.0,50.0,0.95,40.0,13.0
P07198,RB07198,95.0,50.0,1.05,85.0,14.0
P07199,RB07199,125.0,80.0,1.05,55.0,12.0
P07200,RB07200,130.0,80.0,1.05,65.0,13.0
P07201,RB07201,105.0,60.0,0.95,70.0,13.0
P07202,RB07202,110.0,60.0,0.95,75.0,14.0
P07203,RB07203,100.0,95.0,1.0,55.0,12.0
P07204,RB07204,100.0,100.0,1.0,60.0,12.0
P07205,RB07205,100.0,100.0,1.0,65.0,13.0
P07206,RB07206,110.0,95.0,1.05,80.0,13.0
P07207,RB07207,75.0,45.0,1.05,90.0,14.0
P07208,RB07208,75.0,50.0,1.05,95.0,15.0
P07209,RB07209,110.0,65.0,1.1,90.0,14.0
P07210,RB07210,115.0,65.0,1.1,95.0,15.0
P07211,RB07211,115.0,65.0,1.1,100.0,15.0
P07212,RB07212,115.0,65.0,1.1,105.0,15.0
P07213,RB07213,110.0,95.0,0.95,80.0,13.0
P07214,RB07214,110.0,100.0,0.95,85.0,14.0
P07215,RB07215,110.0,100.0,0.95,90.0,14.0
P07216,RB07216,110.0,100.0,0.95,95.0,14.0
P07217,RB07217,105.0,70.0,1.05,70.0,13.0
P07218,RB07218,105.0,55.0,1.05,45.0,13.0
P07219,RB07219,105.0,55.0,1.05,50.0,13.0
P07220,RB07220,105.0,55.0,1.05,55.0,14.0
P07221,RB07221,105.0,55.0,1.05,60.0,14.0
P07222,RB07222,85.0,80.0,1.0,70.0,13.0
P07223,RB07223,90.0,80.0,1.0,75.0,14.0
P07224,RB07224,90.0,80.0,1.0,80.0,14.0
P07225,RB07225,90.0,85.0,1.0,85.0,14.0
P07226,RB07226,105.0,95.0,1.1,45.0,13.0
P07227,RB07227,105.0,95.0,1.1,50.0,13.0
P07228,RB07228,105.0,95.0,1.1,55.0,14.0
P07229,RB07229,100.0,50.0,1.05,85.0,14.0
P07230,RB07230,100.0,50.0,1.05,95.0,15.0
P07231,RB07231,95.0,115.0,1.05,55.0,14.0
P07232,RB07232,95.0,120.0,1.05,60.0,14.0
P07233,RB07233,95.0,50.0,1.1,45.0,13.0
P07234,RB07234,100.0,50.0,1.1,50.0,13.0
P07235,RB07235,100.0,50.0,1.1,55.0,14.0
P07236,RB07236,100.0,55.0,1.1,60.0,14.0
P07237,RB07237,110.0,90.0,1.0,75.0,14.0
P07238,RB07238,110.0,95.0,1.0,80.0,14.0
P07239,RB07239,110.0,95.0,1.0,85.0,14.0
P07240,RB07240,115.0,95.0,1.0,90.0,14.0
P07241,RB07241,150.0,55.0,1.15,70.0,13.0
P07242,RB07242,155.0,60.0,1.15,75.0,14.0
P07243,RB07243,155.0,60.0,1.15,80.0,14.0
P07244,RB07244,135.0,135.0,1.0,90.0,14.0
P07245,RB07245,135.0,140.0,1.0,95.0,14.0
P07246,RB07246,140.0,140.0,1.0,100.0,14.0
P07247,RB07247,140.0,145.0,1.0,105.0,14.0
P07248,RB07248,95.0,45.0,1.0,45.0,13.0
P07249,RB07249,100.0,50.0,1.0,45.0,13.0
P07250,RB07250,110.0,75.0,1.0,75.0,13.0
P07251,RB07251,110.0,75.0,1.0,85.0,14.0
P07252,RB07252,100.0,60.0,1.0,65.0,13.0
P07253,RB07253,100.0,60.0,1.0,70.0,13.0
P07254,RB07254,100.0,60.0,1.0,75.0,13.0
P07255,RB07255,120.0,110.0,1.05,45.0,13.0
P07256,RB07256,120.0,115.0,1.05,50.0,13.0
P07257,RB07257,120.0,115.0,1.05,55.0,14.0
P07258,RB07258,135.0,70.0,1.1,45.0,13.0
P07259,RB07259,90.0,70.0,0.95,55.0,12.0
P07260,RB07260,100.0,90.0,1.0,70.0,13.0
P07261,RB07261,100.0,90.0,1.0,75.0,14.0
P07262,RB07262,100.0,90.0,1.0,80.0,14.0
P07263,RB07263,100.0,95.0,1.0,85.0,14.0
P07264,RB07264,90.0,85.0,0.95,25.0,12.0
P07265,RB07265,90.0,90.0,0.95,30.0,12.0
P07266,RB07266,90.0,90.0,0.95,35.0,13.0
P07267,RB07267,95.0,90.0,0.95,40.0,13.0
P07268,RB07268,105.0,115.0,1.0,55.0,13.0
P07269,RB07269,105.0,115.0,1.0,60.0,13.0
P07270,RB07270,105.0,120.0,1.0,65.0,13.0
P07271,RB07271,110.0,120.0,1.0,70.0,13.0
P07272,RB07272,80.0,100.0,0.95,75.0,14.0
P07273,RB07273,80.0,105.0,0.95,80.0,14.0
P07274,RB07274,85.0,105.0,0.95,85.0,14.0
P07275,RB07275,110.0,50.0,0.9,50.0,12.0
P07276,RB07276,110.0,50.0,0.9,55.0,13.0
P07277,RB07277,110.0,50.0,0.9,60.0,13.0
P07278,RB07278,110.0,50.0,0.9,65.0,13.0
P07279,RB07279,100.0,70.0,1.0,95.0,15.0
P07280,RB07280,100.0,70.0,1.0,100.0,15.0
P07281,RB07281,105.0,70.0,1.0,105.0,15.0
P07282,RB07282,150.0,55.0,0.95,35.0,12.0
P07283,RB07283,150.0,60.0,0.95,40.0,12.0
P07284,RB07284,155.0,60.0,0.95,45.0,13.0
P07285,RB07285,155.0,60.0,0.95,50.0,13.0
P07286,RB07286,115.0,45.0,0.95,55.0,13.0
P07287,RB07287,115.0,45.0,0.95,60.0,13.0
P07288,RB07288,115.0,45.0,0.95,65.0,13.0
P07289,RB07289,120.0,50.0,0.95,70.0,13.0
P07290,RB07290,115.0,70.0,1.0,30.0,12.0
P07291,RB07291,120.0,70.0,1.0,35.0,13.0
P07292,RB07292,80.0,90.0,1.15,50.0,13.0
P07293,RB07293,80.0,95.0,1.15,55.0,14.0
P07294,RB07294,80.0,95.0,1.15,60.0,14.0
P07295,RB07295,120.0,85.0,1.0,85.0,14.0
P07296,RB07296,125.0,85.0,1.0,85.0,14.0
P07297,RB07297,100.0,60.0,1.15,95.0,15.0
P07298,RB07298,100.0,60.0,1.15,100.0,15.0
P07299,RB07299,100.0,60.0,1.15,105.0,15.0
P07300,RB07300,100.0,65.0,1.15,110.0,15.0
P07301,RB07301,90.0,85.0,1.1,50.0,13.0
P07302,RB07302,90.0,90.0,1.1,55.0,14.0
P07303,RB07303,90.0,55.0,1.1,50.0,13.0
P07304,RB07304,90.0,55.0,1.1,55.0,14.0
P07305,RB07305,105.0,90.0,0.95,35.0,13.0
P07306,RB07306,105.0,90.0,0.95,40.0,13.0
P07307,RB07307,105.0,95.0,0.95,45.0,13.0
P07308,RB07308,110.0,95.0,0.95,50.0,13.0
P07309,RB07309,140.0,65.0,1.0,65.0,13.0
P07310,RB07310,140.0,70.0,1.0,70.0,13.0
P07311,RB07311,145.0,70.0,1.0,75.0,14.0
P07312,RB07312,90.0,80.0,1.1,70.0,13.0
P07313,RB07313,90.0,80.0,1.1,75.0,14.0
P07314,RB07314,100.0,80.0,0.95,65.0,13.0
P07315,RB07315,100.0,85.0,0.95,75.0,14.0
P07316,RB07316,125.0,80.0,1.05,95.0,15.0
P07317,RB07317,130.0,80.0,1.05,100.0,15.0
P07318,RB07318,130.0,85.0,1.05,105.0,15.0
P07319,RB07319,115.0,45.0,1.0,65.0,13.0
P07320,RB07320,120.0,50.0,1.0,70.0,13.0
P07321,RB07321,120.0,50.0,1.0,75.0,14.0
P07322,RB07322,120.0,50.0,1.0,80.0,14.0
P07323,RB07323,105.0,95.0,1.05,90.0,14.0
P07324,RB07324,105.0,95.0,1.05,95.0,15.0
P07325,RB07325,115.0,55.0,0.95,85.0,14.0
P07326,RB07326,115.0,60.0,0.95,90.0,14.0
P07327,RB07327,115.0,60.0,0.95,95.0,14.0
P07328,RB07328,115.0,60.0,0.95,100.0,14.0
P07329,RB07329,115.0,100.0,1.1,95.0,15.0
P07330,RB07330,85.0,115.0,0.9,55.0,13.0
P07331,RB07331,85.0,115.0,0.9,60.0,13.0
P07332,RB07332,85.0,115.0,0.9,65.0,13.0
P07333,RB07333,85.0,120.0,0.9,70.0,13.0
P07334,RB07334,80.0,55.0,1.05,85.0,14.0
P07335,RB07335,80.0,55.0,1.05,90.0,14.0
P07336,RB07336,80.0,55.0,1.05,95.0,15.0
P07337,RB07337,125.0,60.0,0.95,55.0,13.0
P07338,RB07338,120.0,90.0,1.0,95.0,15.0
P07339,RB07339,120.0,90.0,1.0,100.0,15.0
P07340,RB07340,90.0,135.0,0.95,80.0,14.0
P07341,RB07341,90.0,140.0,0.95,85.0,14.0
P07342,RB07342,90.0,140.0,0.95,90.0,14.0
P07343,RB07343,90.0,145.0,0.95,95.0,14.0
P07344,RB07344,95.0,105.0,1.05,45.0,13.0
P07345,RB07345,120.0,85.0,0.95,65.0,13.0
P07346,RB07346,120.0,90.0,0.95,70.0,13.0
P07347,RB07347,125.0,90.0,0.95,75.0,13.0
P07348,RB07348,100.0,80.0,0.95,50.0,12.0
P07349,RB07349,110.0,80.0,1.05,65.0,13.0
P07350,RB07350,115.0,80.0,1.05,70.0,13.0
P07351,RB07351,80.0,45.0,0.95,50.0,12.0
P07352,RB07352,80.0,45.0,0.95,55.0,13.0
P07353,RB07353,90.0,90.0,1.0,80.0,13.0
P07354,RB07354,90.0,90.0,1.0,85.0,14.0
P07355,RB07355,135.0,55.0,0.9,65.0,13.0
P07356,RB07356,140.0,55.0,0.9,70.0,13.0
P07357,RB07357,140.0,55.0,0.9,75.0,14.0
P07358,RB07358,115.0,85.0,1.0,65.0,13.0
P07359,RB07359,115.0,85.0,1.0,75.0,14.0
P07360,RB07360,110.0,60.0,0.95,25.0,12.0
P07361,RB07361,110.0,110.0,0.95,25.0,12.0
P07362,RB07362,115.0,115.0,0.95,30.0,12.0
P07363,RB07363,115.0,115.0,0.95,35.0,13.0
P07364,RB07364,110.0,80.0,1.0,55.0,12.0
P07365,RB07365,110.0,80.0,1.0,60.0,12.0
P07366,RB07366,110.0,85.0,1.0,65.0,13.0
P07367,RB07367,110.0,85.0,1.0,70.0,13.0
P07368,RB07368,100.0,125.0,0.95,40.0,13.0
P07369,RB07369,115.0,105.0,0.95,80.0,13.0
P07370,RB07370,120.0,105.0,0.95,85.0,14.0
P07371,RB07371,115.0,70.0,1.05,85.0,14.0
P07372,RB07372,115.0,70.0,1.05,90.0,14.0
P07373,RB07373,115.0,70.0,1.05,95.0,14.0
P07374,RB07374,90.0,110.0,0.95,75.0,14.0
P07375,RB07375,90.0,110.0,0.95,80.0,14.0
P07376,RB07376,95.0,115.0,0.95,85.0,14.0
P07377,RB07377,120.0,105.0,0.95,75.0,14.0
P07378,RB07378,120.0,110.0,0.95,80.0,14.0
P07379,RB07379,120.0,110.0,0.95,85.0,14.0
P07380,RB07380,120.0,115.0,0.95,90.0,14.0
P07381,RB07381,135.0,80.0,0.95,80.0,13.0
P07382,RB07382,140.0,85.0,0.95,85.0,14.0
P07383,RB07383,140.0,85.0,0.95,90.0,14.0
P07384,RB07384,140.0,85.0,0.95,95.0,14.0
P07385,RB07385,90.0,90.0,0.9,35.0,13.0
P07386,RB07386,90.0,95.0,0.9,40.0,13.0
P07387,RB07387,95.0,95.0,0.9,45.0,13.0
P07388,RB07388,95.0,95.0,0.9,50.0,13.0
P07389,RB07389,150.0,85.0,0.95,80.0,13.0
P07390,RB07390,150.0,85.0,0.95,85.0,14.0
P07391,RB07391,150.0,90.0,0.95,90.0,14.0
P07392,RB07392,110.0,135.0,1.0,85.0,14.0
P07393,RB07393,110.0,140.0,1.0,90.0,14.0
P07394,RB07394,95.0,60.0,1.1,85.0,14.0
P07395,RB07395,95.0,60.0,1.1,90.0,14.0
P07396,RB07396,95.0,65.0,1.1,95.0,15.0
P07397,RB07397,125.0,45.0,1.05,70.0,13.0
P07398,RB07398,130.0,50.0,1.05,75.0,14.0
P07399,RB07399,130.0,50.0,1.05,80.0,14.0
P07400,RB07400,130.0,50.0,1.05,85.0,14.0
P07401,RB07401,100.0,60.0,1.0,80.0,13.0
P07402,RB07402,100.0,60.0,1.0,85.0,14.0
P07403,RB07403,105.0,115.0,1.05,40.0,12.0
P07404,RB07404,105.0,115.0,1.05,45.0,13.0
P07405,RB07405,100.0,60.0,1.05,65.0,13.0
P07406,RB07406,100.0,65.0,1.05,70.0,13.0
P07407,RB07407,105.0,95.0,1.0,45.0,13.0
P07408,RB07408,105.0,95.0,1.0,50.0,13.0
P07409,RB07409,110.0,95.0,1.0,55.0,13.0
P07410,RB07410,110.0,100.0,1.0,60.0,13.0
P07411,RB07411,110.0,75.0,1.0,65.0,13.0
P07412,RB07412,115.0,75.0,1.0,70.0,13.0
P07413,RB07413,115.0,75.0,1.0,75.0,14.0
P07414,RB07414,120.0,75.0,1.0,95.0,15.0
P07415,RB07415,120.0,75.0,1.0,100.0,15.0
P07416,RB07416,120.0,75.0,1.0,105.0,15.0
P07417,RB07417,120.0,75.0,1.0,110.0,15.0
P07418,RB07418,105.0,75.0,1.0,90.0,14.0
P07419,RB07419,135.0,60.0,0.9,70.0,13.0
P07420,RB07420,135.0,60.0,0.9,75.0,14.0
P07421,RB07421,140.0,65.0,0.9,80.0,14.0
P07422,RB07422,140.0,65.0,0.9,85.0,14.0
P07423,RB07423,115.0,65.0,1.0,75.0,13.0
P07424,RB07424,120.0,65.0,1.0,80.0,13.0
P07425,RB07425,120.0,65.0,1.0,85.0,14.0
P07426,RB07426,90.0,80.0,1.0,55.0,14.0
P07427,RB07427,90.0,85.0,1.0,60.0,14.0
P07428,RB07428,95.0,85.0,1.0,65.0,14.0
P07429,RB07429,90.0,80.0,1.1,70.0,13.0
P07430,RB07430,90.0,80.0,1.1,75.0,14.0
P07431,RB07431,90.0,80.0,1.1,80.0,14.0
P07432,RB07432,120.0,90.0,1.05,40.0,12.0
P07433,RB07433,100.0,115.0,1.15,55.0,14.0
P07434,RB07434,100.0,115.0,1.15,60.0,14.0
P07435,RB07435,100.0,115.0,1.15,65.0,14.0
P07436,RB07436,100.0,120.0,1.15,70.0,14.0
P07437,RB07437,90.0,60.0,1.05,45.0,13.0
P07438,RB07438,90.0,60.0,1.05,50.0,13.0
P07439,RB07439,90.0,60.0,1.05,55.0,14.0
P07440,RB07440,85.0,50.0,1.05,80.0,13.0
P07441,RB07441,85.0,55.0,1.05,85.0,14.0
P07442,RB07442,85.0,55.0,1.05,90.0,14.0
P07443,RB07443,85.0,55.0,1.05,95.0,14.0
P07444,RB07444,95.0,135.0,1.0,50.0,13.0
P07445,RB07445,100.0,140.0,1.0,55.0,13.0
P07446,RB07446,100.0,140.0,1.0,60.0,13.0
P07447,RB07447,100.0,145.0,1.0,65.0,13.0
P07448,RB07448,120.0,50.0,1.0,55.0,12.0
P07449,RB07449,120.0,55.0,1.0,65.0,13.0
P07450,RB07450,115.0,60.0,0.95,35.0,12.0
P07451,RB07451,115.0,60.0,0.95,40.0,12.0
P07452,RB07452,115.0,65.0,0.95,45.0,13.0
P07453,RB07453,145.0,50.0,0.95,30.0,12.0
P07454,RB07454,145.0,55.0,0.95,35.0,13.0
P07455,RB07455,150.0,55.0,0.95,40.0,13.0
P07456,RB07456,120.0,105.0,1.15,90.0,14.0
P07457,RB07457,120.0,110.0,1.15,95.0,15.0
P07458,RB07458,120.0,110.0,1.15,100.0,15.0
P07459,RB07459,110.0,45.0,1.0,95.0,15.0
P07460,RB07460,110.0,50.0,1.0,100.0,15.0
P07461,RB07461,115.0,50.0,1.0,105.0,15.0
P07462,RB07462,115.0,50.0,1.0,110.0,15.0
P07463,RB07463,130.0,55.0,1.0,60.0,12.0
P07464,RB07464,130.0,55.0,1.0,65.0,13.0
P07465,RB07465,135.0,55.0,1.0,70.0,13.0
P07466,RB07466,110.0,115.0,0.95,70.0,13.0
P07467,RB07467,115.0,115.0,0.95,75.0,14.0
P07468,RB07468,115.0,120.0,0.95,80.0,14.0
P07469,RB07469,115.0,120.0,0.95,85.0,14.0
P07470,RB07470,95.0,60.0,1.0,45.0,13.0
P07471,RB07471,100.0,60.0,1.0,50.0,13.0
P07472,RB07472,100.0,60.0,1.0,55.0,13.0
P07473,RB07473,100.0,65.0,1.0,60.0,13.0
P07474,RB07474,135.0,95.0,1.0,55.0,13.0
P07475,RB07475,135.0,95.0,1.0,60.0,13.0
P07476,RB07476,135.0,95.0,1.0,65.0,13.0
P07477,RB07477,135.0,140.0,1.0,70.0,13.0
P07478,RB07478,135.0,140.0,1.0,75.0,13.0
P07479,RB07479,135.0,145.0,1.0,80.0,13.0
P07480,RB07480,135.0,145.0,1.0,85.0,13.0
P07481,RB07481,95.0,45.0,1.1,85.0,14.0
P07482,RB07482,95.0,45.0,1.1,90.0,14.0
P07483,RB07483,100.0,45.0,1.1,95.0,14.0
P07484,RB07484,100.0,50.0,1.1,100.0,14.0
P07485,RB07485,100.0,60.0,1.0,65.0,13.0
P07486,RB07486,100.0,60.0,1.0,70.0,13.0
P07487,RB07487,100.0,60.0,1.0,75.0,13.0
P07488,RB07488,100.0,60.0,1.0,80.0,13.0
P07489,RB07489,115.0,115.0,1.05,75.0,13.0
P07490,RB07490,115.0,115.0,1.05,80.0,13.0
P07491,RB07491,115.0,115.0,1.05,85.0,14.0
P07492,RB07492,120.0,120.0,1.05,90.0,14.0
P07493,RB07493,85.0,45.0,1.0,55.0,13.0
P07494,RB07494,85.0,45.0,1.0,60.0,13.0
P07495,RB07495,90.0,50.0,1.0,65.0,13.0
P07496,RB07496,95.0,70.0,1.0,45.0,13.0
P07497,RB07497,95.0,70.0,1.0,50.0,13.0
P07498,RB07498,95.0,70.0,1.0,55.0,14.0
P07499,RB07499,95.0,75.0,1.0,60.0,14.0
P07500,RB07500,105.0,90.0,0.95,35.0,13.0
P07501,RB07501,105.0,90.0,0.95,40.0,13.0
P07502,RB07502,105.0,95.0,0.95,45.0,13.0
P07503,RB07503,110.0,95.0,0.95,50.0,13.0
P07504,RB07504,105.0,115.0,1.1,55.0,14.0
P07505,RB07505,105.0,115.0,1.1,60.0,14.0
P07506,RB07506,105.0,115.0,1.1,65.0,14.0
P07507,RB07507,105.0,120.0,1.1,70.0,14.0
P07508,RB07508,80.0,90.0,1.15,50.0,13.0
P07509,RB07509,80.0,95.0,1.15,55.0,14.0
P07510,RB07510,80.0,95.0,1.15,60.0,14.0
P07511,RB07511,80.0,95.0,1.15,65.0,14.0
P07512,RB07512,115.0,75.0,1.0,55.0,13.0
P07513,RB07513,115.0,75.0,1.0,55.0,13.0
P07514,RB07514,110.0,75.0,1.15,50.0,13.0
P07515,RB07515,115.0,75.0,1.15,55.0,14.0
P07516,RB07516,115.0,75.0,1.15,60.0,14.0
P07517,RB07517,115.0,80.0,1.15,65.0,14.0
P07518,RB07518,70.0,50.0,0.95,65.0,13.0
P07519,RB07519,70.0,50.0,0.95,70.0,13.0
P07520,RB07520,70.0,50.0,0.95,75.0,14.0
P07521,RB07521,70.0,50.0,0.95,80.0,14.0
P07522,RB07522,100.0,75.0,1.05,30.0,12.0
P07523,RB07523,100.0,75.0,1.05,35.0,13.0
P07524,RB07524,100.0,75.0,1.05,40.0,13.0
P07525,RB07525,100.0,80.0,1.05,45.0,13.0
P07526,RB07526,110.0,110.0,1.0,55.0,12.0
P07527,RB07527,115.0,110.0,1.0,60.0,12.0
P07528,RB07528,115.0,110.0,1.0,65.0,13.0
P07529,RB07529,110.0,110.0,1.05,90.0,14.0
P07530,RB07530,110.0,115.0,1.05,95.0,15.0
P07531,RB07531,110.0,115.0,1.05,100.0,15.0
P07532,RB07532,115.0,115.0,1.05,105.0,15.0
P07533,RB07533,90.0,115.0,1.0,85.0,14.0
P07534,RB07534,90.0,115.0,1.0,95.0,15.0
P07535,RB07535,100.0,70.0,0.9,30.0,12.0
P07536,RB07536,100.0,70.0,0.9,35.0,13.0
P07537,RB07537,90.0,60.0,0.95,25.0,12.0
P07538,RB07538,90.0,60.0,0.95,30.0,12.0
P07539,RB07539,90.0,60.0,0.95,35.0,13.0
P07540,RB07540,90.0,60.0,0.95,40.0,13.0
P07541,RB07541,115.0,90.0,1.05,65.0,13.0
P07542,RB07542,115.0,90.0,1.05,75.0,14.0
P07543,RB07543,80.0,75.0,1.1,45.0,13.0
P07544,RB07544,80.0,75.0,1.1,50.0,13.0
P07545,RB07545,80.0,75.0,1.1,55.0,14.0
P07546,RB07546,135.0,85.0,1.0,80.0,13.0
P07547,RB07547,135.0,85.0,1.0,85.0,14.0
P07548,RB07548,135.0,90.0,1.0,90.0,14.0
P07549,RB07549,140.0,90.0,1.0,95.0,14.0
P07550,RB07550,100.0,95.0,1.0,25.0,12.0
P07551,RB07551,105.0,100.0,1.0,35.0,13.0
P07552,RB07552,95.0,55.0,0.95,55.0,12.0
P07553,RB07553,95.0,55.0,0.95,65.0,13.0
P07554,RB07554,130.0,110.0,0.9,55.0,13.0
P07555,RB07555,130.0,110.0,0.9,60.0,13.0
P07556,RB07556,130.0,110.0,0.9,65.0,13.0
P07557,RB07557,135.0,70.0,0.95,65.0,13.0
P07558,RB07558,135.0,70.0,0.95,70.0,13.0
P07559,RB07559,135.0,75.0,0.95,75.0,13.0
P07560,RB07560,130.0,85.0,0.9,75.0,14.0
P07561,RB07561,130.0,85.0,0.9,80.0,14.0
P07562,RB07562,130.0,85.0,0.9,85.0,14.0
P07563,RB07563,80.0,75.0,1.0,80.0,13.0
P07564,RB07564,80.0,75.0,1.0,85.0,14.0
P07565,RB07565,80.0,80.0,1.0,90.0,14.0
P07566,RB07566,85.0,80.0,1.0,95.0,14.0
P07567,RB07567,80.0,90.0,1.0,30.0,12.0
P07568,RB07568,80.0,90.0,1.0,35.0,13.0
P07569,RB07569,80.0,90.0,1.0,40.0,13.0
P07570,RB07570,110.0,55.0,1.0,35.0,13.0
P07571,RB07571,110.0,55.0,1.0,40.0,13.0
P07572,RB07572,110.0,55.0,1.0,45.0,13.0
P07573,RB07573,110.0,55.0,1.0,50.0,13.0
P07574,RB07574,145.0,45.0,1.1,55.0,13.0
P07575,RB07575,145.0,50.0,1.1,60.0,13.0
P07576,RB07576,150.0,50.0,1.1,65.0,13.0
P07577,RB07577,115.0,75.0,0.95,70.0,13.0
P07578,RB07578,115.0,75.0,0.95,75.0,14.0
P07579,RB07579,135.0,105.0,1.0,60.0,12.0
P07580,RB07580,105.0,95.0,1.05,65.0,13.0
P07581,RB07581,105.0,95.0,1.05,70.0,13.0
P07582,RB07582,110.0,100.0,1.05,75.0,13.0
P07583,RB07583,130.0,80.0,1.1,90.0,14.0
P07584,RB07584,130.0,80.0,1.1,95.0,15.0
P07585,RB07585,135.0,85.0,1.1,100.0,15.0
P07586,RB07586,135.0,85.0,1.1,105.0,15.0
P07587,RB07587,135.0,85.0,1.0,40.0,12.0
P07588,RB07588,135.0,85.0,1.0,45.0,13.0
P07589,RB07589,140.0,85.0,1.0,50.0,13.0
P07590,RB07590,120.0,45.0,1.1,45.0,13.0
P07591,RB07591,120.0,45.0,1.1,50.0,13.0
P07592,RB07592,120.0,45.0,1.1,55.0,14.0
P07593,RB07593,120.0,65.0,1.0,55.0,12.0
P07594,RB07594,120.0,65.0,1.0,60.0,12.0
P07595,RB07595,120.0,70.0,1.0,65.0,13.0
P07596,RB07596,125.0,95.0,1.05,80.0,13.0
P07597,RB07597,125.0,100.0,1.05,85.0,14.0
P07598,RB07598,125.0,100.0,1.05,90.0,14.0
P07599,RB07599,130.0,65.0,1.05,60.0,12.0
P07600,RB07600,135.0,65.0,1.05,65.0,13.0
P07601,RB07601,135.0,65.0,1.05,70.0,13.0
P07602,RB07602,85.0,110.0,0.95,65.0,13.0
P07603,RB07603,85.0,110.0,0.95,70.0,13.0
P07604,RB07604,85.0,115.0,0.95,75.0,14.0
P07605,RB07605,80.0,80.0,1.0,75.0,14.0
P07606,RB07606,115.0,80.0,0.9,55.0,13.0
P07607,RB07607,115.0,80.0,0.9,60.0,13.0
P07608,RB07608,115.0,85.0,0.9,65.0,13.0
P07609,RB07609,115.0,85.0,1.05,55.0,12.0
P07610,RB07610,115.0,85.0,1.05,65.0,13.0
P07611,RB07611,80.0,95.0,1.05,90.0,14.0
P07612,RB07612,80.0,100.0,1.05,95.0,15.0
P07613,RB07613,80.0,100.0,1.05,100.0,15.0
P07614,RB07614,115.0,80.0,1.05,45.0,13.0
P07615,RB07615,120.0,85.0,1.05,50.0,13.0
P07616,RB07616,120.0,85.0,1.05,55.0,13.0
P07617,RB07617,120.0,85.0,1.05,60.0,13.0
P07618,RB07618,100.0,105.0,1.1,75.0,14.0
P07619,RB07619,100.0,110.0,1.1,80.0,14.0
P07620,RB07620,105.0,110.0,1.1,85.0,14.0
P07621,RB07621,105.0,110.0,1.1,90.0,14.0
P07622,RB07622,90.0,100.0,1.05,65.0,13.0
P07623,RB07623,90.0,100.0,1.05,70.0,13.0
P07624,RB07624,90.0,100.0,1.05,75.0,14.0
P07625,RB07625,90.0,105.0,1.05,80.0,14.0
P07626,RB07626,110.0,70.0,0.9,30.0,12.0
P07627,RB07627,115.0,70.0,0.9,35.0,13.0
P07628,RB07628,115.0,70.0,0.9,40.0,13.0
P07629,RB07629,115.0,50.0,1.0,75.0,13.0
P07630,RB07630,115.0,50.0,1.0,85.0,14.0
P07631,RB07631,95.0,50.0,1.05,95.0,15.0
P07632,RB07632,95.0,50.0,1.05,100.0,15.0
P07633,RB07633,95.0,50.0,1.05,105.0,15.0
P07634,RB07634,100.0,50.0,1.05,110.0,15.0
P07635,RB07635,90.0,55.0,0.95,55.0,12.0
P07636,RB07636,90.0,55.0,0.95,60.0,12.0
P07637,RB07637,90.0,55.0,0.95,65.0,13.0
P07638,RB07638,120.0,70.0,1.0,75.0,13.0
P07639,RB07639,120.0,70.0,1.0,80.0,13.0
P07640,RB07640,125.0,70.0,1.0,85.0,14.0
P07641,RB07641,125.0,70.0,1.0,90.0,14.0
P07642,RB07642,90.0,65.0,0.95,25.0,12.0
P07643,RB07643,90.0,65.0,0.95,30.0,12.0
P07644,RB07644,90.0,65.0,0.95,35.0,13.0
P07645,RB07645,90.0,70.0,0.95,40.0,13.0
P07646,RB07646,105.0,80.0,1.05,60.0,12.0
P07647,RB07647,105.0,85.0,1.05,65.0,13.0
P07648,RB07648,105.0,85.0,1.05,70.0,13.0
P07649,RB07649,105.0,85.0,1.05,75.0,13.0
P07650,RB07650,115.0,90.0,1.1,40.0,12.0
P07651,RB07651,110.0,85.0,1.05,45.0,13.0
P07652,RB07652,110.0,85.0,1.05,50.0,13.0
P07653,RB07653,115.0,90.0,1.05,55.0,13.0
P07654,RB07654,90.0,50.0,1.0,55.0,12.0
P07655,RB07655,90.0,50.0,1.0,60.0,12.0
P07656,RB07656,90.0,50.0,1.0,65.0,13.0
P07657,RB07657,125.0,45.0,1.05,70.0,13.0
P07658,RB07658,130.0,50.0,1.05,75.0,14.0
P07659,RB07659,95.0,110.0,1.0,35.0,12.0
P07660,RB07660,95.0,110.0,1.0,40.0,12.0
P07661,RB07661,95.0,115.0,1.0,45.0,13.0
P07662,RB07662,125.0,95.0,1.1,95.0,15.0
P07663,RB07663,125.0,100.0,1.1,100.0,15.0
P07664,RB07664,80.0,100.0,1.05,80.0,13.0
P07665,RB07665,80.0,100.0,1.05,85.0,14.0
P07666,RB07666,80.0,100.0,1.05,90.0,14.0
P07667,RB07667,120.0,90.0,0.95,75.0,14.0
P07668,RB07668,120.0,90.0,0.95,80.0,14.0
P07669,RB07669,120.0,90.0,0.95,85.0,14.0
P07670,RB07670,120.0,95.0,0.95,90.0,14.0
P07671,RB07671,85.0,110.0,0.9,35.0,13.0
P07672,RB07672,85.0,115.0,0.9,40.0,13.0
P07673,RB07673,85.0,115.0,0.9,45.0,13.0
P07674,RB07674,120.0,100.0,1.1,45.0,13.0
P07675,RB07675,120.0,105.0,1.1,50.0,13.0
P07676,RB07676,130.0,70.0,1.0,70.0,13.0
P07677,RB07677,130.0,70.0,1.0,75.0,14.0
P07678,RB07678,135.0,75.0,1.0,80.0,14.0
P07679,RB07679,135.0,75.0,1.0,85.0,14.0
P07680,RB07680,85.0,85.0,1.05,65.0,13.0
P07681,RB07681,85.0,90.0,1.05,70.0,13.0
P07682,RB07682,85.0,90.0,1.05,75.0,14.0
P07683,RB07683,105.0,90.0,1.05,75.0,14.0
P07684,RB07684,105.0,90.0,1.05,80.0,14.0
P07685,RB07685,110.0,95.0,1.05,85.0,14.0
P07686,RB07686,120.0,85.0,0.95,80.0,13.0
P07687,RB07687,120.0,90.0,0.95,85.0,14.0
P07688,RB07688,120.0,90.0,0.95,90.0,14.0
P07689,RB07689,90.0,110.0,0.95,75.0,14.0
P07690,RB07690,90.0,110.0,0.95,80.0,14.0
P07691,RB07691,95.0,115.0,0.95,85.0,14.0
P07692,RB07692,95.0,115.0,0.95,90.0,14.0
P07693,RB07693,150.0,55.0,1.05,70.0,13.0
P07694,RB07694,155.0,60.0,1.05,75.0,14.0
P07695,RB07695,85.0,70.0,1.05,65.0,13.0
P07696,RB07696,85.0,75.0,1.05,70.0,13.0
P07697,RB07697,85.0,75.0,1.05,75.0,13.0
P07698,RB07698,115.0,85.0,1.05,55.0,14.0
P07699,RB07699,115.0,85.0,1.05,60.0,14.0
P07700,RB07700,120.0,90.0,1.05,65.0,14.0
P07701,RB07701,120.0,90.0,1.05,70.0,14.0
P07702,RB07702,130.0,70.0,1.05,65.0,13.0
P07703,RB07703,135.0,75.0,1.05,70.0,13.0
P07704,RB07704,135.0,75.0,1.05,75.0,13.0
P07705,RB07705,135.0,75.0,1.05,80.0,13.0
P07706,RB07706,90.0,80.0,1.05,85.0,14.0
P07707,RB07707,145.0,110.0,0.95,55.0,13.0
P07708,RB07708,145.0,115.0,0.95,60.0,13.0
P07709,RB07709,145.0,115.0,0.95,65.0,13.0
P07710,RB07710,150.0,120.0,0.95,70.0,13.0
P07711,RB07711,115.0,50.0,1.05,35.0,12.0
P07712,RB07712,115.0,55.0,1.05,40.0,12.0
P07713,RB07713,115.0,55.0,1.05,45.0,13.0
P07714,RB07714,115.0,55.0,1.05,50.0,13.0
P07715,RB07715,125.0,55.0,1.0,25.0,12.0
P07716,RB07716,125.0,55.0,1.0,30.0,12.0
P07717,RB07717,130.0,60.0,1.0,35.0,13.0
P07718,RB07718,95.0,105.0,0.95,45.0,12.0
P07719,RB07719,95.0,105.0,0.95,50.0,12.0
P07720,RB07720,95.0,110.0,0.95,55.0,13.0
P07721,RB07721,110.0,60.0,1.0,85.0,14.0
P07722,RB07722,110.0,65.0,1.0,90.0,14.0
P07723,RB07723,110.0,65.0,1.0,95.0,15.0
P07724,RB07724,125.0,85.0,1.0,70.0,13.0
P07725,RB07725,125.0,85.0,1.0,75.0,14.0
P07726,RB07726,125.0,85.0,1.0,80.0,14.0
P07727,RB07727,115.0,105.0,1.05,35.0,13.0
P07728,RB07728,90.0,85.0,1.05,75.0,13.0
P07729,RB07729,95.0,85.0,1.05,80.0,13.0
P07730,RB07730,95.0,90.0,1.05,85.0,14.0
P07731,RB07731,85.0,50.0,1.0,60.0,12.0
P07732,RB07732,85.0,50.0,1.0,65.0,13.0
P07733,RB07733,85.0,50.0,1.0,70.0,13.0
P07734,RB07734,85.0,50.0,1.0,75.0,13.0
P07735,RB07735,80.0,60.0,1.05,55.0,12.0
P07736,RB07736,80.0,60.0,1.05,60.0,12.0
P07737,RB07737,80.0,60.0,1.05,65.0,13.0
P07738,RB07738,80.0,60.0,1.05,70.0,13.0
P07739,RB07739,110.0,80.0,1.05,95.0,15.0
P07740,RB07740,110.0,85.0,1.05,100.0,15.0
P07741,RB07741,65.0,85.0,1.1,85.0,14.0
P07742,RB07742,65.0,90.0,1.1,90.0,14.0
P07743,RB07743,65.0,90.0,1.1,95.0,15.0
P07744,RB07744,145.0,110.0,1.1,75.0,14.0
P07745,RB07745,150.0,110.0,1.1,80.0,14.0
P07746,RB07746,150.0,115.0,1.1,85.0,14.0
P07747,RB07747,100.0,70.0,1.05,65.0,13.0
P07748,RB07748,100.0,70.0,1.05,70.0,13.0
P07749,RB07749,100.0,70.0,1.05,75.0,14.0
P07750,RB07750,85.0,70.0,1.05,90.0,14.0
P07751,RB07751,85.0,75.0,1.05,95.0,15.0
P07752,RB07752,85.0,75.0,1.05,100.0,15.0
P07753,RB07753,85.0,75.0,1.05,105.0,15.0
P07754,RB07754,105.0,65.0,1.05,65.0,13.0
P07755,RB07755,105.0,65.0,1.05,70.0,13.0
P07756,RB07756,105.0,65.0,1.05,75.0,13.0
P07757,RB07757,110.0,70.0,1.05,80.0,13.0
P07758,RB07758,85.0,55.0,1.05,65.0,13.0
P07759,RB07759,85.0,60.0,1.05,70.0,13.0
P07760,RB07760,75.0,70.0,0.95,45.0,12.0
P07761,RB07761,75.0,75.0,0.95,50.0,12.0
P07762,RB07762,75.0,75.0,0.95,55.0,13.0
P07763,RB07763,110.0,90.0,1.05,50.0,12.0
P07764,RB07764,110.0,95.0,1.05,55.0,13.0
P07765,RB07765,110.0,95.0,1.05,60.0,13.0
P07766,RB07766,110.0,95.0,1.05,65.0,13.0
P07767,RB07767,125.0,120.0,0.9,60.0,13.0
P07768,RB07768,125.0,120.0,0.9,65.0,13.0
P07769,RB07769,120.0,100.0,1.0,80.0,13.0
P07770,RB07770,120.0,100.0,1.0,85.0,14.0
P07771,RB07771,125.0,100.0,1.0,90.0,14.0
P07772,RB07772,125.0,105.0,1.0,95.0,14.0
P07773,RB07773,80.0,50.0,0.95,35.0,13.0
P07774,RB07774,85.0,50.0,0.95,40.0,13.0
P07775,RB07775,85.0,50.0,0.95,45.0,13.0
P07776,RB07776,85.0,50.0,0.95,50.0,13.0
P07777,RB07777,85.0,75.0,1.0,70.0,13.0
P07778,RB07778,85.0,75.0,1.0,75.0,14.0
P07779,RB07779,85.0,75.0,1.0,80.0,14.0
P07780,RB07780,85.0,75.0,1.0,85.0,14.0
P07781,RB07781,95.0,100.0,1.0,85.0,14.0
P07782,RB07782,95.0,100.0,1.0,90.0,14.0
P07783,RB07783,95.0,105.0,1.0,95.0,14.0
P07784,RB07784,95.0,105.0,1.0,100.0,14.0
P07785,RB07785,90.0,55.0,1.1,85.0,14.0
P07786,RB07786,90.0,55.0,1.1,95.0,15.0
P07787,RB07787,115.0,110.0,1.0,40.0,12.0
P07788,RB07788,115.0,110.0,1.0,45.0,13.0
P07789,RB07789,115.0,110.0,1.0,50.0,13.0
P07790,RB07790,105.0,110.0,1.05,65.0,13.0
P07791,RB07791,105.0,115.0,1.05,70.0,13.0
P07792,RB07792,105.0,115.0,1.05,75.0,13.0
P07793,RB07793,120.0,115.0,0.95,85.0,14.0
P07794,RB07794,120.0,115.0,0.95,90.0,14.0
P07795,RB07795,120.0,115.0,0.95,95.0,14.0
P07796,RB07796,115.0,90.0,1.05,60.0,12.0
P07797,RB07797,115.0,95.0,1.05,65.0,13.0
P07798,RB07798,115.0,95.0,1.05,70.0,13.0
P07799,RB07799,115.0,95.0,1.05,75.0,13.0
P07800,RB07800,100.0,55.0,1.0,55.0,13.0
P07801,RB07801,100.0,60.0,1.0,55.0,13.0
P07802,RB07802,95.0,75.0,1.05,80.0,13.0
P07803,RB07803,130.0,55.0,1.0,60.0,12.0
P07804,RB07804,130.0,55.0,1.0,65.0,13.0
P07805,RB07805,135.0,55.0,1.0,70.0,13.0
P07806,RB07806,135.0,55.0,1.0,75.0,13.0
P07807,RB07807,120.0,100.0,0.95,55.0,13.0
P07808,RB07808,120.0,105.0,0.95,60.0,13.0
P07809,RB07809,125.0,105.0,0.95,65.0,13.0
P07810,RB07810,120.0,50.0,0.95,55.0,12.0
P07811,RB07811,115.0,85.0,1.05,45.0,12.0
P07812,RB07812,115.0,90.0,1.05,55.0,13.0
P07813,RB07813,120.0,105.0,1.05,50.0,13.0
P07814,RB07814,125.0,110.0,1.05,55.0,13.0
P07815,RB07815,80.0,100.0,1.0,35.0,13.0
P07816,RB07816,85.0,100.0,1.0,40.0,13.0
P07817,RB07817,85.0,100.0,1.0,45.0,13.0
P07818,RB07818,85.0,105.0,1.0,50.0,13.0
P07819,RB07819,75.0,90.0,1.05,65.0,13.0
P07820,RB07820,80.0,90.0,1.05,70.0,13.0
P07821,RB07821,80.0,95.0,1.05,75.0,14.0
P07822,RB07822,80.0,95.0,1.05,80.0,14.0
P07823,RB07823,115.0,95.0,1.05,65.0,13.0
P07824,RB07824,115.0,95.0,1.05,70.0,13.0
P07825,RB07825,115.0,95.0,1.05,75.0,14.0
P07826,RB07826,75.0,75.0,1.05,90.0,14.0
P07827,RB07827,75.0,75.0,1.05,95.0,15.0
P07828,RB07828,85.0,110.0,1.05,50.0,13.0
P07829,RB07829,85.0,110.0,1.05,55.0,14.0
P07830,RB07830,85.0,110.0,1.05,60.0,14.0
