route_id,origin,destination,storm_risk,wind_speed_knots,wave_height_m,rainfall_mm,visibility_km,weather_condition
R00001,Mumbai,Kochi,Low,14,1.0,2,17.4,Fair
R00002,Mumbai,Kochi,Moderate,28,2.4,18,9.2,Rain
R00003,Mumbai,Kochi,High,42,4.4,57,4.3,Squall
R00004,Mumbai,Kochi,Moderate,28,1.9,15,10.7,Overcast
R00005,Mumbai,Kochi,Moderate,24,2.2,22,9.6,Rain
R00006,Mumbai,Kochi,Moderate,29,1.9,21,9.3,Rain
R00007,Mumbai,Kochi,Low,16,0.6,5,15.9,Overcast
R00008,Mumbai,Kochi,Low,13,0.9,4,17.7,Overcast
R00009,Mumbai,Singapore,High,47,4.1,84,4.9,Storm
R00010,Mumbai,Singapore,Moderate,27,2.3,17,9.7,Rain
R00011,Mumbai,Singapore,High,42,4.6,56,6.5,Squall
R00012,Mumbai,Singapore,Low,13,0.6,3,18.5,Fair
R00013,Mumbai,Singapore,Low,16,0.7,3,16.5,Fair
R00014,Mumbai,Singapore,Moderate,26,2.4,24,9.6,Rain
R00015,Mumbai,Singapore,High,45,3.5,57,5.5,Squall
R00016,Mumbai,Singapore,Low,10,1.1,4,15.4,Overcast
R00017,Mumbai,Rotterdam,Low,13,0.7,5,16.1,Overcast
R00018,Mumbai,Rotterdam,Low,18,0.9,4,14.1,Overcast
R00019,Mumbai,Rotterdam,High,43,4.2,84,3.5,Storm
R00020,Mumbai,Rotterdam,High,44,4.7,79,4.1,Squall
R00021,Mumbai,Rotterdam,High,43,5.2,74,3.3,Storm
R00022,Mumbai,Rotterdam,Moderate,27,2.3,21,9.3,Rain
R00023,Mumbai,Rotterdam,High,49,4.1,66,5.8,Storm
R00024,Mumbai,Rotterdam,High,42,5.2,77,4.5,Storm
R00025,Mumbai,Vancouver,High,50,4.9,66,6.1,Storm
R00026,Mumbai,Vancouver,Low,15,0.7,5,14.9,Overcast
R00027,Mumbai,Vancouver,Moderate,29,2.5,15,10.0,Rain
R00028,Mumbai,Vancouver,High,47,4.5,66,5.0,Storm
R00029,Mumbai,Vancouver,Low,14,1.0,3,18.5,Overcast
R00030,Mumbai,Vancouver,High,39,5.2,87,5.5,Storm
R00031,Mumbai,Vancouver,Low,12,1.1,5,16.9,Overcast
R00032,Mumbai,Vancouver,Low,17,0.9,5,16.1,Overcast
R00033,Mumbai,Busan,High,49,4.0,92,4.0,Storm
R00034,Mumbai,Busan,High,48,5.3,59,4.5,Storm
R00035,Mumbai,Busan,Moderate,30,2.2,21,10.7,Rain
R00036,Mumbai,Busan,Moderate,25,2.7,17,10.9,Rain
R00037,Mumbai,Busan,Moderate,26,2.1,14,8.7,Overcast
R00038,Mumbai,Busan,Low,12,1.0,5,14.5,Overcast
R00039,Mumbai,Busan,Low,16,0.8,2,17.0,Fair
R00040,Mumbai,Busan,High,41,4.2,73,4.1,Squall
R00041,Mumbai,Santos,Moderate,27,2.6,24,9.5,Rain
R00042,Mumbai,Santos,Moderate,27,2.6,22,10.4,Rain
R00043,Mumbai,Santos,High,49,4.6,89,3.9,Storm
R00044,Mumbai,Santos,Moderate,29,2.6,15,10.2,Rain
R00045,Mumbai,Santos,Low,14,0.8,2,17.9,Fair
R00046,Mumbai,Santos,High,39,4.2,54,5.2,Squall
R00047,Mumbai,Santos,Moderate,27,2.6,22,10.3,Rain
R00048,Mumbai,Santos,Moderate,28,2.2,17,9.9,Rain
R00049,Mumbai,Valencia,Low,13,0.9,2,16.6,Fair
R00050,Mumbai,Valencia,Low,16,0.9,4,16.9,Overcast
R00051,Mumbai,Valencia,Low,12,0.6,2,18.4,Fair
R00052,Mumbai,Valencia,Moderate,29,2.3,13,10.5,Overcast
R00053,Mumbai,Valencia,High,49,5.3,57,4.2,Storm
R00054,Mumbai,Valencia,High,48,4.8,55,6.0,Storm
R00055,Mumbai,Valencia,High,46,5.0,67,4.2,Storm
R00056,Mumbai,Valencia,Moderate,29,2.0,17,11.2,Rain
R00057,Mumbai,Istanbul,Moderate,25,1.9,25,9.4,Rain
R00058,Mumbai,Istanbul,High,43,5.2,62,4.8,Storm
R00059,Mumbai,Istanbul,Low,16,0.8,4,15.5,Overcast
R00060,Mumbai,Istanbul,High,48,4.9,67,5.0,Storm
R00061,Mumbai,Istanbul,Moderate,29,2.3,24,8.7,Rain
R00062,Mumbai,Istanbul,High,43,3.9,57,6.0,Squall
R00063,Mumbai,Istanbul,Low,16,0.7,4,16.1,Overcast
R00064,Mumbai,Istanbul,Moderate,25,1.9,18,10.5,Rain
R00065,Mumbai,Mombasa,Moderate,24,1.8,19,9.2,Rain
R00066,Mumbai,Mombasa,Low,11,0.7,1,17.8,Fair
R00067,Mumbai,Mombasa,Moderate,28,2.4,15,10.5,Overcast
R00068,Mumbai,Mombasa,Moderate,29,2.1,23,9.3,Rain
R00069,Mumbai,Mombasa,High,39,4.6,50,4.3,Squall
R00070,Mumbai,Mombasa,High,40,4.4,58,6.0,Squall
R00071,Mumbai,Mombasa,Moderate,25,2.3,15,10.0,Rain
R00072,Mumbai,Mombasa,Moderate,25,2.3,14,10.3,Overcast
R00073,Chennai,Dubai,High,50,4.6,74,4.1,Storm
R00074,Chennai,Dubai,Low,14,0.7,5,16.9,Overcast
R00075,Chennai,Dubai,Moderate,27,2.3,15,10.2,Rain
R00076,Chennai,Dubai,Low,15,0.9,3,15.6,Fair
R00077,Chennai,Dubai,High,40,5.2,57,5.8,Storm
R00078,Chennai,Dubai,Low,17,0.7,1,15.4,Fair
R00079,Chennai,Dubai,Moderate,24,2.0,25,10.0,Rain
R00080,Chennai,Dubai,Moderate,24,2.4,18,10.7,Rain
R00081,Chennai,Rotterdam,High,48,5.1,69,4.7,Storm
R00082,Chennai,Rotterdam,High,43,4.5,68,3.4,Storm
R00083,Chennai,Rotterdam,Moderate,25,2.6,26,10.4,Rain
R00084,Chennai,Rotterdam,Moderate,30,2.1,20,9.7,Rain
R00085,Chennai,Rotterdam,Moderate,30,2.4,27,9.5,Rain
R00086,Chennai,Rotterdam,Low,13,0.9,5,14.2,Overcast
R00087,Chennai,Rotterdam,High,44,4.3,79,4.2,Squall
R00088,Chennai,Rotterdam,Low,17,1.1,2,16.2,Fair
R00089,Chennai,Hamburg,Moderate,27,2.8,28,9.6,Rain
R00090,Chennai,Hamburg,Low,18,1.3,4,16.3,Overcast
R00091,Chennai,Hamburg,Low,14,0.8,3,14.1,Overcast
R00092,Chennai,Hamburg,Low,16,1.0,5,15.5,Overcast
R00093,Chennai,Hamburg,Moderate,31,2.1,22,9.9,Rain
R00094,Chennai,Hamburg,Low,14,1.2,3,14.0,Fair
R00095,Chennai,Hamburg,Low,12,0.9,6,16.9,Overcast
R00096,Chennai,Hamburg,High,47,4.4,67,4.7,Storm
R00097,Chennai,Vancouver,Low,17,1.1,5,14.4,Overcast
R00098,Chennai,Vancouver,High,46,4.9,90,4.5,Storm
R00099,Chennai,Vancouver,Moderate,29,2.5,23,8.8,Rain
R00100,Chennai,Vancouver,High,43,5.5,81,5.1,Storm
R00101,Chennai,Vancouver,Moderate,26,2.2,26,9.7,Rain
R00102,Chennai,Vancouver,High,41,5.2,93,5.5,Storm
R00103,Chennai,Vancouver,Low,12,0.9,5,17.0,Overcast
R00104,Chennai,Vancouver,Low,13,1.2,2,16.5,Fair
R00105,Chennai,Shanghai,Moderate,29,2.4,14,10.6,Overcast
R00106,Chennai,Shanghai,Low,10,0.7,1,16.9,Fair
R00107,Chennai,Shanghai,Low,14,0.7,4,16.0,Overcast
R00108,Chennai,Shanghai,Low,15,0.9,5,18.6,Overcast
R00109,Chennai,Shanghai,Moderate,28,2.3,20,9.5,Rain
R00110,Chennai,Shanghai,Low,10,0.6,3,16.5,Overcast
R00111,Chennai,Shanghai,Low,10,1.1,4,18.6,Overcast
R00112,Chennai,Shanghai,High,44,5.2,87,4.8,Storm
R00113,Chennai,Hong Kong,Moderate,29,2.3,20,9.8,Rain
R00114,Chennai,Hong Kong,High,49,4.3,89,3.7,Storm
R00115,Chennai,Hong Kong,High,43,4.6,59,4.9,Squall
R00116,Chennai,Hong Kong,Low,13,0.9,4,16.0,Overcast
R00117,Chennai,Hong Kong,Low,11,0.8,4,17.2,Overcast
R00118,Chennai,Hong Kong,High,50,5.5,57,3.7,Storm
R00119,Chennai,Hong Kong,High,44,4.2,59,4.0,Squall
R00120,Chennai,Hong Kong,High,40,4.4,84,5.7,Squall
R00121,Chennai,Durban,High,47,4.2,89,5.6,Storm
R00122,Chennai,Durban,High,41,4.9,92,3.3,Storm
R00123,Chennai,Durban,Low,16,0.9,4,15.8,Overcast
R00124,Chennai,Durban,Moderate,27,2.2,17,9.7,Rain
R00125,Chennai,Durban,Low,13,0.8,6,14.0,Overcast
R00126,Chennai,Durban,Moderate,29,2.6,22,9.6,Rain
R00127,Chennai,Durban,High,41,4.1,94,3.3,Storm
R00128,Chennai,Durban,Low,15,0.8,5,16.1,Overcast
R00129,Chennai,Cape Town,Moderate,30,2.7,21,8.4,Rain
R00130,Chennai,Cape Town,High,48,5.6,93,4.0,Storm
R00131,Chennai,Cape Town,High,51,5.6,74,5.6,Storm
R00132,Chennai,Cape Town,Low,16,1.0,3,17.9,Fair
R00133,Chennai,Cape Town,Moderate,27,2.1,28,8.6,Rain
R00134,Chennai,Cape Town,High,41,4.1,61,4.4,Squall
R00135,Chennai,Cape Town,Moderate,27,2.5,28,8.4,Rain
R00136,Chennai,Cape Town,Low,13,0.8,4,16.5,Overcast
R00137,Chennai,Santos,High,42,5.4,70,4.2,Storm
R00138,Chennai,Santos,High,51,5.1,73,3.4,Storm
R00139,Chennai,Santos,Low,16,1.0,5,14.6,Overcast
R00140,Chennai,Santos,Moderate,26,2.1,28,9.2,Rain
R00141,Chennai,Santos,Moderate,30,2.4,22,10.8,Rain
R00142,Chennai,Santos,Moderate,27,2.3,23,10.6,Rain
R00143,Chennai,Santos,High,41,4.7,88,4.7,Squall
R00144,Chennai,Santos,Moderate,28,2.5,28,9.3,Rain
R00145,Chennai,Buenos Aires,Moderate,25,2.6,22,9.0,Rain
R00146,Chennai,Buenos Aires,Moderate,27,2.4,12,11.1,Overcast
R00147,Chennai,Buenos Aires,Low,14,1.1,3,17.0,Overcast
R00148,Chennai,Buenos Aires,Low,15,1.1,1,18.6,Fair
R00149,Chennai,Buenos Aires,High,45,4.0,63,6.1,Storm
R00150,Chennai,Buenos Aires,High,49,3.9,87,4.5,Storm
R00151,Chennai,Buenos Aires,Low,15,1.2,5,16.1,Overcast
R00152,Chennai,Buenos Aires,Moderate,25,2.4,18,9.2,Rain
R00153,Chennai,Auckland,High,48,5.1,64,5.9,Storm
R00154,Chennai,Auckland,Low,17,0.7,4,17.0,Overcast
R00155,Chennai,Auckland,Low,12,0.9,3,14.3,Overcast
R00156,Chennai,Auckland,Low,14,0.7,2,15.2,Fair
R00157,Chennai,Auckland,High,40,5.4,94,3.5,Storm
R00158,Chennai,Auckland,Low,12,1.2,5,15.0,Overcast
R00159,Chennai,Auckland,Moderate,27,2.2,15,10.0,Overcast
R00160,Chennai,Auckland,Low,12,1.0,2,16.0,Fair
R00161,Chennai,Felixstowe,High,41,5.2,66,4.3,Storm
R00162,Chennai,Felixstowe,Low,18,1.1,5,17.9,Overcast
R00163,Chennai,Felixstowe,Low,16,1.0,5,15.1,Overcast
R00164,Chennai,Felixstowe,High,46,5.0,94,5.0,Storm
R00165,Chennai,Felixstowe,Low,15,0.8,2,17.3,Fair
R00166,Chennai,Felixstowe,Low,17,0.9,4,15.7,Overcast
R00167,Chennai,Felixstowe,Low,18,0.7,6,15.8,Overcast
R00168,Chennai,Felixstowe,Moderate,29,2.0,16,9.1,Rain
R00169,Kochi,Colombo,Moderate,28,2.5,23,11.2,Rain
R00170,Kochi,Colombo,Low,15,0.7,2,17.9,Fair
R00171,Kochi,Colombo,Low,12,0.9,5,16.7,Overcast
R00172,Kochi,Colombo,Moderate,27,1.8,21,11.1,Rain
R00173,Kochi,Colombo,High,48,4.1,45,4.1,Storm
R00174,Kochi,Colombo,High,48,4.8,70,6.1,Storm
R00175,Kochi,Colombo,Low,14,0.7,2,15.6,Fair
R00176,Kochi,Colombo,High,43,3.6,77,4.1,Squall
R00177,Kochi,Hamburg,Low,13,0.9,5,14.6,Overcast
R00178,Kochi,Hamburg,Moderate,26,2.7,16,10.5,Rain
R00179,Kochi,Hamburg,Moderate,27,2.8,27,10.6,Rain
R00180,Kochi,Hamburg,High,43,4.1,71,3.4,Storm
R00181,Kochi,Hamburg,High,48,5.4,75,4.8,Storm
R00182,Kochi,Hamburg,Moderate,26,2.6,17,9.7,Rain
R00183,Kochi,Hamburg,High,49,4.3,98,4.5,Storm
R00184,Kochi,Hamburg,Moderate,28,2.2,21,9.2,Rain
R00185,Kochi,London,Low,16,1.3,4,17.5,Overcast
R00186,Kochi,London,Low,17,1.1,6,17.4,Overcast
R00187,Kochi,London,Low,16,1.0,5,17.7,Overcast
R00188,Kochi,London,Low,12,0.9,3,15.2,Fair
R00189,Kochi,London,Low,17,0.9,4,14.4,Overcast
R00190,Kochi,London,Moderate,27,2.4,21,9.8,Rain
R00191,Kochi,London,High,40,4.1,63,4.8,Squall
R00192,Kochi,London,Low,16,0.9,4,17.4,Overcast
R00193,Kochi,Durban,Low,11,0.9,2,14.9,Fair
R00194,Kochi,Durban,High,39,5.0,54,5.5,Storm
R00195,Kochi,Durban,High,42,5.0,88,4.2,Storm
R00196,Kochi,Durban,Moderate,29,2.4,18,9.8,Rain
R00197,Kochi,Durban,High,50,5.0,88,4.5,Storm
R00198,Kochi,Durban,Moderate,24,2.3,19,10.1,Rain
R00199,Kochi,Durban,High,44,4.9,59,5.3,Squall
R00200,Kochi,Durban,Moderate,26,2.4,16,10.6,Rain
R00201,Kochi,Buenos Aires,High,48,4.4,87,4.4,Storm
R00202,Kochi,Buenos Aires,Moderate,29,2.7,25,10.1,Rain
R00203,Kochi,Buenos Aires,High,42,4.5,57,5.3,Squall
R00204,Kochi,Buenos Aires,High,46,4.1,90,3.8,Storm
R00205,Kochi,Buenos Aires,Moderate,30,2.5,25,9.4,Rain
R00206,Kochi,Buenos Aires,Moderate,29,2.1,20,8.9,Rain
R00207,Kochi,Buenos Aires,Low,16,0.9,4,16.7,Overcast
R00208,Kochi,Buenos Aires,Low,13,1.0,3,18.5,Overcast
R00209,Kochi,Felixstowe,High,50,5.7,69,4.0,Storm
R00210,Kochi,Felixstowe,Low,12,0.7,5,17.1,Overcast
R00211,Kochi,Felixstowe,Low,15,1.0,4,15.1,Overcast
R00212,Kochi,Felixstowe,High,45,4.8,94,5.1,Storm
R00213,Kochi,Felixstowe,Low,13,1.1,5,17.7,Overcast
R00214,Kochi,Felixstowe,High,43,5.2,74,5.0,Storm
R00215,Kochi,Felixstowe,Low,16,1.1,5,15.2,Overcast
R00216,Kochi,Felixstowe,Moderate,29,2.7,21,9.9,Rain
R00217,Colombo,Mumbai,Low,15,0.7,2,17.5,Fair
R00218,Colombo,Mumbai,High,40,4.7,78,5.4,Squall
R00219,Colombo,Mumbai,Low,14,0.9,4,15.7,Overcast
R00220,Colombo,Mumbai,High,44,5.3,56,3.7,Storm
R00221,Colombo,Mumbai,High,43,5.1,70,3.9,Storm
R00222,Colombo,Mumbai,Low,11,0.8,5,15.6,Overcast
R00223,Colombo,Mumbai,High,39,5.3,68,5.6,Storm
R00224,Colombo,Mumbai,Moderate,28,2.2,17,10.6,Rain
R00225,Colombo,Chennai,High,41,4.1,62,4.7,Squall
R00226,Colombo,Chennai,Low,17,1.1,5,16.3,Overcast
R00227,Colombo,Chennai,Low,12,1.3,2,17.0,Fair
R00228,Colombo,Chennai,Low,12,1.1,5,15.6,Overcast
R00229,Colombo,Chennai,High,43,5.4,77,4.1,Storm
R00230,Colombo,Chennai,Moderate,28,2.4,20,10.4,Rain
R00231,Colombo,Chennai,Low,14,1.0,5,16.4,Overcast
R00232,Colombo,Chennai,Moderate,25,2.0,18,9.2,Rain
R00233,Colombo,Singapore,Moderate,24,1.8,21,11.4,Rain
R00234,Colombo,Singapore,Moderate,27,2.0,18,10.2,Rain
R00235,Colombo,Singapore,High,37,4.4,55,6.5,Squall
R00236,Colombo,Singapore,Low,12,0.6,0,19.6,Fair
R00237,Colombo,Singapore,High,42,4.4,57,4.7,Squall
R00238,Colombo,Singapore,Moderate,28,2.5,12,10.6,Overcast
R00239,Colombo,Singapore,High,42,3.5,65,6.1,Squall
R00240,Colombo,Singapore,High,41,3.5,78,5.7,Squall
R00241,Colombo,Rotterdam,Low,14,0.9,4,15.5,Overcast
R00242,Colombo,Rotterdam,Low,18,0.7,3,16.0,Fair
R00243,Colombo,Rotterdam,High,43,4.2,82,5.8,Squall
R00244,Colombo,Rotterdam,High,45,4.4,75,5.4,Storm
R00245,Colombo,Rotterdam,Moderate,26,2.2,14,9.4,Overcast
R00246,Colombo,Rotterdam,High,39,3.9,53,5.0,Squall
R00247,Colombo,Rotterdam,Low,15,1.0,4,15.2,Overcast
R00248,Colombo,Rotterdam,High,48,5.2,63,5.5,Storm
R00249,Colombo,Vancouver,High,47,4.2,80,5.3,Storm
R00250,Colombo,Vancouver,High,44,4.4,81,5.3,Squall
R00251,Colombo,Vancouver,Low,16,1.2,2,15.7,Fair
R00252,Colombo,Vancouver,Low,14,1.2,2,18.6,Fair
R00253,Colombo,Vancouver,Moderate,28,2.4,21,9.8,Rain
R00254,Colombo,Vancouver,Low,12,1.2,4,15.4,Overcast
R00255,Colombo,Vancouver,Low,16,1.0,2,15.3,Fair
R00256,Colombo,Vancouver,Low,14,0.9,2,17.1,Fair
R00257,Colombo,Shanghai,Low,14,0.9,3,17.1,Overcast
R00258,Colombo,Shanghai,High,47,4.9,82,4.4,Storm
R00259,Colombo,Shanghai,High,50,5.1,70,3.8,Storm
R00260,Colombo,Shanghai,Moderate,28,2.0,23,9.5,Rain
R00261,Colombo,Shanghai,Moderate,26,2.5,27,9.8,Rain
R00262,Colombo,Shanghai,High,48,4.0,61,3.6,Storm
R00263,Colombo,Shanghai,Moderate,26,2.3,18,8.8,Rain
R00264,Colombo,Shanghai,Low,12,0.8,4,16.8,Overcast
R00265,Colombo,Melbourne,High,42,4.7,77,3.9,Storm
R00266,Colombo,Melbourne,Moderate,30,2.2,19,10.5,Rain
R00267,Colombo,Melbourne,Low,12,0.9,2,14.5,Fair
R00268,Colombo,Melbourne,High,50,4.1,53,4.2,Storm
R00269,Colombo,Melbourne,Low,18,1.1,2,16.5,Fair
R00270,Colombo,Melbourne,High,48,4.1,72,3.5,Storm
R00271,Colombo,Melbourne,High,50,5.1,54,5.4,Storm
R00272,Colombo,Melbourne,High,48,5.1,68,5.2,Storm
R00273,Colombo,Piraeus,High,48,5.3,80,5.0,Storm
R00274,Colombo,Piraeus,Low,11,0.8,3,18.7,Overcast
R00275,Colombo,Piraeus,Low,15,0.9,5,17.4,Overcast
R00276,Colombo,Piraeus,Moderate,26,2.4,14,10.7,Overcast
R00277,Colombo,Piraeus,High,48,4.3,60,4.3,Storm
R00278,Colombo,Piraeus,High,39,5.2,53,4.5,Storm
R00279,Colombo,Piraeus,High,48,3.9,89,4.9,Storm
R00280,Colombo,Piraeus,Low,16,1.2,3,16.7,Overcast
R00281,Colombo,Istanbul,Moderate,28,2.5,19,9.7,Rain
R00282,Colombo,Istanbul,High,47,4.8,95,5.2,Storm
R00283,Colombo,Istanbul,Low,12,1.2,4,17.9,Overcast
R00284,Colombo,Istanbul,Moderate,31,2.5,27,8.5,Rain
R00285,Colombo,Istanbul,High,45,5.0,61,4.3,Squall
R00286,Colombo,Istanbul,Moderate,29,2.2,27,9.6,Rain
R00287,Colombo,Istanbul,Low,11,0.7,4,18.1,Overcast
R00288,Colombo,Istanbul,High,48,4.3,96,5.4,Storm
R00289,Colombo,Dar es Salaam,High,41,4.3,52,5.2,Squall
R00290,Colombo,Dar es Salaam,High,47,3.8,70,6.1,Storm
R00291,Colombo,Dar es Salaam,Low,12,0.7,1,16.5,Fair
R00292,Colombo,Dar es Salaam,Low,11,1.0,2,18.6,Fair
R00293,Colombo,Dar es Salaam,High,43,4.5,48,4.8,Squall
R00294,Colombo,Dar es Salaam,Low,14,0.9,2,16.1,Fair
R00295,Colombo,Dar es Salaam,Low,11,1.1,1,18.1,Fair
R00296,Colombo,Dar es Salaam,Moderate,26,1.9,17,11.5,Rain
R00297,Singapore,Mumbai,Low,16,1.0,4,17.1,Overcast
R00298,Singapore,Mumbai,High,44,3.9,79,6.0,Squall
R00299,Singapore,Mumbai,Low,15,0.9,4,16.2,Overcast
R00300,Singapore,Mumbai,Low,13,0.8,5,18.1,Overcast
R00301,Singapore,Mumbai,Moderate,24,2.1,15,10.3,Rain
R00302,Singapore,Mumbai,Low,12,1.0,2,17.2,Fair
R00303,Singapore,Mumbai,Low,12,0.9,4,17.9,Overcast
R00304,Singapore,Mumbai,Moderate,26,2.4,22,11.1,Rain
R00305,Singapore,Jebel Ali,Low,15,0.7,5,17.4,Overcast
R00306,Singapore,Jebel Ali,Moderate,29,2.2,14,10.8,Overcast
R00307,Singapore,Jebel Ali,Moderate,28,2.1,23,10.0,Rain
R00308,Singapore,Jebel Ali,Moderate,27,2.2,14,8.6,Overcast
R00309,Singapore,Jebel Ali,Low,13,1.0,3,18.4,Overcast
R00310,Singapore,Jebel Ali,Moderate,30,2.0,24,9.7,Rain
R00311,Singapore,Jebel Ali,High,43,4.2,80,4.5,Squall
R00312,Singapore,Jebel Ali,High,46,5.3,88,5.4,Storm
R00313,Singapore,Hamburg,Moderate,26,2.5,15,9.9,Rain
R00314,Singapore,Hamburg,High,51,5.4,90,6.0,Storm
R00315,Singapore,Hamburg,High,44,4.6,62,5.2,Squall
R00316,Singapore,Hamburg,High,51,5.5,60,4.7,Storm
R00317,Singapore,Hamburg,Moderate,25,2.7,14,10.6,Overcast
R00318,Singapore,Hamburg,High,40,5.0,70,4.1,Squall
R00319,Singapore,Hamburg,Moderate,30,2.0,24,9.9,Rain
R00320,Singapore,Hamburg,Moderate,26,2.4,14,9.3,Overcast
R00321,Singapore,Tokyo,High,47,5.2,85,4.5,Storm
R00322,Singapore,Tokyo,High,43,4.0,66,5.1,Squall
R00323,Singapore,Tokyo,High,45,4.0,82,4.7,Storm
R00324,Singapore,Tokyo,High,42,5.0,94,4.7,Storm
R00325,Singapore,Tokyo,Moderate,26,2.7,23,9.0,Rain
R00326,Singapore,Tokyo,Low,13,1.1,3,14.4,Overcast
R00327,Singapore,Tokyo,Low,13,1.1,4,15.4,Overcast
R00328,Singapore,Tokyo,High,50,4.2,93,4.9,Storm
R00329,Singapore,Auckland,Low,16,0.8,3,16.0,Fair
R00330,Singapore,Auckland,High,41,3.8,48,5.2,Squall
R00331,Singapore,Auckland,High,49,5.1,86,5.7,Storm
R00332,Singapore,Auckland,Low,12,1.1,2,17.3,Fair
R00333,Singapore,Auckland,Moderate,24,2.2,13,10.1,Overcast
R00334,Singapore,Auckland,Low,13,0.6,4,18.6,Overcast
R00335,Singapore,Auckland,High,48,5.2,83,4.6,Storm
R00336,Singapore,Auckland,Moderate,24,2.0,14,10.6,Overcast
R00337,Dubai,Chennai,Low,15,1.2,2,14.8,Fair
R00338,Dubai,Chennai,Moderate,29,2.4,19,9.8,Rain
R00339,Dubai,Chennai,Moderate,24,2.6,16,9.6,Rain
R00340,Dubai,Chennai,Moderate,26,2.7,17,10.5,Rain
R00341,Dubai,Chennai,Low,11,0.7,3,17.4,Fair
R00342,Dubai,Chennai,High,46,4.8,54,4.2,Storm
R00343,Dubai,Chennai,High,46,4.4,54,4.8,Storm
R00344,Dubai,Chennai,High,47,5.4,57,4.3,Storm
R00345,Dubai,Kochi,Low,13,0.8,1,17.9,Fair
R00346,Dubai,Kochi,High,46,3.8,65,5.6,Storm
R00347,Dubai,Kochi,Low,13,0.7,1,17.6,Fair
R00348,Dubai,Kochi,Moderate,25,2.5,15,9.7,Overcast
R00349,Dubai,Kochi,Moderate,25,1.8,13,11.0,Overcast
R00350,Dubai,Kochi,Low,15,0.7,1,16.4,Fair
R00351,Dubai,Kochi,Moderate,23,2.3,15,9.2,Rain
R00352,Dubai,Kochi,Moderate,24,2.2,22,9.9,Rain
R00353,Dubai,Singapore,Moderate,25,2.2,20,10.3,Rain
R00354,Dubai,Singapore,High,40,4.0,61,4.0,Squall
R00355,Dubai,Singapore,High,38,3.7,78,5.7,Squall
R00356,Dubai,Singapore,High,43,4.7,86,5.4,Squall
R00357,Dubai,Singapore,Moderate,26,2.5,22,10.9,Rain
R00358,Dubai,Singapore,High,44,4.9,45,4.2,Squall
R00359,Dubai,Singapore,High,42,3.9,56,5.1,Squall
R00360,Dubai,Singapore,High,46,4.1,67,5.1,Storm
R00361,Dubai,Hamburg,High,46,4.6,70,4.6,Storm
R00362,Dubai,Hamburg,High,45,4.2,59,5.7,Squall
R00363,Dubai,Hamburg,High,44,4.1,65,4.1,Squall
R00364,Dubai,Hamburg,High,39,4.6,67,4.4,Squall
R00365,Dubai,Hamburg,Low,17,1.2,4,15.3,Overcast
R00366,Dubai,Hamburg,Moderate,30,2.5,15,8.7,Overcast
R00367,Dubai,Hamburg,Low,14,0.7,3,18.0,Fair
R00368,Dubai,Hamburg,Low,17,0.7,2,17.5,Fair
R00369,Dubai,Santos,Moderate,25,2.7,22,8.6,Rain
R00370,Dubai,Santos,High,52,5.1,87,5.0,Storm
R00371,Dubai,Santos,High,40,4.6,70,4.9,Squall
R00372,Dubai,Santos,Low,14,1.1,3,14.2,Fair
R00373,Dubai,Santos,Moderate,31,2.4,16,9.0,Rain
R00374,Dubai,Santos,High,51,4.9,83,5.2,Storm
R00375,Dubai,Santos,Low,18,1.3,4,14.4,Overcast
R00376,Dubai,Santos,Moderate,26,2.8,22,10.0,Rain
R00377,Dubai,Piraeus,Low,11,0.9,5,14.4,Overcast
R00378,Dubai,Piraeus,Moderate,30,2.6,21,10.2,Rain
R00379,Dubai,Piraeus,Moderate,26,2.4,14,9.7,Overcast
R00380,Dubai,Piraeus,Moderate,29,2.1,23,10.3,Rain
R00381,Dubai,Piraeus,High,42,5.3,57,3.9,Storm
R00382,Dubai,Piraeus,High,51,4.5,82,5.2,Storm
R00383,Dubai,Piraeus,Low,11,0.8,3,16.8,Overcast
R00384,Dubai,Piraeus,Moderate,25,2.1,20,10.8,Rain
R00385,Dubai,Mombasa,High,39,4.6,49,6.6,Squall
R00386,Dubai,Mombasa,Low,14,0.6,2,15.5,Fair
R00387,Dubai,Mombasa,Moderate,27,2.3,17,9.7,Rain
R00388,Dubai,Mombasa,Low,12,0.7,4,16.5,Overcast
R00389,Dubai,Mombasa,Moderate,23,2.0,12,11.2,Overcast
R00390,Dubai,Mombasa,Low,12,0.6,2,16.2,Fair
R00391,Dubai,Mombasa,High,40,4.1,46,6.3,Squall
R00392,Dubai,Mombasa,Low,10,0.7,4,18.0,Overcast
R00393,Jebel Ali,Tokyo,Moderate,26,2.4,17,10.7,Rain
R00394,Jebel Ali,Tokyo,High,46,5.6,90,4.6,Storm
R00395,Jebel Ali,Tokyo,Moderate,26,2.8,21,10.6,Rain
R00396,Jebel Ali,Tokyo,Moderate,28,2.7,15,10.4,Rain
R00397,Jebel Ali,Tokyo,Low,13,1.2,4,15.0,Overcast
R00398,Jebel Ali,Tokyo,Low,12,1.2,5,14.5,Overcast
R00399,Jebel Ali,Tokyo,Low,12,0.8,5,17.8,Overcast
R00400,Jebel Ali,Tokyo,Low,16,1.1,2,14.9,Fair
R00401,Jebel Ali,Sydney,High,50,4.6,73,3.8,Storm
R00402,Jebel Ali,Sydney,Moderate,28,2.3,21,8.5,Rain
R00403,Jebel Ali,Sydney,High,47,5.5,82,5.2,Storm
R00404,Jebel Ali,Sydney,Moderate,26,2.5,16,10.3,Rain
R00405,Jebel Ali,Sydney,Low,15,1.2,5,15.1,Overcast
R00406,Jebel Ali,Sydney,High,51,5.1,87,5.0,Storm
R00407,Jebel Ali,Sydney,Moderate,26,2.6,17,9.8,Rain
R00408,Jebel Ali,Sydney,High,46,4.3,94,4.5,Storm
R00409,Jebel Ali,Santos,Low,12,0.8,1,15.8,Fair
R00410,Jebel Ali,Santos,Low,14,0.8,3,17.2,Fair
R00411,Jebel Ali,Santos,High,45,4.2,69,5.4,Storm
R00412,Jebel Ali,Santos,Low,15,0.9,5,18.7,Overcast
R00413,Jebel Ali,Santos,Moderate,29,1.8,21,10.4,Rain
R00414,Jebel Ali,Santos,Moderate,26,2.4,24,9.9,Rain
R00415,Jebel Ali,Santos,High,48,4.2,87,5.6,Storm
R00416,Jebel Ali,Santos,High,44,5.0,86,5.1,Squall
R00417,Jebel Ali,Valencia,Moderate,31,2.5,17,9.7,Rain
R00418,Jebel Ali,Valencia,High,42,4.5,95,3.6,Storm
R00419,Jebel Ali,Valencia,High,51,5.5,78,4.3,Storm
R00420,Jebel Ali,Valencia,High,45,5.1,60,4.2,Storm
R00421,Jebel Ali,Valencia,High,47,5.1,81,4.2,Storm
R00422,Jebel Ali,Valencia,Low,16,1.0,3,15.3,Fair
R00423,Jebel Ali,Valencia,High,41,4.5,94,4.8,Squall
R00424,Jebel Ali,Valencia,Low,12,1.1,4,14.5,Overcast
R00425,Jebel Ali,Dar es Salaam,Low,11,1.1,4,16.4,Overcast
R00426,Jebel Ali,Dar es Salaam,High,44,4.2,64,4.8,Squall
R00427,Jebel Ali,Dar es Salaam,Moderate,25,2.5,11,9.6,Overcast
R00428,Jebel Ali,Dar es Salaam,Low,11,1.1,3,18.5,Fair
R00429,Jebel Ali,Dar es Salaam,Moderate,27,1.8,17,9.3,Rain
R00430,Jebel Ali,Dar es Salaam,Moderate,29,2.2,20,9.1,Rain
R00431,Jebel Ali,Dar es Salaam,Low,14,1.1,4,17.5,Overcast
R00432,Jebel Ali,Dar es Salaam,Low,12,0.8,2,16.9,Fair
R00433,Rotterdam,Colombo,Moderate,25,2.6,16,9.5,Rain
R00434,Rotterdam,Colombo,Low,12,0.7,4,17.4,Overcast
R00435,Rotterdam,Colombo,High,43,5.2,63,5.4,Storm
R00436,Rotterdam,Colombo,Low,16,0.7,5,18.2,Overcast
R00437,Rotterdam,Colombo,High,40,5.1,56,4.8,Storm
R00438,Rotterdam,Colombo,High,50,4.2,77,4.5,Storm
R00439,Rotterdam,Colombo,Moderate,25,2.3,26,9.8,Rain
R00440,Rotterdam,Colombo,Moderate,25,1.9,26,10.2,Rain
R00441,Rotterdam,Singapore,High,42,5.2,58,4.7,Storm
R00442,Rotterdam,Singapore,Moderate,28,2.3,16,8.4,Rain
R00443,Rotterdam,Singapore,Low,13,0.9,3,14.5,Fair
R00444,Rotterdam,Singapore,Low,14,0.8,5,18.0,Overcast
R00445,Rotterdam,Singapore,High,44,4.1,58,5.0,Squall
R00446,Rotterdam,Singapore,High,48,5.6,76,5.2,Storm
R00447,Rotterdam,Singapore,Moderate,28,2.5,16,10.5,Rain
R00448,Rotterdam,Singapore,Moderate,30,2.1,17,10.6,Rain
R00449,Rotterdam,Jebel Ali,Moderate,29,2.4,22,9.7,Rain
R00450,Rotterdam,Jebel Ali,High,51,5.3,74,3.5,Storm
R00451,Rotterdam,Jebel Ali,Low,17,0.9,5,14.2,Overcast
R00452,Rotterdam,Jebel Ali,Moderate,26,2.5,27,9.5,Rain
R00453,Rotterdam,Jebel Ali,High,46,5.2,76,4.9,Storm
R00454,Rotterdam,Jebel Ali,Moderate,26,2.6,21,10.6,Rain
R00455,Rotterdam,Jebel Ali,High,51,4.9,96,4.2,Storm
R00456,Rotterdam,Jebel Ali,Low,17,0.9,5,17.1,Overcast
R00457,Rotterdam,Tokyo,Low,18,1.2,5,18.3,Overcast
R00458,Rotterdam,Tokyo,Moderate,27,2.7,23,10.8,Rain
R00459,Rotterdam,Tokyo,High,45,5.4,84,4.9,Storm
R00460,Rotterdam,Tokyo,Low,12,0.7,3,18.1,Fair
R00461,Rotterdam,Tokyo,Moderate,28,2.4,21,8.8,Rain
R00462,Rotterdam,Tokyo,Low,16,0.7,5,16.5,Overcast
R00463,Rotterdam,Tokyo,Moderate,27,2.4,15,9.6,Overcast
R00464,Rotterdam,Tokyo,Moderate,28,2.1,20,10.5,Rain
R00465,Rotterdam,Melbourne,Moderate,28,2.3,23,10.3,Rain
R00466,Rotterdam,Melbourne,Moderate,26,2.2,23,10.2,Rain
R00467,Rotterdam,Melbourne,High,51,5.0,75,4.6,Storm
R00468,Rotterdam,Melbourne,Moderate,30,2.6,16,8.5,Rain
R00469,Rotterdam,Melbourne,Low,12,1.1,3,14.4,Fair
R00470,Rotterdam,Melbourne,Low,15,0.9,5,14.5,Overcast
R00471,Rotterdam,Melbourne,Moderate,27,2.4,14,10.0,Overcast
R00472,Rotterdam,Melbourne,Moderate,29,2.5,14,9.2,Overcast
R00473,Rotterdam,Cape Town,High,44,5.6,83,3.9,Storm
R00474,Rotterdam,Cape Town,High,50,4.3,77,3.9,Storm
R00475,Rotterdam,Cape Town,High,43,5.3,89,3.9,Storm
R00476,Rotterdam,Cape Town,Low,18,0.8,6,14.3,Overcast
R00477,Rotterdam,Cape Town,High,47,5.1,85,5.6,Storm
R00478,Rotterdam,Cape Town,Moderate,26,2.1,22,8.3,Rain
R00479,Rotterdam,Cape Town,Moderate,27,2.1,28,10.4,Rain
R00480,Rotterdam,Cape Town,Moderate,29,2.1,20,9.6,Rain
R00481,Rotterdam,Santos,Moderate,25,2.6,16,8.8,Rain
R00482,Rotterdam,Santos,Low,16,1.2,2,16.1,Fair
R00483,Rotterdam,Santos,Moderate,30,2.7,22,9.2,Rain
R00484,Rotterdam,Santos,Moderate,25,2.2,18,8.5,Rain
R00485,Rotterdam,Santos,Moderate,30,2.6,27,10.6,Rain
R00486,Rotterdam,Santos,Low,14,0.7,3,16.1,Fair
R00487,Rotterdam,Santos,Moderate,27,2.2,18,8.5,Rain
R00488,Rotterdam,Santos,Low,14,1.1,5,16.0,Overcast
R00489,Rotterdam,Valencia,Moderate,28,2.6,18,10.0,Rain
R00490,Rotterdam,Valencia,High,43,4.2,81,4.4,Squall
R00491,Rotterdam,Valencia,High,40,5.1,68,3.6,Storm
R00492,Rotterdam,Valencia,Moderate,27,2.8,26,10.0,Rain
R00493,Rotterdam,Valencia,Low,18,1.2,6,15.9,Overcast
R00494,Rotterdam,Valencia,High,43,4.2,77,4.8,Squall
R00495,Rotterdam,Valencia,High,50,4.2,77,3.8,Storm
R00496,Rotterdam,Valencia,Low,14,1.3,5,15.4,Overcast
R00497,Rotterdam,Piraeus,Low,17,1.1,5,17.0,Overcast
R00498,Rotterdam,Piraeus,Low,17,0.7,3,17.5,Fair
R00499,Rotterdam,Piraeus,Low,11,1.2,3,15.8,Fair
R00500,Rotterdam,Piraeus,Low,18,1.2,5,15.8,Overcast
R00501,Rotterdam,Piraeus,Low,16,0.8,5,17.6,Overcast
R00502,Rotterdam,Piraeus,Low,13,0.8,3,15.7,Overcast
R00503,Rotterdam,Piraeus,Low,17,0.9,5,15.8,Overcast
R00504,Rotterdam,Piraeus,Low,15,0.7,3,17.2,Fair
R00505,Hamburg,Singapore,Low,15,1.2,5,14.9,Overcast
R00506,Hamburg,Singapore,Moderate,25,2.2,23,9.9,Rain
R00507,Hamburg,Singapore,Moderate,29,2.3,25,10.6,Rain
R00508,Hamburg,Singapore,High,39,4.2,70,4.7,Squall
R00509,Hamburg,Singapore,High,41,4.6,79,4.3,Squall
R00510,Hamburg,Singapore,High,48,4.2,93,5.2,Storm
R00511,Hamburg,Singapore,Low,11,0.9,5,14.8,Overcast
R00512,Hamburg,Singapore,High,39,5.2,66,4.5,Storm
R00513,Hamburg,New York,Moderate,26,2.5,16,8.6,Rain
R00514,Hamburg,New York,Low,17,0.9,2,15.1,Fair
R00515,Hamburg,New York,Low,16,1.2,3,18.1,Fair
R00516,Hamburg,New York,High,45,4.2,87,4.3,Storm
R00517,Hamburg,New York,Low,18,1.0,5,14.4,Overcast
R00518,Hamburg,New York,Moderate,25,2.1,19,9.2,Rain
R00519,Hamburg,New York,Moderate,26,2.0,24,10.3,Rain
R00520,Hamburg,New York,Moderate,26,2.4,15,9.1,Rain
R00521,Hamburg,Shanghai,Moderate,29,2.3,28,8.4,Rain
R00522,Hamburg,Shanghai,Low,15,1.2,3,14.6,Overcast
R00523,Hamburg,Shanghai,High,50,5.6,83,3.0,Storm
R00524,Hamburg,Shanghai,High,47,5.5,93,4.3,Storm
R00525,Hamburg,Shanghai,Moderate,27,2.4,28,9.8,Rain
R00526,Hamburg,Shanghai,High,47,5.1,101,3.7,Storm
R00527,Hamburg,Shanghai,High,49,5.3,77,5.3,Storm
R00528,Hamburg,Shanghai,Low,14,0.9,6,13.6,Overcast
R00529,Hamburg,Tokyo,High,48,4.4,82,4.8,Storm
R00530,Hamburg,Tokyo,Low,19,1.0,6,17.3,Overcast
R00531,Hamburg,Tokyo,High,49,4.7,100,5.0,Storm
R00532,Hamburg,Tokyo,Moderate,27,2.5,22,8.9,Rain
R00533,Hamburg,Tokyo,Moderate,28,2.6,24,8.2,Rain
R00534,Hamburg,Tokyo,Moderate,26,2.4,22,8.1,Rain
R00535,Hamburg,Tokyo,Low,19,1.2,5,16.4,Overcast
R00536,Hamburg,Tokyo,Low,14,1.3,6,14.2,Overcast
R00537,Hamburg,Melbourne,Low,16,0.9,5,17.6,Overcast
R00538,Hamburg,Melbourne,Low,15,0.8,4,15.6,Overcast
R00539,Hamburg,Melbourne,High,49,4.7,62,3.4,Storm
R00540,Hamburg,Melbourne,High,44,5.7,90,3.3,Storm
R00541,Hamburg,Melbourne,High,45,4.7,81,3.7,Storm
R00542,Hamburg,Melbourne,Moderate,29,2.7,18,8.4,Rain
R00543,Hamburg,Melbourne,Moderate,28,2.2,19,10.0,Rain
R00544,Hamburg,Melbourne,High,48,4.1,63,5.4,Storm
R00545,Hamburg,Cape Town,High,50,5.0,68,5.6,Storm
R00546,Hamburg,Cape Town,Moderate,31,2.0,25,9.2,Rain
R00547,Hamburg,Cape Town,Low,18,1.0,4,14.9,Overcast
R00548,Hamburg,Cape Town,High,51,4.8,88,4.5,Storm
R00549,Hamburg,Cape Town,High,45,4.2,86,5.2,Squall
R00550,Hamburg,Cape Town,Moderate,27,2.3,22,9.8,Rain
R00551,Hamburg,Cape Town,Low,12,1.1,3,17.4,Overcast
R00552,Hamburg,Cape Town,Low,15,0.9,4,15.8,Overcast
R00553,Hamburg,Piraeus,High,49,4.8,63,4.9,Storm
R00554,Hamburg,Piraeus,Moderate,29,2.3,26,10.8,Rain
R00555,Hamburg,Piraeus,Moderate,29,2.1,15,10.0,Rain
R00556,Hamburg,Piraeus,Low,11,0.8,5,15.9,Overcast
R00557,Hamburg,Piraeus,Moderate,25,2.3,26,10.8,Rain
R00558,Hamburg,Piraeus,High,49,4.0,70,5.2,Storm
R00559,Hamburg,Piraeus,High,49,4.9,70,4.0,Storm
R00560,Hamburg,Piraeus,Low,14,1.2,2,18.1,Fair
R00561,Hamburg,Istanbul,Moderate,26,2.4,14,9.0,Overcast
R00562,Hamburg,Istanbul,High,41,5.6,86,4.8,Storm
R00563,Hamburg,Istanbul,Moderate,27,2.3,24,10.9,Rain
R00564,Hamburg,Istanbul,High,40,4.0,84,5.6,Squall
R00565,Hamburg,Istanbul,Low,13,0.7,3,15.7,Fair
R00566,Hamburg,Istanbul,High,51,4.1,75,3.7,Storm
R00567,Hamburg,Istanbul,Low,14,1.3,4,17.3,Overcast
R00568,Hamburg,Istanbul,Moderate,26,2.6,22,9.2,Rain
R00569,London,Colombo,Low,14,0.9,5,17.0,Overcast
R00570,London,Colombo,Moderate,26,2.1,23,9.5,Rain
R00571,London,Colombo,High,45,5.0,67,5.4,Storm
R00572,London,Colombo,Moderate,27,2.3,23,10.8,Rain
R00573,London,Colombo,Moderate,28,2.0,15,9.2,Rain
R00574,London,Colombo,Low,15,1.0,2,15.8,Fair
R00575,London,Colombo,High,50,5.0,85,5.1,Storm
R00576,London,Colombo,Low,13,1.0,2,15.5,Fair
R00577,London,Singapore,High,47,4.8,73,5.9,Storm
R00578,London,Singapore,Moderate,24,2.5,14,9.4,Overcast
R00579,London,Singapore,High,40,4.4,81,5.8,Squall
R00580,London,Singapore,Low,13,0.6,3,16.2,Fair
R00581,London,Singapore,Moderate,24,1.9,25,9.2,Rain
R00582,London,Singapore,Low,11,1.0,1,14.9,Fair
R00583,London,Singapore,Low,12,0.7,1,17.3,Fair
R00584,London,Singapore,Low,16,1.2,4,15.1,Overcast
R00585,London,Rotterdam,Low,14,0.9,3,15.0,Overcast
R00586,London,Rotterdam,Low,16,1.3,4,15.7,Overcast
R00587,London,Rotterdam,Moderate,31,2.6,29,9.7,Rain
R00588,London,Rotterdam,Low,14,0.8,2,16.2,Fair
R00589,London,Rotterdam,High,52,5.1,94,5.5,Storm
R00590,London,Rotterdam,High,47,5.3,99,5.3,Storm
R00591,London,Rotterdam,Moderate,28,2.8,22,8.5,Rain
R00592,London,Rotterdam,Moderate,27,2.3,19,10.0,Rain
R00593,London,New York,Moderate,27,2.2,21,9.8,Rain
R00594,London,New York,High,45,4.4,76,3.7,Storm
R00595,London,New York,Moderate,29,2.2,19,9.2,Rain
R00596,London,New York,Moderate,27,2.7,14,9.5,Overcast
R00597,London,New York,High,45,5.1,83,4.1,Storm
R00598,London,New York,High,47,3.9,75,4.7,Storm
R00599,London,New York,High,50,4.0,71,3.7,Storm
R00600,London,New York,Low,15,1.1,3,16.5,Fair
R00601,London,Vancouver,Moderate,27,2.4,27,9.0,Rain
R00602,London,Vancouver,Moderate,25,2.4,27,10.6,Rain
R00603,London,Vancouver,High,40,4.5,66,4.4,Squall
R00604,London,Vancouver,Low,17,1.2,6,17.9,Overcast
R00605,London,Vancouver,Low,15,0.8,3,17.8,Overcast
R00606,London,Vancouver,Low,13,1.1,2,18.2,Fair
R00607,London,Vancouver,Moderate,28,2.6,24,9.5,Rain
R00608,London,Vancouver,High,49,4.1,88,4.4,Storm
R00609,London,Shanghai,Low,18,1.0,5,17.4,Overcast
R00610,London,Shanghai,Low,14,1.1,5,14.8,Overcast
R00611,London,Shanghai,Low,17,1.0,6,14.8,Overcast
R00612,London,Shanghai,Moderate,30,2.7,20,8.5,Rain
R00613,London,Shanghai,Moderate,27,2.0,22,8.7,Rain
R00614,London,Shanghai,Moderate,30,2.3,20,10.7,Rain
R00615,London,Shanghai,High,45,4.5,94,4.6,Storm
R00616,London,Shanghai,Moderate,26,2.7,17,10.0,Rain
R00617,London,Melbourne,Low,18,1.3,3,15.4,Overcast
R00618,London,Melbourne,Moderate,28,2.3,27,10.3,Rain
R00619,London,Melbourne,Low,12,1.3,4,17.1,Overcast
R00620,London,Melbourne,Moderate,25,2.6,25,10.1,Rain
R00621,London,Melbourne,Moderate,30,2.2,28,8.2,Rain
R00622,London,Melbourne,Moderate,31,2.7,25,9.5,Rain
R00623,London,Melbourne,Moderate,26,2.1,24,9.5,Rain
R00624,London,Melbourne,Low,13,1.0,2,16.7,Fair
R00625,London,Buenos Aires,High,44,4.0,55,4.7,Squall
R00626,London,Buenos Aires,Moderate,29,1.9,20,10.9,Rain
R00627,London,Buenos Aires,High,39,5.2,75,4.0,Storm
R00628,London,Buenos Aires,Low,12,0.7,4,17.4,Overcast
R00629,London,Buenos Aires,High,50,4.5,79,5.5,Storm
R00630,London,Buenos Aires,High,49,4.4,55,4.0,Storm
R00631,London,Buenos Aires,Low,11,1.0,4,17.1,Overcast
R00632,London,Buenos Aires,Low,14,1.1,5,17.0,Overcast
R00633,London,Istanbul,Low,18,1.1,3,14.2,Overcast
R00634,London,Istanbul,High,46,4.6,61,4.5,Storm
R00635,London,Istanbul,Moderate,27,2.0,17,9.9,Rain
R00636,London,Istanbul,Low,17,1.1,3,14.8,Overcast
R00637,London,Istanbul,High,52,4.1,98,3.6,Storm
R00638,London,Istanbul,Low,18,0.9,4,17.7,Overcast
R00639,London,Istanbul,Low,13,1.2,4,17.5,Overcast
R00640,London,Istanbul,Moderate,29,2.5,25,9.3,Rain
R00641,London,Felixstowe,Low,17,0.8,2,17.1,Fair
R00642,London,Felixstowe,Low,13,1.0,5,17.1,Overcast
R00643,London,Felixstowe,Low,17,1.2,5,17.1,Overcast
R00644,London,Felixstowe,Moderate,25,2.7,24,8.6,Rain
R00645,London,Felixstowe,Moderate,29,2.2,18,10.1,Rain
R00646,London,Felixstowe,Low,16,0.7,5,15.7,Overcast
R00647,London,Felixstowe,High,51,4.0,68,5.9,Storm
R00648,London,Felixstowe,Moderate,26,2.6,15,8.9,Overcast
R00649,New York,Dubai,Moderate,25,2.6,23,9.1,Rain
R00650,New York,Dubai,Moderate,25,2.6,27,9.5,Rain
R00651,New York,Dubai,High,47,4.8,97,3.7,Storm
R00652,New York,Dubai,Moderate,29,2.0,15,10.3,Rain
R00653,New York,Dubai,Moderate,31,2.5,18,9.8,Rain
R00654,New York,Dubai,High,47,4.9,77,5.6,Storm
R00655,New York,Dubai,Low,12,1.2,4,17.4,Overcast
R00656,New York,Dubai,Moderate,29,2.1,21,9.0,Rain
R00657,New York,Jebel Ali,High,44,4.2,80,4.6,Squall
R00658,New York,Jebel Ali,High,50,4.8,61,4.5,Storm
R00659,New York,Jebel Ali,Moderate,30,2.0,19,9.4,Rain
R00660,New York,Jebel Ali,Low,12,0.7,5,14.7,Overcast
R00661,New York,Jebel Ali,Moderate,25,2.1,24,10.6,Rain
R00662,New York,Jebel Ali,High,41,3.8,85,4.4,Squall
R00663,New York,Jebel Ali,Moderate,26,2.4,18,9.8,Rain
R00664,New York,Jebel Ali,Low,14,1.2,3,17.3,Fair
R00665,New York,Hamburg,Low,12,1.0,2,15.5,Fair
R00666,New York,Hamburg,High,44,4.0,81,5.0,Squall
R00667,New York,Hamburg,Low,14,1.2,3,17.7,Fair
R00668,New York,Hamburg,Low,12,1.2,3,17.9,Fair
R00669,New York,Hamburg,High,50,4.2,55,5.8,Storm
R00670,New York,Hamburg,Low,11,1.1,2,18.0,Fair
R00671,New York,Hamburg,Low,14,0.8,3,14.3,Fair
R00672,New York,Hamburg,Low,14,1.2,2,15.2,Fair
R00673,New York,London,High,48,4.5,84,4.1,Storm
R00674,New York,London,Low,14,1.0,5,14.8,Overcast
R00675,New York,London,Low,17,1.2,5,18.2,Overcast
R00676,New York,London,Moderate,30,2.0,13,10.3,Overcast
R00677,New York,London,Low,12,0.9,2,18.1,Fair
R00678,New York,London,Moderate,29,2.1,19,9.8,Rain
R00679,New York,London,Low,14,0.7,4,14.8,Overcast
R00680,New York,London,High,47,4.6,67,4.5,Storm
R00681,New York,Melbourne,Moderate,30,2.0,24,10.4,Rain
R00682,New York,Melbourne,Moderate,27,2.1,16,9.3,Rain
R00683,New York,Melbourne,Moderate,25,2.2,22,9.8,Rain
R00684,New York,Melbourne,High,43,4.4,72,3.6,Storm
R00685,New York,Melbourne,Moderate,29,2.1,26,9.1,Rain
R00686,New York,Melbourne,Moderate,26,2.1,22,9.9,Rain
R00687,New York,Melbourne,Low,16,0.7,5,15.7,Overcast
R00688,New York,Melbourne,Low,15,0.9,2,17.5,Fair
R00689,New York,Durban,Moderate,27,2.1,29,9.0,Rain
R00690,New York,Durban,High,45,5.3,86,5.4,Storm
R00691,New York,Durban,High,42,5.3,99,4.8,Storm
R00692,New York,Durban,Low,19,1.2,4,17.2,Overcast
R00693,New York,Durban,High,46,4.9,60,4.9,Storm
R00694,New York,Durban,High,42,4.9,70,3.3,Storm
R00695,New York,Durban,Low,16,1.3,5,17.7,Overcast
R00696,New York,Durban,Low,18,1.2,6,17.6,Overcast
R00697,New York,Cape Town,High,40,4.4,70,5.1,Squall
R00698,New York,Cape Town,High,41,4.3,65,3.6,Storm
R00699,New York,Cape Town,Moderate,31,2.3,22,9.6,Rain
R00700,New York,Cape Town,Low,16,1.0,4,18.0,Overcast
R00701,New York,Cape Town,Low,17,0.8,6,17.5,Overcast
R00702,New York,Cape Town,Low,13,1.0,4,14.1,Overcast
R00703,New York,Cape Town,Moderate,27,2.0,15,8.5,Overcast
R00704,New York,Cape Town,Low,17,0.9,4,16.2,Overcast
R00705,New York,Valencia,High,41,4.4,83,4.4,Squall
R00706,New York,Valencia,Low,17,1.1,2,18.3,Fair
R00707,New York,Valencia,High,42,5.0,63,4.1,Storm
R00708,New York,Valencia,High,47,4.5,79,5.7,Storm
R00709,New York,Valencia,High,41,5.3,58,4.7,Storm
R00710,New York,Valencia,Low,12,1.1,3,17.8,Fair
R00711,New York,Valencia,Moderate,27,2.1,17,9.2,Rain
R00712,New York,Valencia,Moderate,29,2.0,23,9.4,Rain
R00713,New York,Piraeus,Moderate,29,2.1,24,9.3,Rain
R00714,New York,Piraeus,High,39,5.4,80,5.1,Storm
R00715,New York,Piraeus,Moderate,25,2.7,24,9.5,Rain
R00716,New York,Piraeus,Moderate,25,2.6,24,8.8,Rain
R00717,New York,Piraeus,Low,13,0.8,2,16.6,Fair
R00718,New York,Piraeus,Moderate,30,2.4,27,10.6,Rain
R00719,New York,Piraeus,Low,13,1.0,4,17.7,Overcast
R00720,New York,Piraeus,Moderate,30,2.2,17,9.5,Rain
R00721,New York,Dar es Salaam,Low,13,1.1,2,17.0,Fair
R00722,New York,Dar es Salaam,Moderate,25,2.1,23,9.9,Rain
R00723,New York,Dar es Salaam,Low,14,0.9,3,17.1,Overcast
R00724,New York,Dar es Salaam,Low,13,1.1,3,18.3,Overcast
R00725,New York,Dar es Salaam,High,42,4.6,66,4.2,Squall
R00726,New York,Dar es Salaam,High,47,5.4,57,3.7,Storm
R00727,New York,Dar es Salaam,Moderate,24,2.5,18,11.1,Rain
R00728,New York,Dar es Salaam,High,39,5.3,61,4.7,Storm
R00729,Los Angeles,Rotterdam,High,47,5.3,88,5.2,Storm
R00730,Los Angeles,Rotterdam,High,47,5.2,67,4.9,Storm
R00731,Los Angeles,Rotterdam,High,50,5.5,73,3.6,Storm
R00732,Los Angeles,Rotterdam,Low,15,1.0,5,16.6,Overcast
R00733,Los Angeles,Rotterdam,Low,19,0.8,3,14.9,Overcast
R00734,Los Angeles,Rotterdam,Low,18,0.8,5,16.6,Overcast
R00735,Los Angeles,Rotterdam,High,46,4.5,83,5.0,Storm
R00736,Los Angeles,Rotterdam,Moderate,26,2.6,22,8.9,Rain
R00737,Los Angeles,Tokyo,High,46,5.4,94,4.6,Storm
R00738,Los Angeles,Tokyo,Moderate,29,1.9,16,10.5,Rain
R00739,Los Angeles,Tokyo,High,50,4.4,89,5.3,Storm
R00740,Los Angeles,Tokyo,Low,16,0.7,2,17.0,Fair
R00741,Los Angeles,Tokyo,Low,13,1.0,2,15.2,Fair
R00742,Los Angeles,Tokyo,High,43,5.3,75,5.0,Storm
R00743,Los Angeles,Tokyo,Moderate,28,2.6,14,9.8,Overcast
R00744,Los Angeles,Tokyo,Moderate,30,2.5,24,9.8,Rain
R00745,Los Angeles,Sydney,Moderate,30,2.2,27,8.8,Rain
R00746,Los Angeles,Sydney,High,45,4.0,91,5.8,Squall
R00747,Los Angeles,Sydney,Low,14,0.8,3,15.2,Overcast
R00748,Los Angeles,Sydney,Low,14,0.7,2,15.4,Fair
R00749,Los Angeles,Sydney,Moderate,28,2.4,26,9.9,Rain
R00750,Los Angeles,Sydney,Low,18,1.1,5,15.4,Overcast
R00751,Los Angeles,Sydney,High,45,5.1,75,4.9,Storm
R00752,Los Angeles,Sydney,Moderate,30,2.3,19,9.4,Rain
R00753,Los Angeles,Durban,Low,12,0.8,5,15.2,Overcast
R00754,Los Angeles,Durban,Low,17,0.9,5,15.2,Overcast
R00755,Los Angeles,Durban,Moderate,25,2.5,20,10.2,Rain
R00756,Los Angeles,Durban,Moderate,27,2.0,25,10.2,Rain
R00757,Los Angeles,Durban,Moderate,27,2.2,18,10.3,Rain
R00758,Los Angeles,Durban,Low,14,1.2,5,17.4,Overcast
R00759,Los Angeles,Durban,Low,12,0.8,2,16.1,Fair
R00760,Los Angeles,Durban,High,49,4.5,80,3.9,Storm
R00761,Los Angeles,Buenos Aires,Moderate,28,2.3,23,9.7,Rain
R00762,Los Angeles,Buenos Aires,High,52,5.2,60,5.7,Storm
R00763,Los Angeles,Buenos Aires,Moderate,26,2.1,27,10.3,Rain
R00764,Los Angeles,Buenos Aires,Moderate,27,2.4,19,10.7,Rain
R00765,Los Angeles,Buenos Aires,High,47,5.3,66,3.5,Storm
R00766,Los Angeles,Buenos Aires,Moderate,26,2.0,21,9.5,Rain
R00767,Los Angeles,Buenos Aires,Moderate,31,2.8,23,10.1,Rain
R00768,Los Angeles,Buenos Aires,Low,16,1.1,5,16.5,Overcast
R00769,Los Angeles,Auckland,High,49,5.1,74,4.7,Storm
R00770,Los Angeles,Auckland,Low,15,0.8,2,17.7,Fair
R00771,Los Angeles,Auckland,Low,16,1.1,4,15.5,Overcast
R00772,Los Angeles,Auckland,High,40,5.0,72,4.1,Storm
R00773,Los Angeles,Auckland,Moderate,26,2.0,22,8.9,Rain
R00774,Los Angeles,Auckland,Low,18,0.9,4,17.6,Overcast
R00775,Los Angeles,Auckland,Low,13,0.9,3,14.4,Fair
R00776,Los Angeles,Auckland,Moderate,26,2.5,22,8.8,Rain
R00777,Los Angeles,Felixstowe,Moderate,29,2.8,22,9.8,Rain
R00778,Los Angeles,Felixstowe,Moderate,27,2.3,25,8.4,Rain
R00779,Los Angeles,Felixstowe,Moderate,30,2.6,23,8.8,Rain
R00780,Los Angeles,Felixstowe,High,41,4.2,67,4.5,Squall
R00781,Los Angeles,Felixstowe,Moderate,30,2.3,20,8.8,Rain
R00782,Los Angeles,Felixstowe,Moderate,27,2.4,18,8.5,Rain
R00783,Los Angeles,Felixstowe,Low,14,0.8,3,18.0,Fair
R00784,Los Angeles,Felixstowe,High,51,4.7,83,5.7,Storm
R00785,Vancouver,Colombo,Low,17,1.1,4,16.9,Overcast
R00786,Vancouver,Colombo,Moderate,30,2.3,17,8.4,Rain
R00787,Vancouver,Colombo,High,51,4.3,95,3.7,Storm
R00788,Vancouver,Colombo,Moderate,26,2.6,26,9.9,Rain
R00789,Vancouver,Colombo,Low,15,0.8,5,15.1,Overcast
R00790,Vancouver,Colombo,Moderate,26,2.3,18,9.1,Rain
R00791,Vancouver,Colombo,Moderate,29,2.2,17,8.3,Rain
R00792,Vancouver,Colombo,Moderate,27,2.6,19,8.7,Rain
R00793,Vancouver,Hamburg,Low,16,1.2,4,14.4,Overcast
R00794,Vancouver,Hamburg,Moderate,30,2.4,14,9.2,Overcast
R00795,Vancouver,Hamburg,Low,13,0.8,4,14.5,Overcast
R00796,Vancouver,Hamburg,Low,14,1.0,4,17.1,Overcast
R00797,Vancouver,Hamburg,High,49,5.2,57,3.7,Storm
R00798,Vancouver,Hamburg,Low,13,0.7,2,16.3,Fair
R00799,Vancouver,Hamburg,Moderate,26,2.1,25,10.0,Rain
R00800,Vancouver,Hamburg,High,50,4.6,82,4.4,Storm
R00801,Vancouver,New York,Moderate,28,2.1,21,9.1,Rain
R00802,Vancouver,New York,High,43,5.4,61,5.4,Storm
R00803,Vancouver,New York,High,41,4.7,93,4.2,Squall
R00804,Vancouver,New York,Moderate,26,2.6,16,8.6,Rain
R00805,Vancouver,New York,High,40,4.7,74,5.4,Squall
R00806,Vancouver,New York,Moderate,30,2.4,19,9.6,Rain
R00807,Vancouver,New York,High,44,4.6,59,4.7,Squall
R00808,Vancouver,New York,Moderate,29,2.6,17,9.7,Rain
R00809,Vancouver,Los Angeles,High,39,4.9,71,6.1,Squall
R00810,Vancouver,Los Angeles,Moderate,28,2.3,12,10.3,Overcast
R00811,Vancouver,Los Angeles,Moderate,26,2.2,16,9.5,Rain
R00812,Vancouver,Los Angeles,Moderate,27,2.3,20,9.7,Rain
R00813,Vancouver,Los Angeles,Low,13,0.7,4,16.1,Overcast
R00814,Vancouver,Los Angeles,Low,12,1.0,2,16.6,Fair
R00815,Vancouver,Los Angeles,High,44,4.4,67,6.1,Squall
R00816,Vancouver,Los Angeles,Low,13,0.8,2,15.0,Fair
R00817,Vancouver,Busan,High,45,5.4,64,3.9,Storm
R00818,Vancouver,Busan,High,41,5.0,75,5.4,Squall
R00819,Vancouver,Busan,Low,14,1.0,3,15.5,Fair
R00820,Vancouver,Busan,High,43,4.1,83,3.8,Storm
R00821,Vancouver,Busan,Moderate,26,2.1,21,9.0,Rain
R00822,Vancouver,Busan,High,48,5.5,67,5.6,Storm
R00823,Vancouver,Busan,High,40,5.0,91,4.0,Storm
R00824,Vancouver,Busan,Low,12,0.8,5,15.7,Overcast
R00825,Vancouver,Tokyo,Moderate,29,2.7,26,10.2,Rain
R00826,Vancouver,Tokyo,Low,13,0.8,3,14.4,Fair
R00827,Vancouver,Tokyo,Low,17,0.9,3,15.1,Overcast
R00828,Vancouver,Tokyo,Low,16,1.2,4,17.8,Overcast
R00829,Vancouver,Tokyo,High,48,5.1,69,5.5,Storm
R00830,Vancouver,Tokyo,Moderate,29,2.7,22,10.8,Rain
R00831,Vancouver,Tokyo,High,50,5.3,65,3.7,Storm
R00832,Vancouver,Tokyo,Low,12,1.1,4,15.7,Overcast
R00833,Vancouver,Santos,High,41,5.5,57,4.7,Storm
R00834,Vancouver,Santos,Moderate,28,2.2,22,10.7,Rain
R00835,Vancouver,Santos,Moderate,30,2.7,20,8.7,Rain
R00836,Vancouver,Santos,Low,14,0.8,4,14.7,Overcast
R00837,Vancouver,Santos,Low,18,1.1,2,14.5,Fair
R00838,Vancouver,Santos,Low,14,1.1,4,16.5,Overcast
R00839,Vancouver,Santos,Low,12,0.9,4,16.6,Overcast
R00840,Vancouver,Santos,High,44,4.3,76,5.3,Squall
R00841,Vancouver,Buenos Aires,Low,15,1.1,6,15.0,Overcast
R00842,Vancouver,Buenos Aires,Moderate,28,2.5,26,9.4,Rain
R00843,Vancouver,Buenos Aires,High,47,4.8,97,4.3,Storm
R00844,Vancouver,Buenos Aires,Low,14,1.2,4,15.6,Overcast
R00845,Vancouver,Buenos Aires,Moderate,30,2.4,22,9.9,Rain
R00846,Vancouver,Buenos Aires,Moderate,27,2.8,22,8.7,Rain
R00847,Vancouver,Buenos Aires,Low,18,0.8,3,16.3,Overcast
R00848,Vancouver,Buenos Aires,High,52,5.8,87,3.6,Storm
R00849,Vancouver,Dar es Salaam,High,44,5.2,59,4.3,Storm
R00850,Vancouver,Dar es Salaam,Moderate,28,2.0,17,9.6,Rain
R00851,Vancouver,Dar es Salaam,Low,14,0.6,3,18.2,Overcast
R00852,Vancouver,Dar es Salaam,High,39,4.6,71,4.1,Squall
R00853,Vancouver,Dar es Salaam,Low,17,1.0,4,16.6,Overcast
R00854,Vancouver,Dar es Salaam,High,45,4.3,67,4.5,Squall
R00855,Vancouver,Dar es Salaam,Moderate,26,2.3,16,10.7,Rain
R00856,Vancouver,Dar es Salaam,High,41,4.9,74,5.8,Squall
R00857,Shanghai,Kochi,High,40,5.1,81,3.8,Storm
R00858,Shanghai,Kochi,Low,17,0.7,1,15.4,Fair
R00859,Shanghai,Kochi,Moderate,29,1.9,23,10.6,Rain
R00860,Shanghai,Kochi,Low,12,0.7,5,18.8,Overcast
R00861,Shanghai,Kochi,Moderate,28,2.5,12,9.9,Overcast
R00862,Shanghai,Kochi,Low,10,0.8,3,18.5,Overcast
R00863,Shanghai,Kochi,Low,12,0.7,3,16.7,Overcast
R00864,Shanghai,Kochi,Low,11,0.7,2,17.2,Fair
R00865,Shanghai,Singapore,Moderate,29,1.9,24,10.6,Rain
R00866,Shanghai,Singapore,Low,15,0.6,5,15.0,Overcast
R00867,Shanghai,Singapore,Low,16,1.0,2,15.3,Fair
R00868,Shanghai,Singapore,Moderate,28,1.9,15,9.8,Overcast
R00869,Shanghai,Singapore,Moderate,30,2.1,15,10.3,Overcast
R00870,Shanghai,Singapore,Moderate,26,2.0,13,10.5,Overcast
R00871,Shanghai,Singapore,Moderate,29,2.2,13,10.1,Overcast
R00872,Shanghai,Singapore,Low,17,1.0,2,15.7,Fair
R00873,Shanghai,Jebel Ali,High,48,4.3,70,4.3,Storm
R00874,Shanghai,Jebel Ali,High,48,4.7,77,3.7,Storm
R00875,Shanghai,Jebel Ali,Moderate,26,2.6,24,8.9,Rain
R00876,Shanghai,Jebel Ali,Low,12,0.8,4,16.5,Overcast
R00877,Shanghai,Jebel Ali,High,45,5.5,75,3.3,Storm
R00878,Shanghai,Jebel Ali,Moderate,30,2.6,19,10.4,Rain
R00879,Shanghai,Jebel Ali,Moderate,28,2.1,18,9.2,Rain
R00880,Shanghai,Jebel Ali,Low,13,1.2,3,17.6,Overcast
R00881,Shanghai,London,High,45,5.4,75,5.3,Storm
R00882,Shanghai,London,High,39,4.4,75,5.4,Squall
R00883,Shanghai,London,Low,17,0.9,2,14.8,Fair
R00884,Shanghai,London,Moderate,30,2.0,23,10.4,Rain
R00885,Shanghai,London,Low,16,1.1,4,15.3,Overcast
R00886,Shanghai,London,Low,11,0.8,3,16.5,Fair
R00887,Shanghai,London,High,41,5.3,60,5.6,Storm
R00888,Shanghai,London,Low,15,1.2,3,18.3,Overcast
R00889,Shanghai,New York,Low,15,1.2,5,14.0,Overcast
R00890,Shanghai,New York,Moderate,31,2.8,29,10.0,Rain
R00891,Shanghai,New York,Low,19,1.1,3,16.9,Overcast
R00892,Shanghai,New York,Moderate,30,2.2,27,8.4,Rain
R00893,Shanghai,New York,Low,19,1.1,4,13.6,Overcast
R00894,Shanghai,New York,Low,19,1.2,4,16.6,Overcast
R00895,Shanghai,New York,Moderate,30,2.5,24,10.0,Rain
R00896,Shanghai,New York,Moderate,26,2.4,18,8.5,Rain
R00897,Shanghai,Sydney,High,39,5.2,72,4.7,Storm
R00898,Shanghai,Sydney,Moderate,27,2.3,23,9.9,Rain
R00899,Shanghai,Sydney,High,50,5.2,74,3.6,Storm
R00900,Shanghai,Sydney,Low,11,1.1,2,16.9,Fair
R00901,Shanghai,Sydney,Moderate,27,2.4,27,8.9,Rain
R00902,Shanghai,Sydney,High,47,4.2,89,3.8,Storm
R00903,Shanghai,Sydney,Low,16,0.9,3,16.9,Fair
R00904,Shanghai,Sydney,Moderate,26,2.7,20,8.9,Rain
R00905,Shanghai,Santos,High,44,3.9,78,3.9,Storm
R00906,Shanghai,Santos,Low,15,1.0,3,18.5,Overcast
R00907,Shanghai,Santos,High,45,4.9,73,3.9,Storm
R00908,Shanghai,Santos,High,46,5.2,89,5.6,Storm
R00909,Shanghai,Santos,High,50,4.6,77,5.4,Storm
R00910,Shanghai,Santos,High,47,4.2,66,5.5,Storm
R00911,Shanghai,Santos,Low,13,0.7,2,17.9,Fair
R00912,Shanghai,Santos,High,45,4.7,54,5.1,Storm
R00913,Shanghai,Valencia,Low,12,0.7,2,16.0,Fair
R00914,Shanghai,Valencia,Low,12,1.2,4,14.6,Overcast
R00915,Shanghai,Valencia,Moderate,28,2.4,20,8.8,Rain
R00916,Shanghai,Valencia,High,45,4.7,53,5.0,Storm
R00917,Shanghai,Valencia,Low,12,1.0,5,18.2,Overcast
R00918,Shanghai,Valencia,Low,11,0.9,5,17.8,Overcast
R00919,Shanghai,Valencia,Moderate,26,2.5,19,9.9,Rain
R00920,Shanghai,Valencia,Low,12,1.1,6,15.8,Overcast
R00921,Shanghai,Istanbul,Low,11,1.0,2,18.4,Fair
R00922,Shanghai,Istanbul,Moderate,26,2.5,21,10.3,Rain
R00923,Shanghai,Istanbul,Low,16,1.1,5,15.6,Overcast
R00924,Shanghai,Istanbul,Low,13,1.0,3,15.9,Fair
R00925,Shanghai,Istanbul,High,50,4.7,86,6.0,Storm
R00926,Shanghai,Istanbul,Low,17,1.2,5,18.1,Overcast
R00927,Shanghai,Istanbul,Low,14,1.0,2,18.4,Fair
R00928,Shanghai,Istanbul,High,47,4.9,91,5.1,Storm
R00929,Shanghai,Dar es Salaam,Moderate,30,2.7,15,9.1,Rain
R00930,Shanghai,Dar es Salaam,Moderate,30,2.5,20,10.3,Rain
R00931,Shanghai,Dar es Salaam,Low,17,1.2,5,18.0,Overcast
R00932,Shanghai,Dar es Salaam,Low,18,0.8,2,17.3,Fair
R00933,Shanghai,Dar es Salaam,Low,12,1.0,3,15.8,Fair
R00934,Shanghai,Dar es Salaam,Moderate,28,2.6,20,9.4,Rain
R00935,Shanghai,Dar es Salaam,Low,15,1.0,3,17.7,Overcast
R00936,Shanghai,Dar es Salaam,Moderate,28,2.6,15,9.7,Overcast
R00937,Hong Kong,Mumbai,High,37,4.9,70,4.6,Squall
R00938,Hong Kong,Mumbai,Low,11,1.1,2,15.5,Fair
R00939,Hong Kong,Mumbai,Low,10,0.7,3,16.5,Overcast
R00940,Hong Kong,Mumbai,Moderate,29,2.5,16,10.0,Rain
R00941,Hong Kong,Mumbai,High,44,4.2,48,5.1,Squall
R00942,Hong Kong,Mumbai,High,45,5.0,69,5.5,Storm
R00943,Hong Kong,Mumbai,High,37,4.1,77,5.8,Squall
R00944,Hong Kong,Mumbai,High,43,4.1,51,5.2,Squall
R00945,Hong Kong,Kochi,Low,12,1.1,3,17.7,Fair
R00946,Hong Kong,Kochi,Low,12,0.9,5,18.8,Overcast
R00947,Hong Kong,Kochi,Moderate,25,2.2,14,10.2,Overcast
R00948,Hong Kong,Kochi,Moderate,25,2.5,23,11.1,Rain
R00949,Hong Kong,Kochi,Low,12,0.9,3,14.8,Overcast
R00950,Hong Kong,Kochi,Moderate,27,2.6,19,9.4,Rain
R00951,Hong Kong,Kochi,High,48,3.9,80,4.0,Storm
R00952,Hong Kong,Kochi,Moderate,24,2.4,23,9.6,Rain
R00953,Hong Kong,Colombo,Moderate,27,2.1,25,10.5,Rain
R00954,Hong Kong,Colombo,High,43,4.9,80,3.5,Storm
R00955,Hong Kong,Colombo,Moderate,28,2.6,21,8.7,Rain
R00956,Hong Kong,Colombo,Low,16,1.0,4,15.4,Overcast
R00957,Hong Kong,Colombo,Moderate,29,2.0,14,10.0,Overcast
R00958,Hong Kong,Colombo,Low,14,1.0,5,17.9,Overcast
R00959,Hong Kong,Colombo,Moderate,24,2.4,23,8.7,Rain
R00960,Hong Kong,Colombo,Low,14,1.1,3,17.6,Overcast
R00961,Hong Kong,Rotterdam,Low,13,1.0,5,15.9,Overcast
R00962,Hong Kong,Rotterdam,Low,15,1.1,3,16.5,Fair
R00963,Hong Kong,Rotterdam,High,45,5.5,65,3.9,Storm
R00964,Hong Kong,Rotterdam,High,47,5.7,101,5.2,Storm
R00965,Hong Kong,Rotterdam,High,47,5.8,75,5.1,Storm
R00966,Hong Kong,Rotterdam,Moderate,30,2.3,28,10.0,Rain
R00967,Hong Kong,Rotterdam,Moderate,32,2.1,18,8.5,Rain
R00968,Hong Kong,Rotterdam,Low,17,1.0,4,16.7,Overcast
R00969,Hong Kong,Vancouver,High,48,4.9,63,3.7,Storm
R00970,Hong Kong,Vancouver,High,40,4.1,59,5.0,Squall
R00971,Hong Kong,Vancouver,Moderate,26,2.8,25,8.5,Rain
R00972,Hong Kong,Vancouver,High,40,5.6,67,4.5,Storm
R00973,Hong Kong,Vancouver,Moderate,25,2.5,16,9.2,Rain
R00974,Hong Kong,Vancouver,Low,17,0.8,5,16.7,Overcast
R00975,Hong Kong,Vancouver,High,46,5.2,84,5.0,Storm
R00976,Hong Kong,Vancouver,Moderate,29,2.1,27,9.4,Rain
R00977,Hong Kong,Cape Town,Low,15,1.2,4,16.4,Overcast
R00978,Hong Kong,Cape Town,High,49,5.5,91,3.7,Storm
R00979,Hong Kong,Cape Town,Low,11,0.9,2,17.5,Fair
R00980,Hong Kong,Cape Town,High,46,4.1,56,5.4,Storm
R00981,Hong Kong,Cape Town,High,39,4.3,86,3.6,Storm
R00982,Hong Kong,Cape Town,High,40,3.9,66,3.9,Storm
R00983,Hong Kong,Cape Town,Moderate,25,2.3,27,8.6,Rain
R00984,Hong Kong,Cape Town,High,45,4.4,61,4.1,Squall
R00985,Hong Kong,Piraeus,High,48,4.5,90,4.2,Storm
R00986,Hong Kong,Piraeus,Moderate,25,2.1,21,9.1,Rain
R00987,Hong Kong,Piraeus,High,48,5.1,60,5.3,Storm
R00988,Hong Kong,Piraeus,Moderate,26,2.3,26,8.8,Rain
R00989,Hong Kong,Piraeus,Low,13,0.8,4,16.6,Overcast
R00990,Hong Kong,Piraeus,High,44,4.5,57,5.7,Squall
R00991,Hong Kong,Piraeus,Moderate,25,1.9,17,10.9,Rain
R00992,Hong Kong,Piraeus,Moderate,29,2.3,24,9.2,Rain
R00993,Hong Kong,Istanbul,Moderate,30,2.7,17,10.3,Rain
R00994,Hong Kong,Istanbul,Moderate,27,2.4,21,8.5,Rain
R00995,Hong Kong,Istanbul,Moderate,25,2.1,19,9.3,Rain
R00996,Hong Kong,Istanbul,Moderate,27,2.7,19,9.8,Rain
R00997,Hong Kong,Istanbul,Moderate,30,2.6,15,9.0,Rain
R00998,Hong Kong,Istanbul,Moderate,28,2.7,20,9.0,Rain
R00999,Hong Kong,Istanbul,Moderate,30,2.1,22,9.3,Rain
R01000,Hong Kong,Istanbul,Low,13,0.9,3,16.9,Overcast
R01001,Hong Kong,Mombasa,Moderate,28,2.3,14,10.5,Overcast
R01002,Hong Kong,Mombasa,Moderate,24,2.4,13,9.8,Overcast
R01003,Hong Kong,Mombasa,Moderate,29,2.3,22,8.9,Rain
R01004,Hong Kong,Mombasa,Moderate,26,2.4,20,9.5,Rain
R01005,Hong Kong,Mombasa,Moderate,28,2.4,25,11.1,Rain
R01006,Hong Kong,Mombasa,High,45,4.0,85,3.8,Storm
R01007,Hong Kong,Mombasa,Low,15,0.8,4,18.4,Overcast
R01008,Hong Kong,Mombasa,Low,17,0.8,3,15.4,Fair
R01009,Hong Kong,Dar es Salaam,High,38,4.9,52,4.2,Squall
R01010,Hong Kong,Dar es Salaam,Low,15,1.1,3,17.9,Overcast
R01011,Hong Kong,Dar es Salaam,Low,14,0.9,4,16.6,Overcast
R01012,Hong Kong,Dar es Salaam,High,45,4.2,77,4.4,Storm
R01013,Hong Kong,Dar es Salaam,Moderate,29,2.1,17,9.8,Rain
R01014,Hong Kong,Dar es Salaam,High,37,4.5,45,4.3,Squall
R01015,Hong Kong,Dar es Salaam,Low,14,0.8,5,15.9,Overcast
R01016,Hong Kong,Dar es Salaam,High,44,4.0,74,4.5,Squall
R01017,Busan,Kochi,Moderate,28,2.5,13,10.4,Overcast
R01018,Busan,Kochi,High,39,4.2,58,4.5,Squall
R01019,Busan,Kochi,High,41,4.8,55,5.2,Squall
R01020,Busan,Kochi,Moderate,29,2.0,23,11.0,Rain
R01021,Busan,Kochi,Low,14,0.7,5,18.3,Overcast
R01022,Busan,Kochi,Low,17,0.8,3,17.8,Fair
R01023,Busan,Kochi,High,44,5.4,67,4.1,Storm
R01024,Busan,Kochi,Low,14,0.8,5,16.7,Overcast
R01025,Busan,Singapore,Low,18,0.7,3,14.8,Overcast
R01026,Busan,Singapore,High,46,4.3,88,4.9,Storm
R01027,Busan,Singapore,Moderate,29,2.5,23,10.3,Rain
R01028,Busan,Singapore,High,42,4.7,88,4.2,Squall
R01029,Busan,Singapore,Low,13,0.9,3,16.3,Fair
R01030,Busan,Singapore,Moderate,30,2.2,18,9.9,Rain
R01031,Busan,Singapore,High,45,4.3,61,5.8,Storm
R01032,Busan,Singapore,High,41,4.1,55,3.5,Storm
R01033,Busan,Dubai,Low,15,0.7,6,14.5,Overcast
R01034,Busan,Dubai,Low,13,1.0,4,16.9,Overcast
R01035,Busan,Dubai,High,50,5.5,86,4.3,Storm
R01036,Busan,Dubai,Moderate,28,2.3,18,10.7,Rain
R01037,Busan,Dubai,High,47,5.5,78,5.0,Storm
R01038,Busan,Dubai,Low,16,0.8,4,15.7,Overcast
R01039,Busan,Dubai,Low,17,1.1,3,15.0,Fair
R01040,Busan,Dubai,Low,14,1.2,5,17.9,Overcast
R01041,Busan,Sydney,Moderate,30,2.1,27,10.0,Rain
R01042,Busan,Sydney,Low,19,0.8,5,16.2,Overcast
R01043,Busan,Sydney,Moderate,27,2.3,19,9.9,Rain
R01044,Busan,Sydney,Low,16,1.0,5,15.7,Overcast
R01045,Busan,Sydney,Moderate,27,2.8,18,9.2,Rain
R01046,Busan,Sydney,Low,15,0.9,6,15.2,Overcast
R01047,Busan,Sydney,Low,16,1.2,4,14.3,Overcast
R01048,Busan,Sydney,High,47,4.4,66,5.3,Storm
R01049,Busan,Cape Town,Moderate,26,2.7,22,8.6,Rain
R01050,Busan,Cape Town,Low,11,1.2,2,17.3,Fair
R01051,Busan,Cape Town,Moderate,28,2.7,27,8.8,Rain
R01052,Busan,Cape Town,Low,16,1.2,4,18.2,Overcast
R01053,Busan,Cape Town,High,50,5.5,72,3.5,Storm
R01054,Busan,Cape Town,Moderate,28,2.4,14,10.9,Overcast
R01055,Busan,Cape Town,Low,15,1.2,5,15.5,Overcast
R01056,Busan,Cape Town,Moderate,27,2.0,16,9.0,Rain
R01057,Busan,Istanbul,Moderate,29,2.7,20,8.8,Rain
R01058,Busan,Istanbul,Low,12,0.7,2,17.1,Fair
R01059,Busan,Istanbul,Low,11,0.9,5,17.0,Overcast
R01060,Busan,Istanbul,High,51,5.5,70,3.8,Storm
R01061,Busan,Istanbul,Moderate,30,2.7,26,10.2,Rain
R01062,Busan,Istanbul,High,49,4.2,92,3.6,Storm
R01063,Busan,Istanbul,Low,17,1.2,4,14.2,Overcast
R01064,Busan,Istanbul,High,44,5.5,78,5.0,Storm
R01065,Tokyo,Chennai,High,39,4.8,62,5.3,Squall
R01066,Tokyo,Chennai,Low,13,0.9,3,15.5,Fair
R01067,Tokyo,Chennai,High,43,5.2,62,4.4,Storm
R01068,Tokyo,Chennai,Moderate,28,2.3,20,9.0,Rain
R01069,Tokyo,Chennai,Moderate,26,1.9,24,8.9,Rain
R01070,Tokyo,Chennai,Moderate,27,1.9,14,10.5,Overcast
R01071,Tokyo,Chennai,Low,17,1.1,5,14.9,Overcast
R01072,Tokyo,Chennai,Moderate,27,2.6,21,9.0,Rain
R01073,Tokyo,Hamburg,Moderate,29,2.7,27,9.4,Rain
R01074,Tokyo,Hamburg,Low,14,1.0,4,14.9,Overcast
R01075,Tokyo,Hamburg,Moderate,28,2.8,19,9.7,Rain
R01076,Tokyo,Hamburg,Low,18,0.8,3,16.7,Fair
R01077,Tokyo,Hamburg,Low,18,1.1,5,15.7,Overcast
R01078,Tokyo,Hamburg,Low,12,1.2,3,16.4,Overcast
R01079,Tokyo,Hamburg,Low,18,1.2,4,16.7,Overcast
R01080,Tokyo,Hamburg,Low,13,1.3,3,16.8,Overcast
R01081,Tokyo,London,Moderate,28,2.2,15,10.3,Rain
R01082,Tokyo,London,High,45,4.8,73,5.2,Storm
R01083,Tokyo,London,Moderate,25,2.2,14,9.6,Overcast
R01084,Tokyo,London,Low,15,0.9,5,18.4,Overcast
R01085,Tokyo,London,Moderate,27,2.1,24,9.8,Rain
R01086,Tokyo,London,Moderate,25,2.5,17,9.6,Rain
R01087,Tokyo,London,Low,17,0.7,3,15.1,Fair
R01088,Tokyo,London,Low,12,0.7,2,15.1,Fair
R01089,Tokyo,Vancouver,Low,12,1.2,2,15.6,Fair
R01090,Tokyo,Vancouver,Low,11,0.8,2,15.9,Fair
R01091,Tokyo,Vancouver,Low,15,1.2,4,15.8,Overcast
R01092,Tokyo,Vancouver,High,45,5.0,89,5.1,Squall
R01093,Tokyo,Vancouver,Moderate,27,2.3,24,9.8,Rain
R01094,Tokyo,Vancouver,Low,13,0.7,3,18.1,Overcast
R01095,Tokyo,Vancouver,Low,12,0.8,5,18.0,Overcast
R01096,Tokyo,Vancouver,Low,13,1.1,5,15.4,Overcast
R01097,Tokyo,Shanghai,Low,11,0.7,2,16.1,Fair
R01098,Tokyo,Shanghai,High,47,4.7,55,5.7,Storm
R01099,Tokyo,Shanghai,Low,11,0.6,2,15.4,Fair
R01100,Tokyo,Shanghai,Low,15,0.8,4,14.8,Overcast
R01101,Tokyo,Shanghai,Moderate,28,2.7,21,9.3,Rain
R01102,Tokyo,Shanghai,High,38,5.3,67,4.8,Storm
R01103,Tokyo,Shanghai,Low,12,1.2,3,16.7,Overcast
R01104,Tokyo,Shanghai,Moderate,29,2.3,21,8.7,Rain
R01105,Tokyo,Busan,Moderate,28,2.6,17,10.2,Rain
R01106,Tokyo,Busan,High,49,4.0,66,4.2,Storm
R01107,Tokyo,Busan,Low,12,1.0,3,17.9,Fair
R01108,Tokyo,Busan,High,48,4.2,56,5.3,Storm
R01109,Tokyo,Busan,Low,18,0.9,4,15.5,Overcast
R01110,Tokyo,Busan,Low,13,1.1,5,17.2,Overcast
R01111,Tokyo,Busan,High,42,4.0,90,4.3,Squall
R01112,Tokyo,Busan,Moderate,30,2.7,25,9.0,Rain
R01113,Tokyo,Cape Town,High,49,4.5,64,5.5,Storm
R01114,Tokyo,Cape Town,Moderate,31,2.3,23,9.0,Rain
R01115,Tokyo,Cape Town,Low,17,1.1,3,17.1,Fair
R01116,Tokyo,Cape Town,High,46,4.4,70,4.8,Storm
R01117,Tokyo,Cape Town,Low,15,0.8,3,14.9,Fair
R01118,Tokyo,Cape Town,High,45,4.1,88,3.7,Storm
R01119,Tokyo,Cape Town,High,48,4.7,73,5.1,Storm
R01120,Tokyo,Cape Town,High,44,4.3,78,4.4,Squall
R01121,Tokyo,Buenos Aires,Low,11,1.1,4,18.5,Overcast
R01122,Tokyo,Buenos Aires,Moderate,29,2.5,26,11.2,Rain
R01123,Tokyo,Buenos Aires,Moderate,29,2.1,19,9.3,Rain
R01124,Tokyo,Buenos Aires,Low,12,1.1,3,15.4,Fair
R01125,Tokyo,Buenos Aires,Low,11,0.7,5,18.3,Overcast
R01126,Tokyo,Buenos Aires,Moderate,28,2.6,18,10.6,Rain
R01127,Tokyo,Buenos Aires,Moderate,28,1.9,20,9.4,Rain
R01128,Tokyo,Buenos Aires,High,44,4.6,76,3.8,Storm
R01129,Tokyo,Piraeus,High,42,4.3,61,5.9,Squall
R01130,Tokyo,Piraeus,Moderate,26,2.7,25,8.7,Rain
R01131,Tokyo,Piraeus,Low,11,1.0,3,16.0,Overcast
R01132,Tokyo,Piraeus,Moderate,30,2.7,19,9.2,Rain
R01133,Tokyo,Piraeus,Low,13,1.1,6,18.1,Overcast
R01134,Tokyo,Piraeus,High,51,5.5,64,4.1,Storm
R01135,Tokyo,Piraeus,Low,12,0.8,4,16.4,Overcast
R01136,Tokyo,Piraeus,High,45,4.9,92,4.7,Storm
R01137,Tokyo,Mombasa,Low,15,0.6,4,17.9,Overcast
R01138,Tokyo,Mombasa,Low,15,0.9,5,18.2,Overcast
R01139,Tokyo,Mombasa,Low,12,0.8,2,16.8,Fair
R01140,Tokyo,Mombasa,Low,15,0.6,2,18.4,Fair
R01141,Tokyo,Mombasa,Moderate,27,2.1,14,10.0,Overcast
R01142,Tokyo,Mombasa,High,42,4.4,51,4.2,Squall
R01143,Tokyo,Mombasa,Moderate,26,2.6,19,11.1,Rain
R01144,Tokyo,Mombasa,Low,15,0.8,4,16.1,Overcast
R01145,Sydney,Dubai,Moderate,26,2.1,25,9.1,Rain
R01146,Sydney,Dubai,Low,16,0.7,3,17.2,Overcast
R01147,Sydney,Dubai,Moderate,28,2.6,18,9.4,Rain
R01148,Sydney,Dubai,Low,14,0.8,4,15.6,Overcast
R01149,Sydney,Dubai,Low,17,0.8,6,14.7,Overcast
R01150,Sydney,Dubai,Low,17,1.2,6,18.3,Overcast
R01151,Sydney,Dubai,Low,17,0.7,4,15.7,Overcast
R01152,Sydney,Dubai,High,50,3.9,79,5.5,Storm
R01153,Sydney,Hamburg,High,52,5.3,91,5.4,Storm
R01154,Sydney,Hamburg,Low,15,1.1,6,15.3,Overcast
R01155,Sydney,Hamburg,Moderate,28,2.1,29,8.7,Rain
R01156,Sydney,Hamburg,High,52,5.0,96,4.4,Storm
R01157,Sydney,Hamburg,Low,18,0.8,5,16.9,Overcast
R01158,Sydney,Hamburg,Low,13,1.1,3,16.0,Overcast
R01159,Sydney,Hamburg,Moderate,30,2.4,22,8.7,Rain
R01160,Sydney,Hamburg,Moderate,27,2.4,28,8.1,Rain
R01161,Sydney,London,Low,14,1.2,4,14.2,Overcast
R01162,Sydney,London,Moderate,26,2.2,24,8.2,Rain
R01163,Sydney,London,High,44,4.5,88,3.5,Storm
R01164,Sydney,London,Low,18,0.9,5,15.7,Overcast
R01165,Sydney,London,Low,18,1.0,6,14.4,Overcast
R01166,Sydney,London,Moderate,29,2.2,18,9.2,Rain
R01167,Sydney,London,High,49,5.6,88,5.1,Storm
R01168,Sydney,London,Moderate,29,2.4,25,9.7,Rain
R01169,Sydney,Vancouver,Moderate,28,2.4,26,9.6,Rain
R01170,Sydney,Vancouver,Low,12,0.7,5,16.8,Overcast
R01171,Sydney,Vancouver,Low,18,0.9,3,17.7,Overcast
R01172,Sydney,Vancouver,High,49,5.3,54,4.9,Storm
R01173,Sydney,Vancouver,Low,13,0.9,5,15.3,Overcast
R01174,Sydney,Vancouver,Low,11,0.8,2,15.5,Fair
R01175,Sydney,Vancouver,Moderate,30,2.5,26,9.3,Rain
R01176,Sydney,Vancouver,Moderate,29,2.4,21,10.4,Rain
R01177,Melbourne,Chennai,Low,12,1.2,5,17.5,Overcast
R01178,Melbourne,Chennai,High,39,5.2,87,4.7,Storm
R01179,Melbourne,Chennai,High,39,5.0,78,3.9,Storm
R01180,Melbourne,Chennai,Moderate,30,2.4,21,9.1,Rain
R01181,Melbourne,Chennai,High,44,5.4,75,5.9,Storm
R01182,Melbourne,Chennai,High,41,4.5,60,5.4,Squall
R01183,Melbourne,Chennai,High,44,5.3,75,5.4,Storm
R01184,Melbourne,Chennai,Moderate,25,2.0,17,11.0,Rain
R01185,Melbourne,Kochi,High,46,4.9,54,4.6,Storm
R01186,Melbourne,Kochi,High,43,5.4,78,5.1,Storm
R01187,Melbourne,Kochi,High,49,4.6,85,5.7,Storm
R01188,Melbourne,Kochi,Moderate,28,2.6,21,8.7,Rain
R01189,Melbourne,Kochi,High,44,3.9,67,4.7,Squall
R01190,Melbourne,Kochi,Moderate,25,2.1,15,9.7,Rain
R01191,Melbourne,Kochi,Moderate,26,2.4,21,9.1,Rain
R01192,Melbourne,Kochi,High,48,4.5,80,3.6,Storm
R01193,Melbourne,Colombo,Low,15,0.8,5,15.6,Overcast
R01194,Melbourne,Colombo,Low,12,0.9,3,16.9,Fair
R01195,Melbourne,Colombo,Low,11,1.1,3,15.1,Fair
R01196,Melbourne,Colombo,High,43,4.1,91,4.5,Squall
R01197,Melbourne,Colombo,Low,13,1.0,5,16.5,Overcast
R01198,Melbourne,Colombo,Low,13,0.6,4,16.3,Overcast
R01199,Melbourne,Colombo,High,47,4.8,69,3.7,Storm
R01200,Melbourne,Colombo,Low,11,0.8,2,16.0,Fair
R01201,Melbourne,Singapore,Low,17,1.0,4,16.7,Overcast
R01202,Melbourne,Singapore,High,44,3.9,63,4.1,Squall
R01203,Melbourne,Singapore,Low,11,0.6,3,17.0,Overcast
R01204,Melbourne,Singapore,Moderate,29,2.4,23,9.9,Rain
R01205,Melbourne,Singapore,High,46,4.4,52,4.8,Storm
R01206,Melbourne,Singapore,Low,14,1.1,3,15.0,Overcast
R01207,Melbourne,Singapore,High,47,4.9,86,4.2,Storm
R01208,Melbourne,Singapore,Low,13,1.1,2,18.7,Fair
R01209,Melbourne,Dubai,Moderate,26,2.0,16,10.6,Rain
R01210,Melbourne,Dubai,Low,13,1.0,2,17.9,Fair
R01211,Melbourne,Dubai,Low,14,0.7,2,15.5,Fair
R01212,Melbourne,Dubai,Low,16,0.9,3,18.6,Overcast
R01213,Melbourne,Dubai,High,40,4.9,63,5.6,Squall
R01214,Melbourne,Dubai,Moderate,28,2.4,14,10.8,Overcast
R01215,Melbourne,Dubai,High,39,4.2,68,5.1,Squall
R01216,Melbourne,Dubai,Low,11,0.8,4,16.1,Overcast
R01217,Melbourne,Jebel Ali,High,41,4.3,98,4.3,Squall
R01218,Melbourne,Jebel Ali,High,52,4.9,90,3.7,Storm
R01219,Melbourne,Jebel Ali,Low,13,0.9,4,16.9,Overcast
R01220,Melbourne,Jebel Ali,Moderate,26,2.1,17,8.7,Rain
R01221,Melbourne,Jebel Ali,Low,13,1.0,5,16.7,Overcast
R01222,Melbourne,Jebel Ali,Low,17,0.8,3,14.6,Fair
R01223,Melbourne,Jebel Ali,Moderate,27,2.1,20,9.5,Rain
R01224,Melbourne,Jebel Ali,Low,14,1.2,6,17.1,Overcast
R01225,Melbourne,New York,Low,13,0.8,3,15.0,Fair
R01226,Melbourne,New York,High,49,4.7,77,5.3,Storm
R01227,Melbourne,New York,Moderate,26,2.2,25,9.6,Rain
R01228,Melbourne,New York,Low,12,1.0,5,17.7,Overcast
R01229,Melbourne,New York,Low,15,1.0,3,14.6,Fair
R01230,Melbourne,New York,High,40,4.7,82,5.6,Squall
R01231,Melbourne,New York,Moderate,26,2.5,20,10.5,Rain
R01232,Melbourne,New York,Moderate,26,2.6,25,8.8,Rain
R01233,Melbourne,Hong Kong,High,45,4.2,90,4.2,Storm
R01234,Melbourne,Hong Kong,Moderate,30,2.0,23,9.5,Rain
R01235,Melbourne,Hong Kong,Low,18,1.1,5,15.7,Overcast
R01236,Melbourne,Hong Kong,High,45,5.0,82,4.8,Storm
R01237,Melbourne,Hong Kong,Moderate,28,2.2,15,8.7,Rain
R01238,Melbourne,Hong Kong,Low,19,0.9,5,14.6,Overcast
R01239,Melbourne,Hong Kong,High,43,5.5,72,5.2,Storm
R01240,Melbourne,Hong Kong,Moderate,29,2.1,28,9.1,Rain
R01241,Melbourne,Sydney,Moderate,24,2.3,21,9.3,Rain
R01242,Melbourne,Sydney,Moderate,29,2.7,14,9.3,Overcast
R01243,Melbourne,Sydney,Low,12,1.2,5,17.9,Overcast
R01244,Melbourne,Sydney,Moderate,27,2.2,16,9.6,Rain
R01245,Melbourne,Sydney,Low,15,1.1,3,15.7,Fair
R01246,Melbourne,Sydney,High,43,3.9,72,4.9,Squall
R01247,Melbourne,Sydney,Moderate,28,2.4,20,8.6,Rain
R01248,Melbourne,Sydney,Low,13,1.1,3,16.6,Fair
R01249,Melbourne,Cape Town,High,40,4.9,55,4.5,Squall
R01250,Melbourne,Cape Town,High,48,5.1,78,5.8,Storm
R01251,Melbourne,Cape Town,Moderate,30,2.0,20,8.9,Rain
R01252,Melbourne,Cape Town,High,47,5.1,63,4.7,Storm
R01253,Melbourne,Cape Town,Low,16,0.8,5,16.6,Overcast
R01254,Melbourne,Cape Town,Low,11,0.8,2,15.8,Fair
R01255,Melbourne,Cape Town,High,45,5.4,89,5.4,Storm
R01256,Melbourne,Cape Town,Low,12,0.7,4,18.4,Overcast
R01257,Melbourne,Auckland,Moderate,24,2.0,20,10.1,Rain
R01258,Melbourne,Auckland,High,39,4.1,85,4.9,Squall
R01259,Melbourne,Auckland,Low,16,0.8,5,14.7,Overcast
R01260,Melbourne,Auckland,Low,13,0.7,5,18.3,Overcast
R01261,Melbourne,Auckland,Low,12,1.1,2,17.5,Fair
R01262,Melbourne,Auckland,High,44,4.5,65,3.9,Storm
R01263,Melbourne,Auckland,Low,14,0.9,5,18.1,Overcast
R01264,Melbourne,Auckland,Moderate,27,2.5,23,9.7,Rain
R01265,Durban,Kochi,Moderate,24,2.1,19,10.7,Rain
R01266,Durban,Kochi,Moderate,24,2.2,17,9.1,Rain
R01267,Durban,Kochi,Moderate,28,2.4,19,11.4,Rain
R01268,Durban,Kochi,High,38,4.0,50,5.7,Squall
R01269,Durban,Kochi,High,40,4.7,66,5.8,Squall
R01270,Durban,Kochi,High,42,3.8,61,4.6,Squall
R01271,Durban,Kochi,High,37,4.5,87,4.3,Squall
R01272,Durban,Kochi,Moderate,25,2.0,17,9.6,Rain
R01273,Durban,Singapore,High,42,4.8,61,5.6,Squall
R01274,Durban,Singapore,Moderate,28,2.5,16,9.6,Rain
R01275,Durban,Singapore,High,47,4.0,83,4.8,Storm
R01276,Durban,Singapore,High,47,4.2,70,4.0,Storm
R01277,Durban,Singapore,Moderate,27,2.4,19,8.9,Rain
R01278,Durban,Singapore,Moderate,24,2.4,22,9.0,Rain
R01279,Durban,Singapore,High,38,5.1,69,6.3,Storm
R01280,Durban,Singapore,Low,13,0.7,2,15.6,Fair
R01281,Durban,Dubai,Low,16,1.0,4,15.9,Overcast
R01282,Durban,Dubai,Moderate,26,2.6,14,10.7,Overcast
R01283,Durban,Dubai,Low,14,0.6,4,17.9,Overcast
R01284,Durban,Dubai,High,49,4.1,90,4.3,Storm
R01285,Durban,Dubai,Low,12,0.7,3,16.9,Fair
R01286,Durban,Dubai,Moderate,24,2.6,18,10.7,Rain
R01287,Durban,Dubai,Moderate,27,2.0,23,10.5,Rain
R01288,Durban,Dubai,Low,17,0.7,5,15.0,Overcast
R01289,Durban,New York,Low,17,1.0,3,17.1,Overcast
R01290,Durban,New York,High,46,5.5,72,3.5,Storm
R01291,Durban,New York,Low,12,1.0,4,16.9,Overcast
R01292,Durban,New York,High,49,4.4,79,3.5,Storm
R01293,Durban,New York,Moderate,26,2.6,16,9.3,Rain
R01294,Durban,New York,Moderate,29,2.3,22,9.4,Rain
R01295,Durban,New York,Moderate,27,2.8,20,8.7,Rain
R01296,Durban,New York,Low,18,1.0,6,17.3,Overcast
R01297,Durban,Shanghai,Moderate,25,2.4,20,10.2,Rain
R01298,Durban,Shanghai,High,50,5.5,83,5.1,Storm
R01299,Durban,Shanghai,Moderate,28,2.7,16,9.3,Rain
R01300,Durban,Shanghai,High,51,4.5,90,4.7,Storm
R01301,Durban,Shanghai,Moderate,31,2.6,17,9.2,Rain
R01302,Durban,Shanghai,Moderate,31,2.3,28,10.4,Rain
R01303,Durban,Shanghai,Moderate,31,2.4,25,9.1,Rain
R01304,Durban,Shanghai,High,45,4.8,67,4.5,Squall
R01305,Durban,Busan,Moderate,28,2.5,19,9.0,Rain
R01306,Durban,Busan,High,44,4.8,93,3.8,Storm
R01307,Durban,Busan,Low,17,1.3,3,17.5,Fair
R01308,Durban,Busan,Moderate,29,2.4,24,9.9,Rain
R01309,Durban,Busan,Low,14,1.0,4,15.1,Overcast
R01310,Durban,Busan,Moderate,27,2.7,23,10.1,Rain
R01311,Durban,Busan,Moderate,30,2.2,24,8.6,Rain
R01312,Durban,Busan,High,52,5.7,84,3.8,Storm
R01313,Durban,Santos,Low,11,0.8,3,17.2,Overcast
R01314,Durban,Santos,Moderate,28,2.3,26,9.4,Rain
R01315,Durban,Santos,Low,15,1.1,5,15.6,Overcast
R01316,Durban,Santos,Low,16,1.1,3,18.5,Fair
R01317,Durban,Santos,Low,13,0.8,3,15.7,Fair
R01318,Durban,Santos,Moderate,28,2.6,25,9.2,Rain
R01319,Durban,Santos,Low,11,1.2,5,17.3,Overcast
R01320,Durban,Santos,High,49,4.3,79,4.6,Storm
R01321,Durban,Mombasa,High,46,4.6,62,5.4,Storm
R01322,Durban,Mombasa,Low,15,1.0,3,16.7,Fair
R01323,Durban,Mombasa,Low,10,1.1,2,17.0,Fair
R01324,Durban,Mombasa,High,39,4.1,62,4.9,Squall
R01325,Durban,Mombasa,Low,16,1.0,4,15.1,Overcast
R01326,Durban,Mombasa,Moderate,24,2.4,24,10.4,Rain
R01327,Durban,Mombasa,High,39,5.1,74,4.4,Storm
R01328,Durban,Mombasa,Low,11,0.7,3,18.5,Fair
R01329,Durban,Dar es Salaam,Moderate,26,2.6,26,11.0,Rain
R01330,Durban,Dar es Salaam,Low,11,1.0,4,14.8,Overcast
R01331,Durban,Dar es Salaam,Moderate,29,2.5,15,9.3,Overcast
R01332,Durban,Dar es Salaam,High,44,4.5,83,3.5,Storm
R01333,Durban,Dar es Salaam,High,46,4.6,58,4.0,Storm
R01334,Durban,Dar es Salaam,Low,13,0.9,3,18.0,Overcast
R01335,Durban,Dar es Salaam,Low,17,0.7,5,15.9,Overcast
R01336,Durban,Dar es Salaam,High,46,5.4,93,4.7,Storm
R01337,Durban,Felixstowe,High,40,4.6,81,4.4,Squall
R01338,Durban,Felixstowe,Low,13,1.2,2,16.8,Fair
R01339,Durban,Felixstowe,Moderate,29,2.6,14,9.8,Overcast
R01340,Durban,Felixstowe,High,45,4.9,80,5.7,Storm
R01341,Durban,Felixstowe,Low,12,0.9,3,14.9,Overcast
R01342,Durban,Felixstowe,Moderate,24,2.7,21,9.9,Rain
R01343,Durban,Felixstowe,Moderate,29,2.0,20,8.7,Rain
R01344,Durban,Felixstowe,Low,13,1.1,2,16.8,Fair
R01345,Cape Town,Los Angeles,High,50,5.4,61,3.9,Storm
R01346,Cape Town,Los Angeles,High,42,4.9,95,5.2,Squall
R01347,Cape Town,Los Angeles,Low,18,1.2,5,18.2,Overcast
R01348,Cape Town,Los Angeles,High,49,5.1,52,3.8,Storm
R01349,Cape Town,Los Angeles,Moderate,26,2.6,20,10.2,Rain
R01350,Cape Town,Los Angeles,Low,12,0.7,4,16.5,Overcast
R01351,Cape Town,Los Angeles,Moderate,26,2.7,14,9.9,Overcast
R01352,Cape Town,Los Angeles,Low,17,0.9,3,17.8,Fair
R01353,Cape Town,Vancouver,Low,17,0.8,3,16.6,Fair
R01354,Cape Town,Vancouver,Moderate,31,2.5,25,8.4,Rain
R01355,Cape Town,Vancouver,Moderate,27,2.4,29,8.6,Rain
R01356,Cape Town,Vancouver,Moderate,30,2.2,27,8.0,Rain
R01357,Cape Town,Vancouver,Low,15,1.2,3,14.6,Fair
R01358,Cape Town,Vancouver,Low,14,0.8,3,17.4,Fair
R01359,Cape Town,Vancouver,Low,13,1.2,4,14.3,Overcast
R01360,Cape Town,Vancouver,Low,18,1.0,5,16.8,Overcast
R01361,Cape Town,Shanghai,Moderate,24,2.4,17,11.1,Rain
R01362,Cape Town,Shanghai,Moderate,28,2.6,23,8.7,Rain
R01363,Cape Town,Shanghai,Moderate,29,2.3,17,9.1,Rain
R01364,Cape Town,Shanghai,Moderate,28,2.4,20,9.3,Rain
R01365,Cape Town,Shanghai,Low,13,0.8,5,15.9,Overcast
R01366,Cape Town,Shanghai,Low,11,1.1,4,14.8,Overcast
R01367,Cape Town,Shanghai,Moderate,25,2.1,21,10.4,Rain
R01368,Cape Town,Shanghai,Moderate,25,2.2,22,9.6,Rain
R01369,Cape Town,Hong Kong,Moderate,28,2.3,26,10.4,Rain
R01370,Cape Town,Hong Kong,Low,14,0.9,4,18.0,Overcast
R01371,Cape Town,Hong Kong,High,50,5.5,83,4.4,Storm
R01372,Cape Town,Hong Kong,Low,15,1.2,3,17.9,Fair
R01373,Cape Town,Hong Kong,High,43,4.4,58,3.5,Storm
R01374,Cape Town,Hong Kong,Moderate,29,2.0,24,8.6,Rain
R01375,Cape Town,Hong Kong,High,52,4.4,65,3.6,Storm
R01376,Cape Town,Hong Kong,Low,17,1.2,4,17.5,Overcast
R01377,Cape Town,Tokyo,High,39,5.3,66,4.5,Storm
R01378,Cape Town,Tokyo,Moderate,29,2.2,13,9.2,Overcast
R01379,Cape Town,Tokyo,Moderate,24,2.4,24,9.7,Rain
R01380,Cape Town,Tokyo,Low,15,1.1,3,18.3,Overcast
R01381,Cape Town,Tokyo,High,45,4.9,65,5.1,Storm
R01382,Cape Town,Tokyo,High,47,4.2,70,6.1,Storm
R01383,Cape Town,Tokyo,High,41,4.0,77,5.2,Squall
R01384,Cape Town,Tokyo,High,48,5.1,70,4.5,Storm
R01385,Cape Town,Sydney,High,44,4.0,80,4.9,Squall
R01386,Cape Town,Sydney,Moderate,26,2.8,19,10.3,Rain
R01387,Cape Town,Sydney,Low,14,0.8,3,15.4,Overcast
R01388,Cape Town,Sydney,Moderate,29,2.7,17,10.4,Rain
R01389,Cape Town,Sydney,Low,16,1.3,2,15.6,Fair
R01390,Cape Town,Sydney,Moderate,26,2.0,22,8.7,Rain
R01391,Cape Town,Sydney,Low,12,1.1,4,16.6,Overcast
R01392,Cape Town,Sydney,Low,18,1.1,4,15.8,Overcast
R01393,Cape Town,Durban,Moderate,28,2.3,22,10.8,Rain
R01394,Cape Town,Durban,High,42,5.4,72,5.0,Storm
R01395,Cape Town,Durban,Low,16,1.1,3,17.2,Fair
R01396,Cape Town,Durban,Low,14,1.0,5,17.4,Overcast
R01397,Cape Town,Durban,Moderate,25,2.2,16,8.6,Rain
R01398,Cape Town,Durban,High,44,3.9,60,4.2,Squall
R01399,Cape Town,Durban,Low,15,1.2,3,15.3,Overcast
R01400,Cape Town,Durban,High,40,4.6,83,4.6,Squall
R01401,Cape Town,Valencia,High,46,5.3,96,3.3,Storm
R01402,Cape Town,Valencia,Moderate,30,2.4,21,10.1,Rain
R01403,Cape Town,Valencia,Low,17,1.0,4,15.6,Overcast
R01404,Cape Town,Valencia,Low,15,1.2,5,14.5,Overcast
R01405,Cape Town,Valencia,Moderate,29,2.3,23,9.3,Rain
R01406,Cape Town,Valencia,Low,12,1.3,3,16.6,Fair
R01407,Cape Town,Valencia,Low,17,0.8,6,16.9,Overcast
R01408,Cape Town,Valencia,High,42,5.3,63,5.1,Storm
R01409,Cape Town,Piraeus,Low,17,1.3,4,15.4,Overcast
R01410,Cape Town,Piraeus,Low,15,1.0,3,14.8,Overcast
R01411,Cape Town,Piraeus,Moderate,30,2.2,26,10.6,Rain
R01412,Cape Town,Piraeus,High,43,4.9,68,4.4,Squall
R01413,Cape Town,Piraeus,Moderate,30,2.2,18,8.5,Rain
R01414,Cape Town,Piraeus,High,40,4.8,81,4.0,Squall
R01415,Cape Town,Piraeus,Low,12,0.8,5,14.9,Overcast
R01416,Cape Town,Piraeus,Moderate,30,2.6,15,9.7,Overcast
R01417,Santos,Singapore,Low,14,1.1,2,16.3,Fair
R01418,Santos,Singapore,Moderate,26,1.9,23,10.2,Rain
R01419,Santos,Singapore,Moderate,30,2.2,19,10.9,Rain
R01420,Santos,Singapore,Moderate,26,2.5,19,10.9,Rain
R01421,Santos,Singapore,Low,12,0.8,3,16.1,Overcast
R01422,Santos,Singapore,High,43,5.2,58,5.8,Storm
R01423,Santos,Singapore,High,47,4.0,68,4.2,Storm
R01424,Santos,Singapore,Low,16,1.1,5,16.9,Overcast
R01425,Santos,Rotterdam,High,46,5.3,83,3.6,Storm
R01426,Santos,Rotterdam,Low,15,0.8,3,17.7,Fair
R01427,Santos,Rotterdam,Moderate,26,1.9,26,8.7,Rain
R01428,Santos,Rotterdam,High,46,4.6,80,5.9,Storm
R01429,Santos,Rotterdam,Moderate,25,2.7,22,8.7,Rain
R01430,Santos,Rotterdam,Low,11,0.8,4,15.3,Overcast
R01431,Santos,Rotterdam,Moderate,29,2.4,25,10.7,Rain
R01432,Santos,Rotterdam,Low,14,1.0,3,16.4,Overcast
R01433,Santos,New York,High,39,4.3,52,4.9,Squall
R01434,Santos,New York,High,45,4.3,76,4.0,Storm
R01435,Santos,New York,Moderate,25,2.0,15,9.6,Rain
R01436,Santos,New York,Moderate,25,2.0,22,9.2,Rain
R01437,Santos,New York,High,42,5.1,71,3.6,Storm
R01438,Santos,New York,Moderate,30,2.7,25,10.0,Rain
R01439,Santos,New York,Low,14,1.0,5,16.2,Overcast
R01440,Santos,New York,Moderate,25,2.3,16,8.7,Rain
R01441,Santos,Vancouver,High,44,4.7,68,4.9,Squall
R01442,Santos,Vancouver,Moderate,28,2.2,23,9.3,Rain
R01443,Santos,Vancouver,Low,11,0.7,5,15.0,Overcast
R01444,Santos,Vancouver,Moderate,24,2.4,19,10.6,Rain
R01445,Santos,Vancouver,Low,16,0.9,3,17.7,Overcast
R01446,Santos,Vancouver,Moderate,27,1.9,15,8.8,Rain
R01447,Santos,Vancouver,Moderate,29,2.0,15,10.5,Overcast
R01448,Santos,Vancouver,Low,13,0.8,5,18.3,Overcast
R01449,Santos,Tokyo,High,38,5.3,69,5.7,Storm
R01450,Santos,Tokyo,Moderate,26,2.5,16,11.1,Rain
R01451,Santos,Tokyo,Moderate,28,1.9,22,10.0,Rain
R01452,Santos,Tokyo,Low,16,1.2,5,16.4,Overcast
R01453,Santos,Tokyo,High,42,5.1,60,6.1,Storm
R01454,Santos,Tokyo,Moderate,26,2.6,25,9.4,Rain
R01455,Santos,Tokyo,High,43,4.1,78,3.8,Storm
R01456,Santos,Tokyo,Low,13,1.2,4,17.1,Overcast
R01457,Santos,Sydney,Low,13,1.0,5,14.0,Overcast
R01458,Santos,Sydney,High,46,4.5,73,3.6,Storm
R01459,Santos,Sydney,Moderate,31,2.6,17,9.2,Rain
R01460,Santos,Sydney,High,52,4.5,84,3.8,Storm
R01461,Santos,Sydney,Low,13,0.9,6,16.5,Overcast
R01462,Santos,Sydney,High,42,4.3,83,3.7,Storm
R01463,Santos,Sydney,Moderate,26,2.4,19,8.9,Rain
R01464,Santos,Sydney,High,43,4.6,86,3.8,Storm
R01465,Santos,Melbourne,High,46,4.4,81,5.6,Storm
R01466,Santos,Melbourne,Low,17,0.8,2,17.6,Fair
R01467,Santos,Melbourne,High,47,4.5,79,5.4,Storm
R01468,Santos,Melbourne,Low,14,0.7,4,18.4,Overcast
R01469,Santos,Melbourne,Low,16,1.1,2,17.3,Fair
R01470,Santos,Melbourne,Low,14,0.8,3,15.3,Overcast
R01471,Santos,Melbourne,Moderate,26,2.2,22,10.2,Rain
R01472,Santos,Melbourne,Moderate,27,2.0,22,9.1,Rain
R01473,Santos,Durban,Low,15,1.3,5,14.3,Overcast
R01474,Santos,Durban,Moderate,27,2.3,23,8.8,Rain
R01475,Santos,Durban,Low,11,1.1,2,15.0,Fair
R01476,Santos,Durban,Low,15,1.3,2,18.1,Fair
R01477,Santos,Durban,Moderate,29,2.5,17,10.5,Rain
R01478,Santos,Durban,Low,13,0.8,4,14.7,Overcast
R01479,Santos,Durban,Low,16,1.0,5,14.7,Overcast
R01480,Santos,Durban,Moderate,25,2.3,19,8.4,Rain
R01481,Santos,Piraeus,High,42,4.1,82,4.6,Squall
R01482,Santos,Piraeus,Low,12,0.8,2,15.3,Fair
R01483,Santos,Piraeus,Moderate,27,2.6,21,9.9,Rain
R01484,Santos,Piraeus,High,39,5.1,87,5.3,Storm
R01485,Santos,Piraeus,Low,11,1.0,3,16.0,Overcast
R01486,Santos,Piraeus,Moderate,27,2.0,18,10.7,Rain
R01487,Santos,Piraeus,Low,16,1.0,4,14.7,Overcast
R01488,Santos,Piraeus,Moderate,28,2.3,25,9.1,Rain
R01489,Santos,Istanbul,Moderate,28,2.7,21,9.9,Rain
R01490,Santos,Istanbul,Moderate,30,2.3,24,9.0,Rain
R01491,Santos,Istanbul,Low,16,1.0,6,17.8,Overcast
R01492,Santos,Istanbul,High,47,5.3,96,3.2,Storm
R01493,Santos,Istanbul,Moderate,31,2.4,21,10.2,Rain
R01494,Santos,Istanbul,Low,13,0.8,5,13.9,Overcast
R01495,Santos,Istanbul,Low,18,1.0,3,17.8,Fair
R01496,Santos,Istanbul,Low,14,1.3,3,16.4,Fair
R01497,Santos,Dar es Salaam,Moderate,28,2.2,14,11.0,Overcast
R01498,Santos,Dar es Salaam,Moderate,26,2.6,13,9.4,Overcast
R01499,Santos,Dar es Salaam,High,45,3.9,79,3.9,Storm
R01500,Santos,Dar es Salaam,Low,14,0.7,4,17.1,Overcast
R01501,Santos,Dar es Salaam,Low,11,1.0,4,17.0,Overcast
R01502,Santos,Dar es Salaam,Moderate,30,2.7,23,9.9,Rain
R01503,Santos,Dar es Salaam,High,44,4.5,92,4.8,Squall
R01504,Santos,Dar es Salaam,High,47,4.1,76,5.2,Storm
R01505,Santos,Auckland,Moderate,29,2.2,27,9.4,Rain
R01506,Santos,Auckland,High,44,4.4,56,5.5,Squall
R01507,Santos,Auckland,Low,16,1.2,2,14.7,Fair
R01508,Santos,Auckland,Low,14,0.8,3,15.8,Fair
R01509,Santos,Auckland,High,49,4.2,84,4.0,Storm
R01510,Santos,Auckland,Low,13,0.6,2,16.2,Fair
R01511,Santos,Auckland,Low,15,1.0,2,15.6,Fair
R01512,Santos,Auckland,Low,12,0.6,2,17.9,Fair
R01513,Buenos Aires,Chennai,High,43,5.0,57,5.7,Squall
R01514,Buenos Aires,Chennai,Low,14,1.1,5,15.9,Overcast
R01515,Buenos Aires,Chennai,Moderate,25,2.5,19,11.0,Rain
R01516,Buenos Aires,Chennai,Low,15,1.2,5,17.1,Overcast
R01517,Buenos Aires,Chennai,High,50,5.4,67,5.6,Storm
R01518,Buenos Aires,Chennai,High,40,4.6,80,4.2,Squall
R01519,Buenos Aires,Chennai,Low,11,0.7,2,15.0,Fair
R01520,Buenos Aires,Chennai,High,40,3.9,76,5.2,Squall
R01521,Buenos Aires,Kochi,High,40,4.8,75,5.1,Squall
R01522,Buenos Aires,Kochi,High,42,4.2,94,5.1,Squall
R01523,Buenos Aires,Kochi,Moderate,26,2.4,17,8.5,Rain
R01524,Buenos Aires,Kochi,Low,17,1.3,3,15.9,Overcast
R01525,Buenos Aires,Kochi,High,46,4.9,90,5.4,Storm
R01526,Buenos Aires,Kochi,Low,15,0.7,2,18.1,Fair
R01527,Buenos Aires,Kochi,Moderate,26,2.5,18,8.5,Rain
R01528,Buenos Aires,Kochi,Moderate,25,2.6,26,9.9,Rain
R01529,Buenos Aires,Rotterdam,Low,13,0.7,2,17.0,Fair
R01530,Buenos Aires,Rotterdam,High,45,4.2,68,4.8,Squall
R01531,Buenos Aires,Rotterdam,High,43,4.9,60,5.4,Squall
R01532,Buenos Aires,Rotterdam,High,46,5.6,57,5.4,Storm
R01533,Buenos Aires,Rotterdam,Low,15,1.0,5,14.7,Overcast
R01534,Buenos Aires,Rotterdam,Moderate,29,2.2,23,9.5,Rain
R01535,Buenos Aires,Rotterdam,High,52,4.5,61,5.5,Storm
R01536,Buenos Aires,Rotterdam,Low,15,1.3,5,17.5,Overcast
R01537,Buenos Aires,Hamburg,Moderate,27,2.2,29,9.6,Rain
R01538,Buenos Aires,Hamburg,Moderate,27,2.6,18,8.6,Rain
R01539,Buenos Aires,Hamburg,Moderate,29,2.4,22,10.1,Rain
R01540,Buenos Aires,Hamburg,High,42,5.2,91,5.1,Storm
R01541,Buenos Aires,Hamburg,High,44,4.2,96,3.2,Storm
R01542,Buenos Aires,Hamburg,Low,19,0.8,3,16.0,Overcast
R01543,Buenos Aires,Hamburg,Moderate,28,2.3,19,10.5,Rain
R01544,Buenos Aires,Hamburg,Low,19,1.3,4,14.9,Overcast
R01545,Buenos Aires,New York,Low,11,0.8,5,15.4,Overcast
R01546,Buenos Aires,New York,Low,15,1.0,4,16.0,Overcast
R01547,Buenos Aires,New York,Low,18,1.0,2,17.5,Fair
R01548,Buenos Aires,New York,High,45,4.2,65,4.3,Storm
R01549,Buenos Aires,New York,Moderate,29,2.1,17,9.3,Rain
R01550,Buenos Aires,New York,High,48,3.9,94,5.8,Storm
R01551,Buenos Aires,New York,High,44,5.2,91,4.0,Storm
R01552,Buenos Aires,New York,Moderate,26,2.2,21,9.8,Rain
R01553,Buenos Aires,Hong Kong,High,47,4.2,62,5.6,Storm
R01554,Buenos Aires,Hong Kong,Low,13,1.2,2,15.5,Fair
R01555,Buenos Aires,Hong Kong,High,47,5.5,54,5.2,Storm
R01556,Buenos Aires,Hong Kong,Low,13,0.7,5,18.0,Overcast
R01557,Buenos Aires,Hong Kong,Low,13,0.9,5,18.3,Overcast
R01558,Buenos Aires,Hong Kong,High,44,4.4,80,4.4,Squall
R01559,Buenos Aires,Hong Kong,Low,18,1.2,4,15.6,Overcast
R01560,Buenos Aires,Hong Kong,Low,15,1.1,2,17.3,Fair
R01561,Buenos Aires,Busan,High,50,4.5,87,3.6,Storm
R01562,Buenos Aires,Busan,Moderate,30,2.0,26,9.9,Rain
R01563,Buenos Aires,Busan,Low,15,0.8,5,18.0,Overcast
R01564,Buenos Aires,Busan,High,47,5.2,89,5.0,Storm
R01565,Buenos Aires,Busan,High,49,4.7,79,4.0,Storm
R01566,Buenos Aires,Busan,Moderate,28,2.1,14,9.1,Overcast
R01567,Buenos Aires,Busan,Moderate,27,2.5,15,10.4,Overcast
R01568,Buenos Aires,Busan,Moderate,28,2.3,25,8.9,Rain
R01569,Buenos Aires,Melbourne,Moderate,27,2.0,22,10.5,Rain
R01570,Buenos Aires,Melbourne,High,48,4.7,52,5.2,Storm
R01571,Buenos Aires,Melbourne,Low,17,1.1,4,15.8,Overcast
R01572,Buenos Aires,Melbourne,High,40,4.0,66,3.9,Storm
R01573,Buenos Aires,Melbourne,Low,14,0.9,3,17.7,Fair
R01574,Buenos Aires,Melbourne,High,51,4.0,79,5.1,Storm
R01575,Buenos Aires,Melbourne,Low,16,1.1,5,17.4,Overcast
R01576,Buenos Aires,Melbourne,High,47,4.3,82,3.6,Storm
R01577,Buenos Aires,Mombasa,Low,14,0.9,3,15.1,Overcast
R01578,Buenos Aires,Mombasa,Moderate,26,2.4,18,10.6,Rain
R01579,Buenos Aires,Mombasa,High,46,4.5,52,6.0,Storm
R01580,Buenos Aires,Mombasa,Low,11,1.0,1,18.9,Fair
R01581,Buenos Aires,Mombasa,High,37,4.5,72,6.1,Squall
R01582,Buenos Aires,Mombasa,Low,14,1.1,1,18.1,Fair
R01583,Buenos Aires,Mombasa,Moderate,26,2.5,20,9.5,Rain
R01584,Buenos Aires,Mombasa,Moderate,24,1.9,13,9.5,Overcast
R01585,Buenos Aires,Felixstowe,Low,15,1.1,3,15.1,Fair
R01586,Buenos Aires,Felixstowe,Moderate,29,2.7,25,9.1,Rain
R01587,Buenos Aires,Felixstowe,High,50,4.5,84,4.4,Storm
R01588,Buenos Aires,Felixstowe,Moderate,30,2.8,27,9.8,Rain
R01589,Buenos Aires,Felixstowe,Moderate,29,2.3,20,8.6,Rain
R01590,Buenos Aires,Felixstowe,High,43,4.6,89,4.3,Squall
R01591,Buenos Aires,Felixstowe,High,50,5.1,76,4.4,Storm
R01592,Buenos Aires,Felixstowe,High,44,5.1,83,5.0,Storm
R01593,Valencia,Chennai,Moderate,29,2.5,18,10.1,Rain
R01594,Valencia,Chennai,High,41,5.0,54,5.2,Storm
R01595,Valencia,Chennai,Low,11,0.8,2,16.1,Fair
R01596,Valencia,Chennai,High,39,4.8,80,5.9,Squall
R01597,Valencia,Chennai,Moderate,28,2.4,17,10.4,Rain
R01598,Valencia,Chennai,Low,17,0.9,3,14.8,Fair
R01599,Valencia,Chennai,Moderate,27,2.5,14,11.0,Overcast
R01600,Valencia,Chennai,Moderate,27,2.0,14,10.8,Overcast
R01601,Valencia,Singapore,High,42,5.5,95,4.2,Storm
R01602,Valencia,Singapore,Low,12,0.7,2,17.9,Fair
R01603,Valencia,Singapore,Moderate,29,2.7,15,9.0,Rain
R01604,Valencia,Singapore,Moderate,27,2.2,22,9.0,Rain
R01605,Valencia,Singapore,High,51,4.6,97,3.3,Storm
R01606,Valencia,Singapore,Moderate,26,2.3,28,9.1,Rain
R01607,Valencia,Singapore,High,40,4.8,62,3.7,Storm
R01608,Valencia,Singapore,Moderate,26,2.7,17,9.3,Rain
R01609,Valencia,Rotterdam,High,48,5.3,58,5.0,Storm
R01610,Valencia,Rotterdam,Moderate,29,2.7,16,8.5,Rain
R01611,Valencia,Rotterdam,Moderate,27,2.6,15,10.2,Rain
R01612,Valencia,Rotterdam,Moderate,30,2.1,20,10.9,Rain
R01613,Valencia,Rotterdam,High,45,5.3,69,4.5,Storm
R01614,Valencia,Rotterdam,Low,16,0.9,4,17.2,Overcast
R01615,Valencia,Rotterdam,Low,15,1.1,4,17.6,Overcast
R01616,Valencia,Rotterdam,High,49,5.0,77,4.6,Storm
R01617,Valencia,London,Low,17,1.2,6,15.8,Overcast
R01618,Valencia,London,Low,18,1.3,4,17.1,Overcast
R01619,Valencia,London,High,43,5.1,86,2.9,Storm
R01620,Valencia,London,High,47,5.1,86,5.2,Storm
R01621,Valencia,London,Moderate,28,2.6,24,8.6,Rain
R01622,Valencia,London,Moderate,30,2.4,27,10.2,Rain
R01623,Valencia,London,Moderate,27,2.4,30,8.5,Rain
R01624,Valencia,London,Low,12,1.3,6,14.8,Overcast
R01625,Valencia,Tokyo,High,42,4.1,79,5.5,Squall
R01626,Valencia,Tokyo,High,39,4.0,75,4.5,Squall
R01627,Valencia,Tokyo,High,44,5.3,88,4.0,Storm
R01628,Valencia,Tokyo,Moderate,29,2.3,22,8.6,Rain
R01629,Valencia,Tokyo,High,44,4.1,89,4.5,Squall
R01630,Valencia,Tokyo,High,46,5.2,57,3.8,Storm
R01631,Valencia,Tokyo,Moderate,25,2.0,23,8.5,Rain
R01632,Valencia,Tokyo,High,40,5.3,57,5.5,Storm
R01633,Valencia,Cape Town,Low,15,1.2,3,16.9,Fair
R01634,Valencia,Cape Town,High,49,5.2,93,4.7,Storm
R01635,Valencia,Cape Town,Moderate,27,2.1,20,8.4,Rain
R01636,Valencia,Cape Town,Low,18,1.3,4,15.5,Overcast
R01637,Valencia,Cape Town,Low,17,1.3,6,14.8,Overcast
R01638,Valencia,Cape Town,Low,18,1.0,5,16.3,Overcast
R01639,Valencia,Cape Town,High,48,4.3,92,4.9,Storm
R01640,Valencia,Cape Town,Moderate,31,2.3,24,10.6,Rain
R01641,Valencia,Dar es Salaam,Moderate,28,2.5,18,10.7,Rain
R01642,Valencia,Dar es Salaam,High,41,4.2,84,4.8,Squall
R01643,Valencia,Dar es Salaam,High,47,4.4,79,4.0,Storm
R01644,Valencia,Dar es Salaam,Moderate,25,2.0,14,9.0,Overcast
R01645,Valencia,Dar es Salaam,High,48,5.0,68,4.4,Storm
R01646,Valencia,Dar es Salaam,Low,15,0.9,4,17.2,Overcast
R01647,Valencia,Dar es Salaam,Moderate,28,2.2,24,9.4,Rain
R01648,Valencia,Dar es Salaam,High,40,4.4,56,4.6,Squall
R01649,Valencia,Auckland,Moderate,26,2.6,26,9.3,Rain
R01650,Valencia,Auckland,Moderate,28,2.6,17,10.2,Rain
R01651,Valencia,Auckland,Low,16,0.7,5,15.5,Overcast
R01652,Valencia,Auckland,Moderate,29,2.4,24,11.1,Rain
R01653,Valencia,Auckland,High,48,4.4,71,4.0,Storm
R01654,Valencia,Auckland,High,41,4.6,77,6.0,Squall
R01655,Valencia,Auckland,High,46,3.9,93,5.2,Storm
R01656,Valencia,Auckland,High,41,4.2,87,4.9,Squall
R01657,Piraeus,Mumbai,Moderate,29,2.5,23,10.6,Rain
R01658,Piraeus,Mumbai,Low,17,0.8,4,14.3,Overcast
R01659,Piraeus,Mumbai,Low,18,0.8,5,14.0,Overcast
R01660,Piraeus,Mumbai,High,44,4.1,57,5.1,Squall
R01661,Piraeus,Mumbai,High,48,4.3,56,4.8,Storm
R01662,Piraeus,Mumbai,High,51,5.0,83,3.9,Storm
R01663,Piraeus,Mumbai,Moderate,28,2.2,23,10.5,Rain
R01664,Piraeus,Mumbai,Moderate,29,2.6,27,9.7,Rain
R01665,Piraeus,Dubai,Low,19,0.9,3,17.5,Fair
R01666,Piraeus,Dubai,Moderate,27,2.1,17,8.7,Rain
R01667,Piraeus,Dubai,Moderate,28,2.6,23,10.0,Rain
R01668,Piraeus,Dubai,Low,14,1.2,6,17.7,Overcast
R01669,Piraeus,Dubai,High,41,4.6,100,4.8,Squall
R01670,Piraeus,Dubai,High,49,4.3,70,4.1,Storm
R01671,Piraeus,Dubai,High,42,5.0,61,3.8,Storm
R01672,Piraeus,Dubai,Low,14,0.9,4,17.5,Overcast
R01673,Piraeus,Rotterdam,Low,14,0.7,3,17.2,Overcast
R01674,Piraeus,Rotterdam,Moderate,30,2.5,16,8.8,Rain
R01675,Piraeus,Rotterdam,Low,12,0.9,3,15.9,Fair
R01676,Piraeus,Rotterdam,Low,14,1.0,2,16.5,Fair
R01677,Piraeus,Rotterdam,Low,16,0.9,5,17.1,Overcast
R01678,Piraeus,Rotterdam,High,40,4.9,83,3.7,Storm
R01679,Piraeus,Rotterdam,Moderate,25,2.2,15,9.5,Rain
R01680,Piraeus,Rotterdam,High,42,4.8,90,5.6,Squall
R01681,Piraeus,Hamburg,High,48,4.3,90,5.7,Storm
R01682,Piraeus,Hamburg,Low,15,0.8,5,14.2,Overcast
R01683,Piraeus,Hamburg,Low,16,0.9,3,16.6,Overcast
R01684,Piraeus,Hamburg,Low,15,0.9,3,14.1,Fair
R01685,Piraeus,Hamburg,Low,17,0.9,3,16.5,Overcast
R01686,Piraeus,Hamburg,High,49,4.4,60,4.2,Storm
R01687,Piraeus,Hamburg,Low,15,0.8,4,16.5,Overcast
R01688,Piraeus,Hamburg,Low,14,0.9,3,17.7,Overcast
R01689,Piraeus,New York,Moderate,27,2.5,26,10.5,Rain
R01690,Piraeus,New York,Moderate,26,2.3,17,10.5,Rain
R01691,Piraeus,New York,High,50,4.0,67,5.1,Storm
R01692,Piraeus,New York,High,48,5.5,67,4.1,Storm
R01693,Piraeus,New York,Moderate,30,2.7,16,10.2,Rain
R01694,Piraeus,New York,High,49,4.9,71,5.2,Storm
R01695,Piraeus,New York,High,48,4.3,92,5.1,Storm
R01696,Piraeus,New York,High,43,4.2,55,5.7,Squall
R01697,Piraeus,Busan,Moderate,28,2.4,17,9.4,Rain
R01698,Piraeus,Busan,Moderate,30,2.7,19,8.8,Rain
R01699,Piraeus,Busan,Moderate,30,2.4,16,9.2,Rain
R01700,Piraeus,Busan,High,41,4.6,94,5.6,Squall
R01701,Piraeus,Busan,High,41,5.3,59,4.6,Storm
R01702,Piraeus,Busan,Moderate,30,2.6,16,10.1,Rain
R01703,Piraeus,Busan,High,47,4.8,75,3.5,Storm
R01704,Piraeus,Busan,High,41,5.1,73,4.5,Storm
R01705,Piraeus,Tokyo,Moderate,31,2.5,18,10.2,Rain
R01706,Piraeus,Tokyo,High,44,5.2,96,4.6,Storm
R01707,Piraeus,Tokyo,Low,16,1.0,5,17.8,Overcast
R01708,Piraeus,Tokyo,High,43,5.6,91,5.6,Storm
R01709,Piraeus,Tokyo,Low,12,0.7,5,15.0,Overcast
R01710,Piraeus,Tokyo,High,49,4.6,94,4.6,Storm
R01711,Piraeus,Tokyo,Moderate,25,2.1,18,8.5,Rain
R01712,Piraeus,Tokyo,Low,17,1.1,5,17.4,Overcast
R01713,Piraeus,Melbourne,High,45,5.3,82,5.8,Storm
R01714,Piraeus,Melbourne,Low,17,1.2,3,17.6,Fair
R01715,Piraeus,Melbourne,High,48,4.1,65,5.9,Storm
R01716,Piraeus,Melbourne,High,41,4.0,90,3.6,Storm
R01717,Piraeus,Melbourne,Low,13,1.2,3,14.9,Overcast
R01718,Piraeus,Melbourne,Low,15,1.1,5,15.4,Overcast
R01719,Piraeus,Melbourne,Low,11,1.0,4,18.2,Overcast
R01720,Piraeus,Melbourne,High,50,4.9,75,5.6,Storm
R01721,Piraeus,Durban,Low,14,0.7,4,14.9,Overcast
R01722,Piraeus,Durban,Moderate,28,2.0,24,10.7,Rain
R01723,Piraeus,Durban,Low,15,1.0,4,18.5,Overcast
R01724,Piraeus,Durban,Low,13,0.9,5,16.6,Overcast
R01725,Piraeus,Durban,High,40,4.3,52,5.2,Squall
R01726,Piraeus,Durban,Low,11,0.9,3,15.7,Overcast
R01727,Piraeus,Durban,High,50,5.2,79,5.0,Storm
R01728,Piraeus,Durban,Moderate,25,2.2,24,10.8,Rain
R01729,Piraeus,Santos,Moderate,29,2.1,19,9.1,Rain
R01730,Piraeus,Santos,High,42,4.9,66,3.4,Storm
R01731,Piraeus,Santos,Low,18,1.1,3,17.5,Fair
R01732,Piraeus,Santos,Low,18,0.9,4,14.7,Overcast
R01733,Piraeus,Santos,High,40,5.5,70,4.9,Storm
R01734,Piraeus,Santos,High,41,5.2,95,4.9,Storm
R01735,Piraeus,Santos,Low,13,1.1,6,17.9,Overcast
R01736,Piraeus,Santos,Low,13,0.9,5,16.9,Overcast
R01737,Piraeus,Dar es Salaam,Low,14,0.9,1,16.7,Fair
R01738,Piraeus,Dar es Salaam,Low,12,0.9,1,17.1,Fair
R01739,Piraeus,Dar es Salaam,Low,11,0.8,1,18.4,Fair
R01740,Piraeus,Dar es Salaam,High,43,3.7,78,5.8,Squall
R01741,Piraeus,Dar es Salaam,Moderate,28,2.5,24,9.0,Rain
R01742,Piraeus,Dar es Salaam,Moderate,24,2.2,25,10.1,Rain
R01743,Piraeus,Dar es Salaam,Moderate,25,2.2,21,10.2,Rain
R01744,Piraeus,Dar es Salaam,High,46,3.8,82,6.3,Storm
R01745,Piraeus,Auckland,Low,13,0.9,5,15.2,Overcast
R01746,Piraeus,Auckland,Moderate,27,2.5,19,11.0,Rain
R01747,Piraeus,Auckland,High,43,3.8,91,6.0,Squall
R01748,Piraeus,Auckland,High,45,5.3,55,4.8,Storm
R01749,Piraeus,Auckland,Moderate,24,2.5,19,8.9,Rain
R01750,Piraeus,Auckland,Moderate,26,2.4,15,9.4,Overcast
R01751,Piraeus,Auckland,Moderate,26,2.6,17,9.0,Rain
R01752,Piraeus,Auckland,Moderate,26,2.5,25,9.1,Rain
R01753,Istanbul,Singapore,High,48,5.1,90,3.6,Storm
R01754,Istanbul,Singapore,Low,12,1.0,4,17.7,Overcast
R01755,Istanbul,Singapore,High,40,4.9,63,4.6,Squall
R01756,Istanbul,Singapore,High,40,4.9,91,5.7,Squall
R01757,Istanbul,Singapore,Moderate,28,2.4,22,9.1,Rain
R01758,Istanbul,Singapore,Low,16,0.9,3,16.1,Fair
R01759,Istanbul,Singapore,High,42,5.4,94,4.9,Storm
R01760,Istanbul,Singapore,Moderate,28,2.2,15,9.1,Rain
R01761,Istanbul,Dubai,Low,15,1.0,2,15.2,Fair
R01762,Istanbul,Dubai,High,42,4.9,90,4.2,Squall
R01763,Istanbul,Dubai,High,51,5.2,98,4.9,Storm
R01764,Istanbul,Dubai,Moderate,28,2.6,25,10.2,Rain
R01765,Istanbul,Dubai,Moderate,28,2.4,28,10.3,Rain
R01766,Istanbul,Dubai,Moderate,30,2.4,28,8.9,Rain
R01767,Istanbul,Dubai,High,46,4.8,83,4.4,Storm
R01768,Istanbul,Dubai,Moderate,25,2.7,26,10.3,Rain
R01769,Istanbul,Hamburg,High,40,5.6,67,4.0,Storm
R01770,Istanbul,Hamburg,High,45,5.0,61,4.0,Storm
R01771,Istanbul,Hamburg,Moderate,27,2.6,17,9.4,Rain
R01772,Istanbul,Hamburg,Low,18,1.1,4,16.3,Overcast
R01773,Istanbul,Hamburg,Moderate,27,2.6,15,10.6,Rain
R01774,Istanbul,Hamburg,High,40,5.5,61,3.5,Storm
R01775,Istanbul,Hamburg,Low,13,0.8,3,14.1,Overcast
R01776,Istanbul,Hamburg,Moderate,30,2.7,28,10.4,Rain
R01777,Istanbul,Vancouver,Moderate,27,2.8,28,10.3,Rain
R01778,Istanbul,Vancouver,High,42,4.5,89,4.0,Storm
R01779,Istanbul,Vancouver,Moderate,27,2.6,20,8.9,Rain
R01780,Istanbul,Vancouver,High,41,4.9,75,4.7,Squall
R01781,Istanbul,Vancouver,Low,15,1.1,3,15.0,Overcast
R01782,Istanbul,Vancouver,Low,15,1.1,4,13.9,Overcast
R01783,Istanbul,Vancouver,Moderate,30,2.5,16,8.7,Rain
R01784,Istanbul,Vancouver,High,49,4.5,61,5.1,Storm
R01785,Istanbul,Hong Kong,High,39,4.3,53,4.1,Squall
R01786,Istanbul,Hong Kong,Low,11,1.1,2,16.4,Fair
R01787,Istanbul,Hong Kong,Low,11,1.2,2,15.7,Fair
R01788,Istanbul,Hong Kong,High,39,3.8,71,3.7,Storm
R01789,Istanbul,Hong Kong,Moderate,29,1.9,17,10.0,Rain
R01790,Istanbul,Hong Kong,Moderate,25,2.0,21,9.2,Rain
R01791,Istanbul,Hong Kong,High,49,3.7,56,4.9,Storm
R01792,Istanbul,Hong Kong,High,44,4.9,59,5.0,Squall
R01793,Istanbul,Tokyo,High,46,5.3,56,4.0,Storm
R01794,Istanbul,Tokyo,Moderate,30,2.0,26,10.4,Rain
R01795,Istanbul,Tokyo,Moderate,30,2.2,16,10.1,Rain
R01796,Istanbul,Tokyo,Low,17,0.9,4,14.6,Overcast
R01797,Istanbul,Tokyo,Low,16,1.0,3,15.3,Overcast
R01798,Istanbul,Tokyo,High,42,5.3,59,5.1,Storm
R01799,Istanbul,Tokyo,High,42,4.7,79,5.3,Squall
R01800,Istanbul,Tokyo,Low,14,1.2,3,16.5,Overcast
R01801,Istanbul,Durban,Moderate,29,2.0,16,9.0,Rain
R01802,Istanbul,Durban,High,49,5.2,71,4.7,Storm
R01803,Istanbul,Durban,Moderate,28,2.6,22,10.6,Rain
R01804,Istanbul,Durban,Moderate,28,2.7,13,10.9,Overcast
R01805,Istanbul,Durban,Low,13,0.9,3,17.1,Overcast
R01806,Istanbul,Durban,Low,16,0.9,5,15.3,Overcast
R01807,Istanbul,Durban,High,45,5.2,57,5.6,Storm
R01808,Istanbul,Durban,High,46,4.7,69,5.6,Storm
R01809,Istanbul,Santos,High,43,4.1,93,4.2,Squall
R01810,Istanbul,Santos,High,46,5.2,89,5.1,Storm
R01811,Istanbul,Santos,Low,18,1.1,5,15.5,Overcast
R01812,Istanbul,Santos,High,52,5.3,99,5.3,Storm
R01813,Istanbul,Santos,High,52,5.5,95,3.5,Storm
R01814,Istanbul,Santos,Low,17,0.7,4,14.6,Overcast
R01815,Istanbul,Santos,Moderate,26,2.6,28,9.0,Rain
R01816,Istanbul,Santos,Low,16,1.3,6,17.8,Overcast
R01817,Mombasa,Chennai,High,45,4.3,48,5.7,Storm
R01818,Mombasa,Chennai,Moderate,26,2.2,19,9.9,Rain
R01819,Mombasa,Chennai,Low,13,1.0,3,17.2,Overcast
R01820,Mombasa,Chennai,Moderate,27,2.4,18,10.7,Rain
R01821,Mombasa,Chennai,Moderate,24,2.4,21,9.9,Rain
R01822,Mombasa,Chennai,Low,12,0.6,5,17.2,Overcast
R01823,Mombasa,Chennai,High,39,4.2,47,4.4,Squall
R01824,Mombasa,Chennai,Low,10,0.8,4,15.5,Overcast
R01825,Mombasa,Colombo,Moderate,27,2.3,16,10.1,Rain
R01826,Mombasa,Colombo,Moderate,24,1.8,18,11.4,Rain
R01827,Mombasa,Colombo,Moderate,23,2.3,18,10.8,Rain
R01828,Mombasa,Colombo,Moderate,27,2.2,17,11.6,Rain
R01829,Mombasa,Colombo,Low,10,0.5,1,17.4,Fair
R01830,Mombasa,Colombo,Low,14,0.8,3,17.0,Overcast
R01831,Mombasa,Colombo,Low,10,0.8,4,16.7,Overcast
R01832,Mombasa,Colombo,Low,11,0.5,4,15.8,Overcast
R01833,Mombasa,Busan,High,43,3.7,46,4.2,Squall
R01834,Mombasa,Busan,High,48,4.3,65,5.5,Storm
R01835,Mombasa,Busan,Low,11,0.9,4,16.1,Overcast
R01836,Mombasa,Busan,Low,10,0.7,3,18.1,Fair
R01837,Mombasa,Busan,Moderate,26,2.2,24,9.7,Rain
R01838,Mombasa,Busan,Moderate,25,2.3,22,9.8,Rain
R01839,Mombasa,Busan,Low,12,0.6,3,16.2,Fair
R01840,Mombasa,Busan,Moderate,25,2.2,15,11.2,Rain
R01841,Mombasa,Buenos Aires,High,40,4.7,60,5.9,Squall
R01842,Mombasa,Buenos Aires,Low,13,1.0,3,17.6,Overcast
R01843,Mombasa,Buenos Aires,Moderate,27,2.5,15,9.4,Rain
R01844,Mombasa,Buenos Aires,High,45,4.5,59,4.2,Squall
R01845,Mombasa,Buenos Aires,Low,16,0.8,2,17.2,Fair
R01846,Mombasa,Buenos Aires,Moderate,27,2.0,21,10.0,Rain
R01847,Mombasa,Buenos Aires,Moderate,28,1.9,21,8.8,Rain
R01848,Mombasa,Buenos Aires,Low,14,0.8,4,16.7,Overcast
R01849,Mombasa,Istanbul,High,41,4.9,81,3.8,Storm
R01850,Mombasa,Istanbul,Low,13,1.2,2,18.4,Fair
R01851,Mombasa,Istanbul,Low,15,1.1,5,15.5,Overcast
R01852,Mombasa,Istanbul,Moderate,25,2.1,14,9.2,Overcast
R01853,Mombasa,Istanbul,Low,14,0.9,3,17.8,Overcast
R01854,Mombasa,Istanbul,Low,13,1.2,2,16.8,Fair
R01855,Mombasa,Istanbul,High,46,4.0,58,4.0,Storm
R01856,Mombasa,Istanbul,High,45,4.3,63,5.4,Squall
R01857,Dar es Salaam,Mumbai,Low,11,0.8,2,16.8,Fair
R01858,Dar es Salaam,Mumbai,Low,15,0.6,1,17.7,Fair
R01859,Dar es Salaam,Mumbai,High,38,4.4,52,5.7,Squall
R01860,Dar es Salaam,Mumbai,Low,16,1.1,3,17.4,Fair
R01861,Dar es Salaam,Mumbai,Moderate,24,2.2,18,11.0,Rain
R01862,Dar es Salaam,Mumbai,Moderate,24,2.5,20,10.0,Rain
R01863,Dar es Salaam,Mumbai,Moderate,26,1.8,19,9.5,Rain
R01864,Dar es Salaam,Mumbai,High,39,3.7,55,5.8,Squall
R01865,Dar es Salaam,Jebel Ali,High,39,5.0,61,6.1,Squall
R01866,Dar es Salaam,Jebel Ali,Low,13,0.8,3,18.2,Fair
R01867,Dar es Salaam,Jebel Ali,Moderate,28,2.4,21,9.0,Rain
R01868,Dar es Salaam,Jebel Ali,High,48,5.1,73,5.8,Storm
R01869,Dar es Salaam,Jebel Ali,High,49,4.0,90,4.7,Storm
R01870,Dar es Salaam,Jebel Ali,Moderate,30,2.0,24,8.9,Rain
R01871,Dar es Salaam,Jebel Ali,Low,13,0.6,3,17.2,Overcast
R01872,Dar es Salaam,Jebel Ali,High,47,4.2,58,3.8,Storm
R01873,Dar es Salaam,Shanghai,Moderate,30,2.3,19,8.7,Rain
R01874,Dar es Salaam,Shanghai,Moderate,27,2.0,20,10.2,Rain
R01875,Dar es Salaam,Shanghai,High,48,5.4,91,4.5,Storm
R01876,Dar es Salaam,Shanghai,Moderate,27,2.3,22,10.5,Rain
R01877,Dar es Salaam,Shanghai,Low,15,1.1,3,18.0,Overcast
R01878,Dar es Salaam,Shanghai,High,49,5.4,83,5.5,Storm
R01879,Dar es Salaam,Shanghai,High,43,4.3,62,5.2,Squall
R01880,Dar es Salaam,Shanghai,Moderate,27,2.7,15,10.5,Rain
R01881,Dar es Salaam,Sydney,Moderate,26,2.4,25,10.8,Rain
R01882,Dar es Salaam,Sydney,Moderate,29,2.4,17,9.3,Rain
R01883,Dar es Salaam,Sydney,High,44,4.7,86,5.1,Squall
R01884,Dar es Salaam,Sydney,Low,10,0.8,3,17.5,Overcast
R01885,Dar es Salaam,Sydney,Moderate,28,2.1,12,9.8,Overcast
R01886,Dar es Salaam,Sydney,Low,13,1.0,4,17.0,Overcast
R01887,Dar es Salaam,Sydney,Low,10,0.9,1,15.8,Fair
R01888,Dar es Salaam,Sydney,Moderate,24,2.6,24,10.1,Rain
R01889,Dar es Salaam,Santos,Moderate,25,2.2,15,9.8,Overcast
R01890,Dar es Salaam,Santos,High,42,5.0,63,5.9,Squall
R01891,Dar es Salaam,Santos,Moderate,30,2.6,25,10.2,Rain
R01892,Dar es Salaam,Santos,Moderate,26,2.2,25,9.0,Rain
R01893,Dar es Salaam,Santos,Moderate,25,2.3,14,9.5,Overcast
R01894,Dar es Salaam,Santos,Low,17,0.8,3,15.4,Overcast
R01895,Dar es Salaam,Santos,High,44,5.3,77,4.7,Storm
R01896,Dar es Salaam,Santos,Moderate,28,2.0,24,9.8,Rain
R01897,Auckland,Los Angeles,Low,11,1.0,5,16.7,Overcast
R01898,Auckland,Los Angeles,Low,14,0.8,4,18.2,Overcast
R01899,Auckland,Los Angeles,Low,13,1.1,4,16.2,Overcast
R01900,Auckland,Los Angeles,High,44,4.2,76,5.8,Squall
R01901,Auckland,Los Angeles,Moderate,28,2.5,19,10.4,Rain
R01902,Auckland,Los Angeles,High,48,5.0,91,5.5,Storm
R01903,Auckland,Los Angeles,Low,18,0.9,3,14.7,Overcast
R01904,Auckland,Los Angeles,High,49,5.6,86,3.5,Storm
R01905,Auckland,Busan,Low,17,1.0,5,16.7,Overcast
R01906,Auckland,Busan,Low,14,1.3,4,15.4,Overcast
R01907,Auckland,Busan,Low,15,1.1,5,14.0,Overcast
R01908,Auckland,Busan,High,51,5.1,79,4.5,Storm
R01909,Auckland,Busan,Moderate,31,2.2,20,9.9,Rain
R01910,Auckland,Busan,High,47,4.7,61,5.0,Storm
R01911,Auckland,Busan,High,50,4.4,80,4.2,Storm
R01912,Auckland,Busan,High,43,4.9,65,5.6,Squall
R01913,Auckland,Tokyo,High,44,5.3,91,4.1,Storm
R01914,Auckland,Tokyo,High,48,5.3,93,3.3,Storm
R01915,Auckland,Tokyo,Low,13,0.9,2,17.6,Fair
R01916,Auckland,Tokyo,Low,15,1.2,6,16.6,Overcast
R01917,Auckland,Tokyo,Low,14,1.0,5,14.8,Overcast
R01918,Auckland,Tokyo,High,45,5.0,90,4.0,Storm
R01919,Auckland,Tokyo,Low,15,1.2,5,15.4,Overcast
R01920,Auckland,Tokyo,Moderate,30,2.6,19,8.4,Rain
R01921,Auckland,Melbourne,Moderate,29,2.7,17,9.8,Rain
R01922,Auckland,Melbourne,Low,17,0.8,5,16.6,Overcast
R01923,Auckland,Melbourne,Low,14,0.8,2,15.1,Fair
R01924,Auckland,Melbourne,High,47,4.6,81,3.4,Storm
R01925,Auckland,Melbourne,Low,14,1.2,5,14.1,Overcast
R01926,Auckland,Melbourne,Moderate,30,2.5,20,10.3,Rain
R01927,Auckland,Melbourne,High,44,4.2,92,5.7,Squall
R01928,Auckland,Melbourne,High,45,4.6,59,5.3,Storm
R01929,Auckland,Cape Town,Moderate,29,2.1,20,10.2,Rain
R01930,Auckland,Cape Town,High,43,3.8,78,4.0,Storm
R01931,Auckland,Cape Town,High,45,4.3,57,5.8,Squall
R01932,Auckland,Cape Town,High,46,4.7,88,5.4,Storm
R01933,Auckland,Cape Town,Moderate,25,2.4,13,10.6,Overcast
R01934,Auckland,Cape Town,High,46,4.2,60,5.1,Storm
R01935,Auckland,Cape Town,Moderate,30,2.5,20,10.9,Rain
R01936,Auckland,Cape Town,Low,14,0.6,2,18.3,Fair
R01937,Auckland,Mombasa,High,50,4.2,82,4.3,Storm
R01938,Auckland,Mombasa,High,47,5.5,58,3.4,Storm
R01939,Auckland,Mombasa,High,42,5.4,71,5.5,Storm
R01940,Auckland,Mombasa,High,45,4.1,86,3.4,Storm
R01941,Auckland,Mombasa,Moderate,29,2.1,21,9.2,Rain
R01942,Auckland,Mombasa,High,42,5.2,97,4.7,Storm
R01943,Auckland,Mombasa,High,45,4.7,80,4.8,Storm
R01944,Auckland,Mombasa,Moderate,29,2.4,16,8.4,Rain
R01945,Felixstowe,Singapore,Low,12,1.2,4,15.0,Overcast
R01946,Felixstowe,Singapore,Moderate,30,2.2,19,8.9,Rain
R01947,Felixstowe,Singapore,Low,13,1.2,4,14.5,Overcast
R01948,Felixstowe,Singapore,Moderate,26,2.4,19,9.3,Rain
R01949,Felixstowe,Singapore,Moderate,26,2.4,26,11.0,Rain
R01950,Felixstowe,Singapore,Low,14,0.7,2,16.8,Fair
R01951,Felixstowe,Singapore,Moderate,28,1.9,24,9.0,Rain
R01952,Felixstowe,Singapore,Low,13,0.8,3,18.4,Overcast
R01953,Felixstowe,London,High,42,4.6,89,5.4,Squall
R01954,Felixstowe,London,Moderate,26,2.6,28,10.2,Rain
R01955,Felixstowe,London,High,46,4.2,73,3.5,Storm
R01956,Felixstowe,London,Low,16,0.8,4,14.0,Overcast
R01957,Felixstowe,London,Moderate,28,2.1,22,9.9,Rain
R01958,Felixstowe,London,High,49,4.5,59,5.0,Storm
R01959,Felixstowe,London,High,45,5.5,69,5.3,Storm
R01960,Felixstowe,London,Moderate,29,2.5,18,10.0,Rain
R01961,Felixstowe,Vancouver,Low,12,1.0,5,17.7,Overcast
R01962,Felixstowe,Vancouver,High,48,4.0,57,3.9,Storm
R01963,Felixstowe,Vancouver,Low,11,0.7,5,17.8,Overcast
R01964,Felixstowe,Vancouver,High,50,4.3,91,3.5,Storm
R01965,Felixstowe,Vancouver,Moderate,26,2.2,18,10.0,Rain
R01966,Felixstowe,Vancouver,Low,14,0.7,2,14.4,Fair
R01967,Felixstowe,Vancouver,Moderate,28,2.0,26,10.1,Rain
R01968,Felixstowe,Vancouver,Moderate,26,2.0,25,10.5,Rain
R01969,Felixstowe,Hong Kong,Low,16,0.8,5,14.8,Overcast
R01970,Felixstowe,Hong Kong,Moderate,25,2.6,15,9.5,Overcast
R01971,Felixstowe,Hong Kong,Moderate,26,2.2,16,10.4,Rain
R01972,Felixstowe,Hong Kong,High,47,4.6,83,4.9,Storm
R01973,Felixstowe,Hong Kong,High,40,4.5,62,4.7,Squall
R01974,Felixstowe,Hong Kong,Low,16,0.7,5,18.2,Overcast
R01975,Felixstowe,Hong Kong,Moderate,26,2.7,22,10.1,Rain
R01976,Felixstowe,Hong Kong,Moderate,30,1.9,27,9.9,Rain
R01977,Felixstowe,Melbourne,High,51,5.2,87,3.4,Storm
R01978,Felixstowe,Melbourne,Low,15,1.2,5,13.5,Overcast
R01979,Felixstowe,Melbourne,Low,13,1.0,3,16.6,Fair
R01980,Felixstowe,Melbourne,Moderate,29,2.2,27,8.7,Rain
R01981,Felixstowe,Melbourne,Moderate,30,2.7,20,10.1,Rain
R01982,Felixstowe,Melbourne,High,47,5.6,77,4.2,Storm
R01983,Felixstowe,Melbourne,Low,13,1.3,5,16.8,Overcast
R01984,Felixstowe,Melbourne,High,52,4.3,87,3.8,Storm
R01985,Felixstowe,Valencia,Moderate,28,2.4,17,8.8,Rain
R01986,Felixstowe,Valencia,Moderate,30,2.3,27,9.6,Rain
R01987,Felixstowe,Valencia,Moderate,27,2.9,18,8.4,Rain
R01988,Felixstowe,Valencia,High,43,4.3,86,3.9,Storm
R01989,Felixstowe,Valencia,High,46,4.4,69,3.2,Storm
R01990,Felixstowe,Valencia,Low,16,1.3,6,14.5,Overcast
R01991,Felixstowe,Valencia,Moderate,29,2.6,23,8.9,Rain
R01992,Felixstowe,Valencia,Low,17,0.8,3,15.2,Fair
R01993,Felixstowe,Piraeus,Low,18,1.0,6,14.9,Overcast
R01994,Felixstowe,Piraeus,Moderate,27,2.3,24,10.4,Rain
R01995,Felixstowe,Piraeus,High,41,4.3,64,4.9,Squall
R01996,Felixstowe,Piraeus,Low,13,0.9,6,16.4,Overcast
R01997,Felixstowe,Piraeus,Moderate,27,2.1,23,10.0,Rain
R01998,Felixstowe,Piraeus,Low,13,1.0,4,14.3,Overcast
R01999,Felixstowe,Piraeus,Moderate,30,2.7,16,9.6,Rain
R02000,Felixstowe,Piraeus,High,45,5.1,92,3.9,Storm
R02001,Felixstowe,Mombasa,Moderate,30,2.2,19,9.0,Rain
R02002,Felixstowe,Mombasa,Low,14,1.2,4,16.2,Overcast
R02003,Felixstowe,Mombasa,High,45,4.8,68,3.2,Storm
R02004,Felixstowe,Mombasa,Low,16,1.1,5,16.9,Overcast
R02005,Felixstowe,Mombasa,Moderate,31,2.8,18,10.1,Rain
R02006,Felixstowe,Mombasa,Low,14,0.9,5,17.2,Overcast
R02007,Felixstowe,Mombasa,Low,13,1.0,6,14.3,Overcast
R02008,Felixstowe,Mombasa,Low,17,1.1,2,16.8,Fair
R02009,Felixstowe,Dar es Salaam,Low,11,0.9,3,17.2,Fair
R02010,Felixstowe,Dar es Salaam,Low,15,1.0,5,17.6,Overcast
R02011,Felixstowe,Dar es Salaam,High,49,3.9,90,4.8,Storm
R02012,Felixstowe,Dar es Salaam,Low,17,0.8,3,17.4,Overcast
R02013,Felixstowe,Dar es Salaam,High,47,4.8,84,5.5,Storm
R02014,Felixstowe,Dar es Salaam,Moderate,29,2.5,19,9.9,Rain
R02015,Felixstowe,Dar es Salaam,Low,17,1.0,4,16.6,Overcast
R02016,Felixstowe,Dar es Salaam,Moderate,27,2.4,14,8.6,Overcast
R02017,Santos,Vancouver,Moderate,27,2.4,19,9.5,Rain
R02018,Colombo,Dar es Salaam,High,41,4.6,50,6.2,Squall
R02019,Valencia,Los Angeles,Low,17,0.6,4,16.4,Overcast
R02020,Busan,Dubai,Low,14,0.7,6,15.3,Overcast
R02021,Rotterdam,Chennai,Moderate,26,2.5,17,8.7,Rain
R02022,Hamburg,Melbourne,High,43,4.0,75,4.3,Squall
R02023,Mombasa,Vancouver,Low,13,1.1,5,18.6,Overcast
R02024,Buenos Aires,Busan,Low,15,1.3,5,16.0,Overcast
R02025,Hamburg,Santos,High,48,4.2,57,5.7,Storm
R02026,Busan,Singapore,Moderate,26,2.2,25,10.8,Rain
R02027,Felixstowe,Rotterdam,Low,16,0.9,2,14.6,Fair
R02028,New York,Singapore,Moderate,26,2.4,25,10.2,Rain
R02029,Melbourne,Valencia,High,43,5.3,75,5.9,Storm
R02030,London,Piraeus,Moderate,26,2.5,23,10.0,Rain
R02031,Sydney,Singapore,Low,12,1.1,2,15.8,Fair
R02032,Santos,Vancouver,Low,18,0.8,5,15.1,Overcast
R02033,Istanbul,Durban,Low,12,1.1,4,18.1,Overcast
R02034,Tokyo,Colombo,Low,10,0.6,5,17.6,Overcast
R02035,Valencia,Hamburg,Low,16,1.1,3,16.4,Fair
R02036,New York,Santos,Moderate,28,2.4,19,9.7,Rain
R02037,Durban,London,Moderate,25,2.1,27,10.3,Rain
R02038,Kochi,Santos,High,48,5.2,54,5.4,Storm
R02039,Hong Kong,Durban,Moderate,29,2.0,19,9.5,Rain
R02040,Mumbai,Piraeus,Low,16,1.1,2,17.1,Fair
R02041,Buenos Aires,Piraeus,High,49,4.0,73,3.7,Storm
R02042,Santos,Melbourne,Moderate,29,2.4,19,9.8,Rain
R02043,Buenos Aires,Istanbul,Moderate,30,2.1,22,9.0,Rain
R02044,Buenos Aires,Felixstowe,Moderate,26,2.0,24,9.8,Rain
R02045,Hong Kong,Santos,High,38,5.0,47,5.3,Storm
R02046,Busan,Dar es Salaam,High,46,4.4,55,4.7,Storm
R02047,Buenos Aires,Durban,High,46,5.2,81,3.8,Storm
R02048,Vancouver,Valencia,Low,18,1.0,4,17.8,Overcast
R02049,Shanghai,Kochi,Low,16,1.2,2,14.7,Fair
R02050,Piraeus,Jebel Ali,Moderate,30,2.2,21,10.8,Rain
R02051,Rotterdam,Cape Town,Moderate,31,2.3,23,9.6,Rain
R02052,Colombo,Busan,Low,14,0.7,4,17.0,Overcast
R02053,Dar es Salaam,Hong Kong,Moderate,26,2.1,24,10.2,Rain
R02054,Felixstowe,Colombo,Moderate,25,2.1,19,10.0,Rain
R02055,Istanbul,Felixstowe,Low,14,0.9,6,17.5,Overcast
R02056,New York,Buenos Aires,Moderate,30,2.5,23,10.0,Rain
R02057,Hong Kong,Dubai,Moderate,29,2.2,14,11.0,Overcast
R02058,Piraeus,Rotterdam,Low,14,0.9,3,16.5,Fair
R02059,Felixstowe,Hong Kong,Low,16,0.7,2,17.6,Fair
R02060,Vancouver,Rotterdam,Low,13,1.1,5,16.8,Overcast
R02061,Dubai,Cape Town,High,40,3.9,89,5.9,Squall
R02062,Shanghai,Santos,Moderate,28,2.2,20,9.1,Rain
R02063,Chennai,Tokyo,Low,17,0.6,3,16.1,Overcast
R02064,Cape Town,Tokyo,Moderate,27,1.9,23,9.5,Rain
R02065,Vancouver,Rotterdam,High,42,5.2,57,4.3,Storm
R02066,Mumbai,Santos,Low,17,1.0,4,15.5,Overcast
R02067,Mombasa,Mumbai,Low,16,0.9,2,17.4,Fair
R02068,Cape Town,Hong Kong,Moderate,27,2.6,22,9.2,Rain
R02069,Mombasa,New York,Moderate,29,2.5,23,9.2,Rain
R02070,Auckland,Istanbul,Moderate,26,2.3,27,9.7,Rain
R02071,Istanbul,Los Angeles,Moderate,27,2.8,19,10.6,Rain
R02072,New York,Piraeus,Moderate,30,2.9,26,10.2,Rain
R02073,Tokyo,Durban,Low,15,1.3,2,14.4,Fair
R02074,Rotterdam,Valencia,High,43,5.1,98,4.1,Storm
R02075,Santos,Los Angeles,High,41,5.5,81,5.0,Storm
R02076,Cape Town,Mumbai,Low,13,0.9,3,15.5,Overcast
R02077,Vancouver,Melbourne,High,50,4.6,97,4.4,Storm
R02078,Felixstowe,Durban,Low,13,1.2,4,17.3,Overcast
R02079,Busan,Tokyo,Low,15,1.0,3,15.8,Fair
R02080,Santos,Mumbai,Moderate,27,2.3,23,10.2,Rain
R02081,Sydney,New York,Low,17,0.9,3,14.7,Fair
R02082,Singapore,Rotterdam,Moderate,29,2.6,24,8.9,Rain
R02083,Kochi,Jebel Ali,Low,11,1.0,5,15.7,Overcast
R02084,New York,Mumbai,High,45,4.6,68,3.5,Storm
R02085,Felixstowe,Hamburg,High,42,5.2,75,4.4,Storm
R02086,Busan,Shanghai,High,49,5.0,84,3.5,Storm
R02087,Dubai,Santos,Low,13,0.8,5,16.4,Overcast
R02088,Melbourne,Dar es Salaam,Moderate,25,2.5,24,9.7,Rain
R02089,Durban,Singapore,Moderate,28,2.5,19,9.9,Rain
R02090,New York,London,Low,16,0.8,3,16.5,Overcast
R02091,Dubai,Shanghai,High,47,4.2,92,4.3,Storm
R02092,Auckland,Mombasa,High,50,4.9,62,4.0,Storm
R02093,Durban,Hamburg,High,43,4.8,69,4.5,Squall
R02094,Tokyo,Istanbul,High,45,5.2,68,3.7,Storm
R02095,Istanbul,Jebel Ali,Low,14,1.0,5,15.5,Overcast
R02096,Santos,Hamburg,Moderate,29,2.6,15,10.3,Overcast
R02097,Los Angeles,Dubai,Moderate,25,2.3,15,10.3,Rain
R02098,Kochi,Santos,High,43,5.0,62,4.5,Storm
R02099,Melbourne,Busan,Moderate,28,2.4,20,9.8,Rain
R02100,Durban,Dar es Salaam,High,43,5.6,92,5.6,Storm
R02101,Hong Kong,London,Moderate,29,1.9,23,10.6,Rain
R02102,Mombasa,Tokyo,Moderate,27,2.4,19,10.5,Rain
R02103,Vancouver,Dubai,Low,14,0.9,2,18.2,Fair
R02104,Buenos Aires,Chennai,High,50,4.2,76,4.3,Storm
R02105,Colombo,Tokyo,Moderate,30,2.3,17,9.2,Rain
R02106,Felixstowe,Singapore,Moderate,25,2.5,13,9.2,Overcast
R02107,Hamburg,Durban,Low,17,1.3,3,14.4,Overcast
R02108,New York,Sydney,High,50,3.9,74,5.3,Storm
R02109,Auckland,Hong Kong,High,46,5.4,64,4.7,Storm
R02110,New York,Santos,Moderate,28,2.4,24,8.8,Rain
R02111,Colombo,Felixstowe,Low,13,1.2,5,14.2,Overcast
R02112,Vancouver,Chennai,Moderate,25,2.1,17,10.9,Rain
R02113,Jebel Ali,Dar es Salaam,Moderate,26,2.4,12,11.4,Overcast
R02114,Dar es Salaam,Tokyo,High,48,4.9,79,5.1,Storm
R02115,Sydney,Vancouver,Low,12,0.8,5,16.3,Overcast
R02116,Rotterdam,Kochi,Moderate,29,2.5,26,9.1,Rain
R02117,Istanbul,Hong Kong,High,45,4.5,74,5.1,Squall
R02118,Mombasa,Hamburg,High,42,5.4,56,5.1,Storm
R02119,Dar es Salaam,Istanbul,Low,15,1.0,3,15.8,Fair
R02120,Sydney,Los Angeles,High,45,4.6,67,5.3,Squall
R02121,London,Colombo,Moderate,26,2.5,15,8.8,Rain
R02122,Durban,Mumbai,High,46,4.6,64,4.6,Storm
R02123,Mumbai,Santos,High,49,4.5,76,3.8,Storm
R02124,Jebel Ali,Chennai,Low,16,1.0,2,18.1,Fair
R02125,Auckland,Sydney,Moderate,26,2.0,23,11.0,Rain
R02126,Dubai,Tokyo,Moderate,27,2.2,16,8.4,Rain
R02127,Mumbai,Auckland,Low,13,0.9,3,17.0,Overcast
R02128,Dar es Salaam,Santos,Low,12,1.1,5,16.9,Overcast
R02129,Mombasa,Felixstowe,Low,17,0.9,6,17.3,Overcast
R02130,Chennai,Jebel Ali,Low,15,1.0,3,14.8,Fair
R02131,Hamburg,Kochi,High,47,4.2,62,4.8,Storm
R02132,Auckland,Singapore,High,40,4.0,80,5.7,Squall
R02133,Shanghai,Buenos Aires,Low,16,0.7,3,15.3,Overcast
R02134,London,Melbourne,High,49,5.2,96,5.0,Storm
R02135,Santos,Melbourne,High,42,5.2,64,3.4,Storm
R02136,Busan,Chennai,Low,13,1.1,3,16.3,Overcast
R02137,Hong Kong,Singapore,Moderate,27,2.1,18,9.2,Rain
R02138,Jebel Ali,Piraeus,High,43,5.3,74,3.6,Storm
R02139,Piraeus,Rotterdam,Moderate,26,2.0,20,9.1,Rain
R02140,Dar es Salaam,Mumbai,Low,16,0.8,4,16.8,Overcast
R02141,Dar es Salaam,Auckland,Low,15,1.0,5,15.0,Overcast
R02142,Busan,Sydney,Moderate,29,2.3,25,10.6,Rain
R02143,Shanghai,Auckland,High,49,5.6,68,3.8,Storm
R02144,Busan,Vancouver,Low,16,0.9,2,17.0,Fair
R02145,Shanghai,Sydney,Moderate,26,1.9,17,9.4,Rain
R02146,Dubai,Valencia,Moderate,28,2.6,24,9.7,Rain
R02147,Shanghai,Istanbul,High,46,5.2,87,5.7,Storm
R02148,Cape Town,Dar es Salaam,High,42,4.1,95,5.5,Squall
R02149,Shanghai,Santos,Moderate,31,2.5,28,10.5,Rain
R02150,Mumbai,Buenos Aires,Low,14,1.0,4,17.5,Overcast
R02151,Valencia,Piraeus,Moderate,30,2.6,21,8.5,Rain
R02152,Piraeus,New York,High,42,5.3,62,3.8,Storm
R02153,Singapore,Santos,Low,16,0.7,2,17.0,Fair
R02154,Buenos Aires,Auckland,High,42,4.8,72,3.6,Storm
R02155,Chennai,Felixstowe,High,49,4.8,63,4.7,Storm
R02156,Kochi,Felixstowe,Moderate,30,2.1,16,9.9,Rain
R02157,Istanbul,London,High,48,5.5,65,3.5,Storm
R02158,Hong Kong,Mumbai,High,41,4.1,51,5.6,Squall
R02159,Durban,Shanghai,High,43,4.2,63,5.0,Squall
R02160,Singapore,Colombo,Low,15,0.9,4,15.9,Overcast
R02161,Chennai,Busan,Moderate,30,2.7,22,8.9,Rain
R02162,Chennai,Dar es Salaam,Moderate,29,2.6,14,10.0,Overcast
R02163,Los Angeles,Mumbai,Moderate,27,2.3,17,9.2,Rain
R02164,Dubai,Felixstowe,High,43,5.6,96,4.2,Storm
R02165,Hamburg,Hong Kong,Low,17,0.8,3,18.0,Overcast
R02166,Shanghai,Rotterdam,Low,19,1.0,4,15.0,Overcast
R02167,Istanbul,Rotterdam,Low,14,0.7,3,16.3,Overcast
R02168,Colombo,Cape Town,High,50,4.2,79,4.1,Storm
R02169,Cape Town,Los Angeles,High,48,5.4,88,3.2,Storm
R02170,Istanbul,Rotterdam,High,48,4.0,76,6.0,Storm
R02171,Jebel Ali,Cape Town,High,46,5.3,88,4.1,Storm
R02172,Piraeus,Melbourne,Moderate,30,2.6,27,10.4,Rain
R02173,Kochi,Dar es Salaam,Moderate,28,2.3,13,10.4,Overcast
R02174,Singapore,Colombo,Moderate,28,2.5,18,9.7,Rain
R02175,Istanbul,Valencia,Low,12,1.0,3,14.4,Fair
R02176,Santos,Vancouver,Low,17,0.9,3,14.7,Fair
R02177,Santos,Vancouver,High,49,4.6,55,5.7,Storm
R02178,Cape Town,Buenos Aires,High,50,4.3,90,3.8,Storm
R02179,Santos,Los Angeles,High,49,5.5,89,4.1,Storm
R02180,New York,Singapore,Low,11,1.0,4,16.3,Overcast
R02181,Los Angeles,Chennai,Low,18,0.9,5,17.8,Overcast
R02182,Hamburg,Tokyo,Moderate,30,2.7,23,8.5,Rain
R02183,London,Vancouver,Moderate,28,2.6,23,9.2,Rain
R02184,Piraeus,Rotterdam,Low,15,1.2,3,15.9,Fair
R02185,Los Angeles,Singapore,Low,16,0.9,3,15.7,Overcast
R02186,Kochi,Dubai,High,38,4.7,61,6.5,Squall
R02187,Chennai,Auckland,Moderate,24,2.7,16,9.7,Rain
R02188,Singapore,Durban,Low,14,1.3,6,15.9,Overcast
R02189,Melbourne,Los Angeles,Moderate,27,2.0,23,9.7,Rain
R02190,Mumbai,Vancouver,Low,17,1.0,3,15.5,Fair
R02191,Colombo,Sydney,High,48,4.7,79,4.6,Storm
R02192,Piraeus,Busan,High,51,4.2,61,3.3,Storm
R02193,London,Los Angeles,Moderate,28,2.7,25,8.4,Rain
R02194,Auckland,Sydney,High,38,5.3,47,5.6,Storm
R02195,New York,Mombasa,Moderate,31,2.7,27,10.2,Rain
R02196,London,Singapore,Moderate,28,2.0,21,9.1,Rain
R02197,Chennai,Colombo,Moderate,26,2.5,21,10.6,Rain
R02198,Colombo,Piraeus,Moderate,25,2.3,23,10.2,Rain
R02199,Busan,Mombasa,High,43,4.4,77,5.8,Squall
R02200,Mombasa,Chennai,Low,14,0.9,4,19.0,Overcast
R02201,Jebel Ali,Piraeus,Low,11,0.6,4,17.4,Overcast
R02202,Kochi,Auckland,Low,14,0.9,2,16.9,Fair
R02203,Mombasa,Cape Town,High,47,4.5,82,4.3,Storm
R02204,Tokyo,Kochi,Moderate,26,2.5,22,10.9,Rain
R02205,Dar es Salaam,Singapore,High,47,4.0,66,5.9,Storm
R02206,Sydney,Piraeus,Moderate,27,2.2,24,9.9,Rain
R02207,Buenos Aires,Chennai,Moderate,27,2.3,18,10.7,Rain
R02208,Jebel Ali,Colombo,Moderate,28,2.4,14,11.2,Overcast
R02209,Singapore,Melbourne,Moderate,28,2.6,26,10.4,Rain
R02210,Felixstowe,Hong Kong,Moderate,28,2.7,19,10.6,Rain
R02211,Buenos Aires,Shanghai,Moderate,28,2.7,26,8.5,Rain
R02212,Felixstowe,Rotterdam,High,52,4.8,97,3.9,Storm
R02213,London,Valencia,Moderate,30,2.9,19,7.9,Rain
R02214,Mumbai,Santos,Low,17,1.1,5,17.4,Overcast
R02215,Sydney,Istanbul,Moderate,25,2.5,22,9.6,Rain
R02216,Auckland,Hamburg,Moderate,26,2.4,26,10.7,Rain
R02217,Colombo,Mumbai,High,49,5.2,93,3.7,Storm
R02218,Felixstowe,Los Angeles,Moderate,27,2.5,20,10.0,Rain
R02219,Shanghai,Tokyo,High,45,4.9,69,3.9,Storm
R02220,Sydney,Cape Town,High,47,5.1,65,4.8,Storm
R02221,New York,London,Moderate,31,2.4,20,10.0,Rain
R02222,Buenos Aires,Durban,High,47,5.3,50,4.2,Storm
R02223,Vancouver,Colombo,High,38,5.0,78,5.8,Squall
R02224,Los Angeles,Felixstowe,Moderate,28,2.1,25,8.9,Rain
R02225,New York,Shanghai,High,43,5.4,85,5.4,Storm
R02226,Mombasa,Jebel Ali,High,48,4.1,96,5.7,Storm
R02227,Vancouver,Durban,Low,12,0.8,3,16.8,Overcast
R02228,Busan,Dubai,High,51,5.2,81,5.1,Storm
R02229,Piraeus,Busan,Low,15,1.2,3,18.0,Overcast
R02230,Felixstowe,Hamburg,Low,14,1.2,5,13.4,Overcast
R02231,Los Angeles,Tokyo,Low,17,1.0,5,18.3,Overcast
R02232,Jebel Ali,Mombasa,Low,12,1.1,2,15.8,Fair
R02233,Istanbul,Sydney,Moderate,26,2.4,15,9.4,Rain
R02234,Dar es Salaam,Cape Town,Moderate,30,2.2,24,9.8,Rain
R02235,Busan,New York,Moderate,25,2.0,15,10.8,Rain
R02236,Durban,Cape Town,High,40,4.5,58,5.5,Squall
R02237,Piraeus,Chennai,Low,18,0.9,5,17.0,Overcast
R02238,Tokyo,Mombasa,High,46,5.0,78,4.2,Storm
R02239,Istanbul,Santos,Low,15,1.2,4,17.6,Overcast
R02240,Dubai,Cape Town,High,40,4.2,48,4.3,Squall
R02241,Vancouver,Jebel Ali,Low,16,1.0,4,16.7,Overcast
R02242,Santos,Hong Kong,High,47,3.8,74,4.3,Storm
R02243,Felixstowe,Tokyo,Moderate,27,2.4,15,9.1,Rain
R02244,Durban,Hong Kong,High,42,5.3,80,4.0,Storm
R02245,Shanghai,Felixstowe,Low,13,0.8,5,14.3,Overcast
R02246,Shanghai,Valencia,High,52,5.3,68,3.8,Storm
R02247,Tokyo,Melbourne,Low,14,0.9,2,15.3,Fair
R02248,Tokyo,Piraeus,Moderate,28,2.4,17,10.4,Rain
R02249,Melbourne,Istanbul,High,44,4.6,78,3.4,Storm
R02250,Shanghai,Singapore,Low,16,1.1,5,15.8,Overcast
R02251,London,Colombo,Low,14,0.9,4,15.0,Overcast
R02252,New York,London,High,48,4.7,64,3.8,Storm
R02253,Buenos Aires,Dar es Salaam,Low,14,1.1,3,17.7,Fair
R02254,Felixstowe,New York,High,42,4.6,78,4.6,Squall
R02255,Auckland,Tokyo,Low,13,1.2,3,17.6,Overcast
R02256,London,Chennai,Low,13,1.2,2,17.8,Fair
R02257,Sydney,Durban,Moderate,28,2.1,15,9.8,Rain
R02258,Valencia,Piraeus,High,40,4.6,86,5.0,Squall
R02259,Tokyo,Kochi,Moderate,27,2.2,19,8.9,Rain
R02260,Vancouver,London,High,44,4.7,99,3.1,Storm
R02261,Auckland,Colombo,Low,12,1.1,3,18.2,Overcast
R02262,Jebel Ali,Rotterdam,Moderate,30,2.5,23,8.6,Rain
R02263,Vancouver,Santos,Moderate,26,2.8,16,9.5,Rain
R02264,Valencia,Busan,Low,14,1.3,2,14.4,Fair
R02265,Chennai,London,High,41,4.2,63,5.7,Squall
R02266,Rotterdam,New York,High,45,4.6,67,5.9,Storm
R02267,Los Angeles,Hong Kong,Low,19,1.0,5,14.9,Overcast
R02268,Auckland,Tokyo,Low,14,0.8,3,15.5,Overcast
R02269,Vancouver,Sydney,Low,18,1.1,3,14.3,Overcast
R02270,Shanghai,Los Angeles,Low,17,1.0,4,17.4,Overcast
R02271,Santos,Rotterdam,Moderate,26,2.3,25,9.7,Rain
R02272,Piraeus,Kochi,Low,13,0.9,4,15.2,Overcast
R02273,Dar es Salaam,Los Angeles,Low,14,1.1,3,16.0,Overcast
R02274,Dubai,Vancouver,Moderate,31,2.3,17,8.5,Rain
R02275,Chennai,Durban,High,45,4.9,55,5.3,Storm
R02276,Auckland,London,High,40,5.2,70,4.2,Storm
R02277,Sydney,Auckland,Low,14,1.0,4,17.4,Overcast
R02278,Valencia,Rotterdam,High,50,4.4,96,5.0,Storm
R02279,Auckland,Vancouver,Low,12,1.0,6,17.7,Overcast
R02280,Busan,Dar es Salaam,High,46,4.3,68,4.6,Storm
R02281,Vancouver,Istanbul,High,46,4.4,85,4.3,Storm
R02282,Cape Town,Hong Kong,High,46,4.3,63,6.0,Storm
R02283,Hong Kong,Singapore,High,40,4.8,75,5.3,Squall
R02284,Durban,Los Angeles,High,49,5.0,83,5.1,Storm
R02285,Dubai,Los Angeles,Moderate,26,2.5,24,9.1,Rain
R02286,Tokyo,Hong Kong,Moderate,26,2.8,17,10.1,Rain
R02287,Dubai,Los Angeles,Low,12,0.9,3,15.6,Overcast
R02288,Rotterdam,Santos,Moderate,29,2.2,18,9.2,Rain
R02289,Dubai,Chennai,Low,14,1.1,1,16.9,Fair
R02290,Singapore,Melbourne,Moderate,28,1.9,19,10.6,Rain
R02291,Busan,Piraeus,Low,18,1.2,4,14.8,Overcast
R02292,Singapore,Auckland,High,49,5.3,72,4.3,Storm
R02293,Auckland,Mombasa,Moderate,26,2.0,17,10.5,Rain
R02294,Dar es Salaam,Busan,High,43,4.6,77,3.5,Storm
R02295,Rotterdam,Los Angeles,Moderate,27,2.1,18,9.6,Rain
R02296,Mombasa,Felixstowe,Low,18,1.0,5,15.6,Overcast
R02297,Rotterdam,Melbourne,High,48,5.0,73,4.4,Storm
R02298,Shanghai,Chennai,Low,18,1.2,4,17.3,Overcast
R02299,London,Cape Town,Moderate,26,2.5,17,9.6,Rain
R02300,Valencia,Istanbul,High,39,4.3,88,4.3,Squall
R02301,Buenos Aires,New York,Low,15,0.7,3,15.7,Fair
R02302,Mombasa,Tokyo,Low,12,1.1,5,14.8,Overcast
R02303,Auckland,Tokyo,High,45,4.5,67,4.4,Squall
R02304,Durban,Colombo,Moderate,30,2.4,22,10.3,Rain
R02305,Jebel Ali,Colombo,Low,17,0.9,5,18.3,Overcast
R02306,Rotterdam,Piraeus,High,46,5.0,57,4.6,Storm
R02307,Melbourne,Piraeus,High,49,5.0,86,4.7,Storm
R02308,Mumbai,Rotterdam,Moderate,30,2.2,27,8.7,Rain
R02309,Auckland,Kochi,High,39,5.2,87,3.9,Storm
R02310,Jebel Ali,Felixstowe,High,48,4.7,70,4.7,Storm
R02311,Durban,Los Angeles,High,50,5.0,94,5.3,Storm
R02312,Busan,Los Angeles,High,49,4.9,72,4.4,Storm
R02313,Istanbul,New York,High,43,4.7,89,5.2,Squall
R02314,Los Angeles,London,Low,17,1.2,2,17.5,Fair
R02315,Valencia,Mumbai,Low,17,0.6,3,17.5,Fair
R02316,Tokyo,Kochi,Moderate,27,2.1,18,8.7,Rain
R02317,Shanghai,Rotterdam,Moderate,26,2.7,23,10.3,Rain
R02318,Auckland,Hamburg,Low,19,1.2,5,13.8,Overcast
R02319,Hamburg,Mumbai,Low,13,0.9,4,16.1,Overcast
R02320,Santos,Singapore,Moderate,28,2.3,19,8.9,Rain
R02321,Kochi,Mumbai,High,45,4.5,54,5.8,Squall
R02322,Singapore,Santos,Low,14,1.1,5,16.8,Overcast
R02323,Tokyo,Busan,High,45,4.9,61,5.1,Squall
R02324,New York,Valencia,High,40,4.6,94,5.6,Squall
R02325,Istanbul,Colombo,High,44,5.1,66,5.5,Storm
R02326,Piraeus,Rotterdam,Moderate,30,2.2,25,10.4,Rain
R02327,Hong Kong,Sydney,High,39,4.6,72,5.6,Squall
R02328,Istanbul,Melbourne,Low,14,1.2,5,14.8,Overcast
R02329,London,Vancouver,Moderate,25,2.5,15,10.0,Overcast
R02330,Shanghai,Singapore,Low,12,1.0,4,17.1,Overcast
R02331,Hong Kong,Piraeus,Low,14,0.9,3,17.3,Overcast
R02332,Colombo,Istanbul,Low,18,0.9,2,17.4,Fair
R02333,Kochi,Tokyo,Moderate,25,2.2,18,10.7,Rain
R02334,Mumbai,Rotterdam,High,47,4.2,75,4.1,Storm
R02335,Jebel Ali,Colombo,Low,10,0.8,4,16.7,Overcast
R02336,Kochi,Santos,Low,15,0.9,2,14.9,Fair
R02337,New York,Santos,High,44,4.7,69,5.4,Squall
R02338,Valencia,Cape Town,High,44,4.5,71,3.5,Storm
R02339,Buenos Aires,Jebel Ali,Moderate,27,2.2,18,8.8,Rain
R02340,Los Angeles,Dubai,High,46,4.8,65,5.9,Storm
R02341,Felixstowe,Singapore,Low,15,1.2,2,16.3,Fair
R02342,Mumbai,Hong Kong,Moderate,25,2.0,19,11.3,Rain
R02343,Los Angeles,Santos,High,42,5.0,100,3.4,Storm
R02344,Singapore,Santos,Low,14,0.9,3,15.8,Fair
R02345,Valencia,Jebel Ali,High,44,4.4,66,3.6,Storm
R02346,Busan,Vancouver,Low,14,0.7,4,15.8,Overcast
R02347,Mumbai,Los Angeles,Moderate,29,2.2,21,11.2,Rain
R02348,Istanbul,Hamburg,Low,17,0.8,3,17.5,Overcast
R02349,Colombo,Chennai,Moderate,25,2.3,18,11.3,Rain
R02350,Busan,Rotterdam,Low,15,1.1,3,16.4,Fair
R02351,Singapore,Durban,Low,15,1.1,5,14.8,Overcast
R02352,Chennai,Busan,Low,13,1.0,2,16.0,Fair
R02353,Jebel Ali,Kochi,High,44,5.4,85,4.4,Storm
R02354,Chennai,Istanbul,Moderate,26,2.3,17,9.2,Rain
R02355,Los Angeles,Tokyo,High,40,3.9,66,3.6,Storm
R02356,Santos,Vancouver,Moderate,24,2.6,26,10.5,Rain
R02357,Hamburg,Santos,High,43,4.6,54,3.8,Storm
R02358,Shanghai,Melbourne,High,51,4.2,77,5.7,Storm
R02359,Hong Kong,Sydney,Moderate,30,2.5,18,9.4,Rain
R02360,Mumbai,Hamburg,Low,17,1.1,3,17.1,Fair
R02361,Valencia,Dubai,High,44,4.5,62,5.3,Squall
R02362,Istanbul,Melbourne,Low,14,0.6,5,16.1,Overcast
R02363,Jebel Ali,Auckland,Low,18,0.8,3,15.2,Fair
R02364,Busan,Istanbul,Moderate,26,2.0,18,8.8,Rain
R02365,Vancouver,Sydney,Moderate,27,2.3,20,10.4,Rain
R02366,Colombo,Tokyo,High,43,4.6,70,4.7,Squall
R02367,Dubai,Kochi,Low,17,0.9,5,14.5,Overcast
R02368,Dar es Salaam,Singapore,Moderate,27,2.0,18,10.2,Rain
R02369,Melbourne,Mombasa,Moderate,25,2.3,13,9.6,Overcast
R02370,Vancouver,Chennai,High,47,4.2,54,5.3,Storm
R02371,Busan,Tokyo,High,44,5.1,70,4.9,Storm
R02372,Cape Town,Tokyo,Low,13,1.1,6,17.9,Overcast
R02373,Mombasa,Auckland,Moderate,27,2.3,22,9.2,Rain
R02374,Melbourne,Vancouver,High,48,4.4,83,5.7,Storm
R02375,New York,Los Angeles,Low,15,0.7,4,16.5,Overcast
R02376,Santos,Vancouver,High,50,5.6,93,4.8,Storm
R02377,London,Singapore,Low,15,0.7,2,14.6,Fair
R02378,Istanbul,Durban,Moderate,30,2.0,21,10.0,Rain
R02379,Mombasa,London,Moderate,28,2.7,29,9.2,Rain
R02380,New York,Rotterdam,High,46,5.1,64,3.6,Storm
R02381,Jebel Ali,Piraeus,Low,13,1.0,4,15.4,Overcast
R02382,Mumbai,Felixstowe,Moderate,29,2.6,27,10.5,Rain
R02383,Kochi,Hong Kong,Low,13,1.0,2,18.6,Fair
R02384,Jebel Ali,Istanbul,Moderate,26,2.4,20,8.4,Rain
R02385,Busan,Durban,High,46,4.5,75,4.2,Storm
R02386,Singapore,Hong Kong,High,41,5.0,69,4.4,Storm
R02387,Santos,New York,High,40,4.7,63,5.9,Squall
R02388,Cape Town,Chennai,Low,15,1.1,5,14.5,Overcast
R02389,Sydney,Piraeus,Moderate,30,2.5,25,10.3,Rain
R02390,Busan,Dubai,Moderate,26,2.3,25,8.7,Rain
R02391,Valencia,Shanghai,Moderate,29,2.2,23,9.0,Rain
R02392,Shanghai,New York,Low,16,1.1,3,16.5,Fair
R02393,New York,Kochi,Low,12,0.9,6,15.7,Overcast
R02394,Durban,Dar es Salaam,Low,12,0.8,5,14.8,Overcast
R02395,Buenos Aires,Santos,High,41,4.6,70,3.4,Storm
R02396,Piraeus,Busan,Low,14,1.0,5,14.7,Overcast
R02397,Valencia,Los Angeles,Moderate,27,2.5,28,8.9,Rain
R02398,Cape Town,London,Moderate,30,2.5,28,8.3,Rain
R02399,Felixstowe,London,Moderate,31,2.7,27,10.2,Rain
R02400,Piraeus,Rotterdam,High,52,4.6,73,4.0,Storm
R02401,Jebel Ali,Hamburg,Moderate,26,2.7,16,10.7,Rain
R02402,Colombo,Tokyo,Low,15,1.0,6,17.7,Overcast
R02403,Dubai,Busan,High,47,5.2,78,5.7,Storm
R02404,Buenos Aires,Mumbai,High,44,3.8,78,5.5,Squall
R02405,Colombo,Los Angeles,Low,14,0.8,6,15.4,Overcast
R02406,Chennai,Durban,High,40,4.9,82,5.1,Squall
R02407,Dubai,Hamburg,High,48,5.0,64,3.3,Storm
R02408,Valencia,London,Low,12,0.7,5,17.0,Overcast
R02409,New York,Colombo,Moderate,24,1.9,15,10.5,Rain
R02410,Mumbai,Los Angeles,Moderate,26,2.2,21,10.2,Rain
R02411,Chennai,Rotterdam,High,51,4.4,71,3.8,Storm
R02412,New York,Buenos Aires,Low,17,0.8,4,15.1,Overcast
R02413,Mumbai,Los Angeles,Low,10,0.8,2,15.1,Fair
R02414,Santos,Busan,Moderate,27,2.8,22,9.9,Rain
R02415,Hong Kong,Valencia,Moderate,29,2.5,18,10.1,Rain
R02416,Istanbul,Buenos Aires,Low,12,1.0,4,16.3,Overcast
R02417,Dar es Salaam,Hong Kong,Low,11,1.1,2,15.6,Fair
R02418,Durban,Felixstowe,Moderate,27,2.5,25,9.9,Rain
R02419,Cape Town,Mumbai,Low,13,0.8,5,16.1,Overcast
R02420,Sydney,Rotterdam,Low,13,0.8,4,16.0,Overcast
R02421,Auckland,Mumbai,High,43,5.5,95,3.8,Storm
R02422,Dubai,Dar es Salaam,Moderate,28,2.1,25,9.1,Rain
R02423,Hamburg,Dar es Salaam,Moderate,29,2.5,18,9.7,Rain
R02424,Tokyo,Colombo,Moderate,28,2.3,20,10.7,Rain
R02425,Hamburg,Hong Kong,High,42,4.3,68,4.9,Squall
R02426,Istanbul,Tokyo,High,50,4.8,59,5.2,Storm
R02427,Singapore,Hamburg,High,43,5.3,73,6.0,Storm
R02428,Colombo,Valencia,Low,12,0.9,5,16.5,Overcast
R02429,Hong Kong,Kochi,High,44,3.8,74,4.7,Squall
R02430,Shanghai,Istanbul,Moderate,26,2.3,18,9.7,Rain
R02431,Durban,Mombasa,Moderate,27,2.4,24,9.4,Rain
R02432,Rotterdam,Buenos Aires,Moderate,29,2.7,20,8.0,Rain
R02433,Piraeus,Durban,Low,13,1.1,3,17.1,Fair
R02434,Los Angeles,Melbourne,High,44,5.2,60,3.9,Storm
R02435,Durban,Cape Town,Low,19,0.8,5,13.9,Overcast
R02436,Dubai,Santos,Moderate,29,1.8,19,8.9,Rain
R02437,Istanbul,Hamburg,High,52,5.1,79,3.6,Storm
R02438,Istanbul,Valencia,Moderate,30,2.3,27,10.7,Rain
R02439,Piraeus,Cape Town,High,44,4.9,82,4.2,Squall
R02440,Hamburg,Chennai,Low,16,1.0,2,14.9,Fair
R02441,Jebel Ali,Santos,Moderate,29,2.6,29,10.6,Rain
R02442,Jebel Ali,Hamburg,Low,15,1.2,3,16.6,Overcast
R02443,Kochi,Istanbul,Low,14,0.8,3,14.2,Overcast
R02444,Durban,Felixstowe,Moderate,25,2.5,14,10.1,Overcast
R02445,Piraeus,Hong Kong,Moderate,29,1.9,24,10.7,Rain
R02446,Jebel Ali,Melbourne,Moderate,25,2.4,25,10.7,Rain
R02447,Valencia,Istanbul,Moderate,30,2.4,20,11.0,Rain
R02448,Colombo,Felixstowe,High,52,5.8,69,4.0,Storm
R02449,Mombasa,Busan,High,47,4.7,90,4.5,Storm
R02450,Melbourne,Santos,Moderate,31,2.3,26,8.4,Rain
R02451,Rotterdam,Mombasa,High,40,5.1,65,4.2,Storm
R02452,Busan,Piraeus,Low,13,1.1,4,17.3,Overcast
R02453,Singapore,Felixstowe,High,39,4.6,86,4.4,Squall
R02454,Mumbai,Valencia,Low,17,1.2,3,17.7,Overcast
R02455,Piraeus,Sydney,Moderate,30,2.1,28,10.0,Rain
R02456,Shanghai,Kochi,Low,13,1.0,6,18.0,Overcast
R02457,Rotterdam,Jebel Ali,Moderate,30,2.4,18,9.7,Rain
R02458,Hong Kong,Dar es Salaam,Low,11,1.2,3,14.6,Overcast
R02459,Cape Town,Chennai,High,45,4.7,88,4.3,Squall
R02460,Colombo,Busan,Low,15,1.1,3,15.8,Fair
R02461,Mumbai,Shanghai,High,49,5.2,52,4.6,Storm
R02462,Jebel Ali,Dar es Salaam,Moderate,30,2.1,27,10.8,Rain
R02463,Kochi,Colombo,Low,10,0.6,5,16.8,Overcast
R02464,Santos,Dar es Salaam,High,46,4.1,62,6.2,Storm
R02465,London,Busan,Low,13,1.0,4,17.0,Overcast
R02466,Busan,Los Angeles,Moderate,29,2.7,16,8.6,Rain
R02467,Mombasa,Istanbul,High,44,4.6,72,4.3,Squall
R02468,Dubai,Istanbul,High,47,4.4,64,4.9,Storm
R02469,Shanghai,Dar es Salaam,Low,16,1.2,2,17.4,Fair
R02470,Melbourne,London,Moderate,28,2.8,16,10.0,Rain
R02471,Cape Town,New York,High,48,5.1,85,3.8,Storm
R02472,Kochi,Singapore,Low,12,1.0,3,18.6,Overcast
R02473,Buenos Aires,Jebel Ali,Moderate,25,2.7,16,8.6,Rain
R02474,Tokyo,Rotterdam,Low,13,1.4,5,15.7,Overcast
R02475,Hamburg,Vancouver,Moderate,29,2.2,27,10.0,Rain
R02476,Tokyo,Shanghai,High,49,5.1,75,3.5,Storm
R02477,Melbourne,New York,Low,13,1.0,3,14.4,Overcast
R02478,Jebel Ali,Tokyo,High,49,4.8,59,3.8,Storm
R02479,Melbourne,Vancouver,High,42,5.2,95,4.2,Storm
R02480,Chennai,Jebel Ali,High,39,4.1,76,4.7,Squall
R02481,Buenos Aires,Hong Kong,Moderate,25,2.0,19,10.6,Rain
R02482,Jebel Ali,Sydney,Low,16,0.8,3,15.2,Fair
R02483,Dubai,Auckland,Moderate,24,2.1,20,10.8,Rain
R02484,Busan,Kochi,Low,16,0.9,4,16.1,Overcast
R02485,Santos,Mombasa,Low,12,0.9,1,19.1,Fair
R02486,Felixstowe,Vancouver,High,41,5.5,98,4.9,Storm
R02487,Singapore,Dar es Salaam,High,46,4.6,74,4.9,Storm
R02488,Kochi,New York,High,45,5.4,78,3.5,Storm
R02489,Hamburg,Shanghai,Low,16,0.8,3,15.6,Overcast
R02490,Durban,Auckland,Low,13,1.1,3,17.0,Fair
R02491,Santos,Valencia,Low,18,1.3,5,15.0,Overcast
R02492,Cape Town,Busan,Low,12,0.6,5,17.0,Overcast
R02493,Dubai,Felixstowe,High,46,5.0,65,4.1,Storm
R02494,Dubai,New York,Moderate,27,2.5,15,8.5,Overcast
R02495,Mumbai,London,High,52,4.6,93,4.8,Storm
R02496,Felixstowe,Sydney,Low,17,0.7,5,18.1,Overcast
R02497,Durban,Istanbul,Low,18,0.9,4,14.2,Overcast
R02498,Piraeus,Mumbai,High,40,5.0,83,4.6,Squall
R02499,Rotterdam,Colombo,Moderate,25,2.0,24,10.8,Rain
R02500,Dubai,Auckland,Moderate,28,2.2,15,9.9,Rain
R02501,Melbourne,Mumbai,High,43,4.8,61,5.1,Squall
R02502,Sydney,London,Low,12,1.0,5,14.5,Overcast
R02503,Kochi,Istanbul,Low,16,0.6,5,16.1,Overcast
R02504,Santos,Jebel Ali,High,42,5.0,82,5.3,Squall
R02505,Auckland,Sydney,Moderate,28,2.1,20,9.8,Rain
R02506,Busan,Valencia,Low,16,0.7,3,14.5,Overcast
R02507,Sydney,Rotterdam,High,47,5.7,94,3.3,Storm
R02508,Cape Town,Hamburg,Moderate,27,2.3,23,9.1,Rain
R02509,Sydney,Singapore,Moderate,29,2.0,22,9.4,Rain
R02510,Mumbai,Jebel Ali,Low,14,1.0,6,16.6,Overcast
R02511,Singapore,Rotterdam,High,45,4.1,62,3.3,Storm
R02512,Melbourne,Cape Town,Moderate,25,2.4,14,9.1,Overcast
R02513,London,Sydney,Low,14,1.0,6,14.5,Overcast
R02514,Mombasa,Auckland,Moderate,30,2.5,18,8.5,Rain
R02515,London,Buenos Aires,High,49,5.1,80,3.3,Storm
R02516,Melbourne,Shanghai,Moderate,26,2.1,16,9.8,Rain
R02517,Jebel Ali,Felixstowe,High,52,4.9,70,3.8,Storm
R02518,Istanbul,Colombo,Low,12,1.0,3,16.5,Overcast
R02519,Hamburg,Sydney,High,48,5.9,98,3.8,Storm
R02520,Cape Town,Dar es Salaam,High,42,5.2,57,4.8,Storm
R02521,Chennai,Buenos Aires,Low,18,1.3,3,16.4,Overcast
R02522,Valencia,London,Moderate,29,2.4,22,10.9,Rain
R02523,Melbourne,Shanghai,High,52,4.3,87,3.5,Storm
R02524,Busan,Buenos Aires,High,44,4.7,89,3.6,Storm
R02525,Buenos Aires,Singapore,Low,10,0.7,2,16.4,Fair
R02526,Vancouver,Istanbul,High,42,3.9,80,3.6,Storm
R02527,Buenos Aires,Hong Kong,High,45,3.9,60,4.1,Squall
R02528,Hong Kong,Vancouver,Moderate,24,2.0,23,10.9,Rain
R02529,Istanbul,Hong Kong,Low,16,1.1,3,14.5,Overcast
R02530,Durban,Dar es Salaam,Low,15,1.0,4,16.9,Overcast
R02531,Dubai,Cape Town,High,53,4.8,86,5.0,Storm
R02532,New York,Hong Kong,Moderate,30,2.2,21,9.6,Rain
R02533,Los Angeles,Busan,Moderate,27,2.5,21,9.5,Rain
R02534,Singapore,Dar es Salaam,High,37,5.2,66,4.4,Storm
R02535,Jebel Ali,Kochi,Low,15,1.0,5,17.9,Overcast
R02536,Hamburg,Santos,Low,14,0.7,4,17.8,Overcast
R02537,Tokyo,Buenos Aires,High,45,4.4,84,3.7,Storm
R02538,Mombasa,Valencia,Moderate,29,2.0,23,9.5,Rain
R02539,Mombasa,Mumbai,Low,14,0.9,3,15.2,Fair
R02540,Shanghai,Buenos Aires,High,39,4.8,79,4.6,Squall
R02541,Valencia,Los Angeles,Low,18,1.0,4,17.4,Overcast
R02542,Rotterdam,Kochi,Low,13,1.2,6,15.9,Overcast
R02543,Rotterdam,Felixstowe,Low,14,0.9,4,14.2,Overcast
R02544,Auckland,Valencia,High,46,5.3,98,5.2,Storm
R02545,Buenos Aires,New York,Moderate,30,2.1,25,9.8,Rain
R02546,Vancouver,Los Angeles,Low,13,0.7,4,15.6,Overcast
R02547,Colombo,Sydney,High,40,4.9,59,4.7,Squall
R02548,Shanghai,Singapore,Moderate,30,2.1,17,11.0,Rain
R02549,Rotterdam,Durban,High,40,5.4,57,5.7,Storm
R02550,Busan,Cape Town,High,46,5.6,90,3.7,Storm
R02551,Busan,Buenos Aires,Moderate,28,2.6,24,8.6,Rain
R02552,Piraeus,Dubai,Low,11,1.2,3,17.2,Fair
R02553,Buenos Aires,Vancouver,High,46,5.0,57,4.5,Storm
R02554,Hong Kong,Piraeus,High,48,5.0,63,4.0,Storm
R02555,Cape Town,Busan,High,42,5.5,81,4.1,Storm
R02556,Piraeus,Cape Town,High,45,5.5,67,4.5,Storm
R02557,Singapore,Vancouver,Low,14,1.0,3,17.5,Overcast
R02558,Chennai,Sydney,Moderate,25,2.3,15,10.2,Rain
R02559,Hamburg,Dar es Salaam,High,48,4.4,60,4.8,Storm
R02560,London,Auckland,Low,13,0.9,4,17.0,Overcast
R02561,Jebel Ali,Dar es Salaam,Moderate,29,2.7,21,10.6,Rain
R02562,Dar es Salaam,Busan,Low,14,0.6,5,17.6,Overcast
R02563,Melbourne,Durban,Moderate,25,2.1,15,11.0,Rain
R02564,Tokyo,Santos,Low,12,0.7,2,15.9,Fair
R02565,Sydney,Piraeus,High,40,4.8,84,4.4,Squall
R02566,Jebel Ali,Santos,Low,15,1.1,3,17.1,Overcast
R02567,Cape Town,Vancouver,High,43,5.5,62,5.4,Storm
R02568,Piraeus,Dar es Salaam,Moderate,31,2.1,28,8.8,Rain
R02569,London,Tokyo,High,44,4.1,85,3.8,Storm
R02570,Jebel Ali,Piraeus,High,46,4.2,91,4.4,Storm
R02571,Valencia,Durban,Moderate,30,2.6,18,10.1,Rain
R02572,Buenos Aires,Sydney,High,41,4.6,81,4.0,Storm
R02573,Colombo,Los Angeles,Moderate,25,2.3,21,8.4,Rain
R02574,Singapore,Auckland,Low,14,0.9,5,15.8,Overcast
R02575,Santos,New York,High,49,4.4,92,4.8,Storm
R02576,Hong Kong,Sydney,Moderate,30,2.0,16,10.0,Rain
R02577,Auckland,Dar es Salaam,Moderate,29,2.5,18,9.3,Rain
R02578,Colombo,Durban,Moderate,25,2.5,18,10.5,Rain
R02579,Shanghai,Vancouver,High,46,4.5,78,3.7,Storm
R02580,Los Angeles,Tokyo,High,43,4.8,76,5.8,Squall
R02581,Dubai,New York,High,47,5.3,68,4.2,Storm
R02582,New York,Los Angeles,Moderate,28,2.2,18,11.1,Rain
R02583,Vancouver,New York,Low,13,1.2,5,17.2,Overcast
R02584,New York,Rotterdam,High,50,5.5,94,4.7,Storm
R02585,Sydney,Busan,Moderate,29,2.3,24,8.2,Rain
R02586,Mumbai,Melbourne,High,49,4.3,64,4.6,Storm
R02587,Piraeus,Valencia,Moderate,29,2.5,19,9.8,Rain
R02588,Kochi,Valencia,High,42,5.4,82,4.9,Storm
R02589,Santos,Chennai,High,42,4.5,64,4.2,Squall
R02590,Chennai,Piraeus,Low,15,1.2,3,17.5,Overcast
R02591,Dar es Salaam,Tokyo,Moderate,25,2.6,20,9.1,Rain
R02592,Jebel Ali,Melbourne,Moderate,26,2.3,25,10.4,Rain
R02593,Shanghai,Chennai,Moderate,27,2.6,26,10.4,Rain
R02594,London,Chennai,Moderate,30,2.2,18,10.1,Rain
R02595,Cape Town,Singapore,High,46,4.7,57,5.8,Storm
R02596,Shanghai,Piraeus,High,42,5.1,86,3.4,Storm
R02597,Chennai,Cape Town,High,41,5.2,74,5.3,Storm
R02598,Mombasa,Tokyo,Low,14,0.9,2,16.9,Fair
R02599,Kochi,Istanbul,High,47,4.6,63,4.4,Storm
R02600,Mumbai,Hamburg,Moderate,28,2.1,23,10.2,Rain
R02601,Melbourne,Tokyo,Low,18,1.2,5,15.5,Overcast
R02602,Hamburg,New York,High,50,4.6,88,5.1,Storm
R02603,Felixstowe,Busan,Low,15,1.2,4,16.3,Overcast
R02604,Chennai,Auckland,Moderate,29,1.9,13,9.3,Overcast
R02605,Santos,Tokyo,Moderate,25,2.1,26,9.5,Rain
R02606,Mumbai,Durban,Moderate,28,2.4,17,9.1,Rain
R02607,Dar es Salaam,Piraeus,Low,16,1.1,5,16.0,Overcast
R02608,Jebel Ali,Sydney,High,45,4.0,58,5.9,Squall
R02609,Chennai,Tokyo,Low,12,0.7,5,15.2,Overcast
R02610,Shanghai,Busan,Moderate,29,2.0,16,10.9,Rain
R02611,Buenos Aires,Hong Kong,High,42,5.6,86,4.9,Storm
R02612,Felixstowe,Santos,Moderate,27,2.6,19,9.5,Rain
R02613,Felixstowe,Jebel Ali,Low,16,1.0,5,16.9,Overcast
R02614,Rotterdam,Tokyo,Moderate,26,2.8,27,8.4,Rain
R02615,Istanbul,Kochi,High,42,4.6,46,5.8,Squall
R02616,Singapore,Felixstowe,Low,14,1.3,5,17.7,Overcast
R02617,New York,Dar es Salaam,Moderate,30,2.2,17,9.0,Rain
R02618,Sydney,Jebel Ali,High,41,3.9,84,4.1,Squall
R02619,Jebel Ali,Durban,High,46,4.2,82,5.7,Storm
R02620,Durban,Tokyo,High,49,5.5,60,3.5,Storm
R02621,Piraeus,New York,Moderate,27,2.3,18,8.5,Rain
R02622,Hamburg,Hong Kong,High,47,5.3,91,5.4,Storm
R02623,Los Angeles,Cape Town,Low,13,0.8,5,16.8,Overcast
R02624,Piraeus,Los Angeles,High,44,5.1,70,5.4,Storm
R02625,Felixstowe,Jebel Ali,Low,15,1.0,6,15.9,Overcast
R02626,Vancouver,Colombo,High,47,4.6,78,5.0,Storm
R02627,Cape Town,Melbourne,Moderate,27,2.7,23,10.4,Rain
R02628,Los Angeles,Dubai,Low,15,1.1,2,18.2,Fair
R02629,London,Melbourne,High,43,4.6,74,4.2,Squall
R02630,Dar es Salaam,Mombasa,Low,12,0.9,4,16.1,Overcast
R02631,Kochi,Hamburg,Moderate,24,2.3,16,9.5,Rain
R02632,Melbourne,Auckland,Moderate,27,2.8,18,8.1,Rain
R02633,Auckland,Felixstowe,Moderate,28,2.1,15,9.5,Overcast
R02634,Melbourne,Vancouver,Moderate,26,2.4,26,8.7,Rain
R02635,Hamburg,Piraeus,Low,14,0.9,6,14.9,Overcast
R02636,Mombasa,Chennai,Moderate,27,2.4,16,8.9,Rain
R02637,New York,Singapore,Low,12,0.9,2,17.9,Fair
R02638,Auckland,Jebel Ali,Low,16,1.0,4,15.1,Overcast
R02639,Istanbul,Piraeus,Moderate,30,2.3,25,10.5,Rain
R02640,Colombo,Santos,High,39,4.3,88,4.9,Squall
R02641,Tokyo,New York,Low,18,1.0,6,15.3,Overcast
R02642,Hamburg,Hong Kong,Moderate,31,2.1,28,10.1,Rain
R02643,Istanbul,Buenos Aires,High,42,5.0,82,5.2,Storm
R02644,Hong Kong,Felixstowe,Low,15,0.8,4,15.4,Overcast
R02645,Dar es Salaam,Los Angeles,Low,15,0.8,2,17.3,Fair
R02646,Busan,Dar es Salaam,High,46,4.8,51,5.4,Storm
R02647,Singapore,New York,Moderate,29,2.6,19,9.0,Rain
R02648,Hong Kong,Melbourne,Low,15,1.0,5,16.3,Overcast
R02649,Cape Town,Jebel Ali,Low,11,0.9,4,17.6,Overcast
R02650,Dar es Salaam,Dubai,Moderate,23,1.9,23,9.8,Rain
R02651,Auckland,Hong Kong,High,44,4.6,65,4.9,Squall
R02652,Kochi,Felixstowe,Low,12,1.1,5,16.8,Overcast
R02653,Hamburg,Melbourne,Low,12,0.8,3,16.2,Fair
R02654,Colombo,Piraeus,High,47,4.2,87,4.4,Storm
R02655,Rotterdam,Hong Kong,Moderate,29,2.1,24,9.4,Rain
R02656,Piraeus,Auckland,Low,14,0.9,5,17.7,Overcast
R02657,Santos,Chennai,Low,15,1.0,2,15.9,Fair
R02658,Busan,Singapore,Low,18,1.0,3,17.8,Fair
R02659,Santos,Durban,High,46,3.9,63,6.0,Storm
R02660,Dar es Salaam,Rotterdam,High,49,5.4,53,4.8,Storm
R02661,Valencia,Sydney,Low,13,1.3,5,14.2,Overcast
R02662,Istanbul,Dubai,Moderate,28,2.3,24,9.6,Rain
R02663,Busan,Mumbai,High,42,4.0,78,4.6,Squall
R02664,Vancouver,Tokyo,Low,18,0.9,2,16.1,Fair
R02665,Jebel Ali,Tokyo,Moderate,28,2.6,16,11.1,Rain
R02666,New York,Durban,Low,16,1.2,1,17.4,Fair
R02667,Chennai,Buenos Aires,Moderate,29,2.6,21,10.5,Rain
R02668,Piraeus,Cape Town,Moderate,28,2.1,15,10.8,Rain
R02669,Felixstowe,Buenos Aires,High,49,4.4,70,3.8,Storm
R02670,Auckland,Vancouver,Low,17,0.9,2,16.0,Fair
R02671,Tokyo,Chennai,High,43,5.4,62,3.9,Storm
R02672,Piraeus,Chennai,Low,18,1.1,3,16.4,Fair
R02673,Istanbul,Los Angeles,Moderate,26,2.3,16,10.2,Rain
R02674,Felixstowe,Mombasa,Moderate,28,2.4,14,10.5,Overcast
R02675,Cape Town,Mombasa,High,46,4.4,74,3.8,Storm
R02676,Busan,Vancouver,Moderate,25,2.0,15,9.4,Overcast
R02677,Tokyo,Cape Town,High,47,4.2,66,4.2,Storm
R02678,Mumbai,Istanbul,Moderate,25,2.6,16,9.9,Rain
R02679,Shanghai,Los Angeles,High,46,4.7,67,4.5,Storm
R02680,Mumbai,Dar es Salaam,Low,12,1.1,5,18.1,Overcast
R02681,Kochi,Jebel Ali,Moderate,25,2.1,23,9.3,Rain
R02682,Melbourne,Cape Town,Moderate,30,2.6,15,10.8,Overcast
R02683,Felixstowe,Los Angeles,Moderate,30,2.5,27,8.6,Rain
R02684,Jebel Ali,Melbourne,Low,15,0.8,4,16.5,Overcast
R02685,Cape Town,Sydney,Moderate,31,2.4,16,10.0,Rain
R02686,Jebel Ali,Dubai,High,42,4.2,67,4.9,Squall
R02687,Tokyo,Melbourne,High,51,4.2,88,4.1,Storm
R02688,Durban,Vancouver,Low,15,1.1,6,16.2,Overcast
R02689,Kochi,Singapore,Moderate,27,2.4,14,11.5,Overcast
R02690,Auckland,Kochi,High,40,4.3,75,4.3,Squall
R02691,Hong Kong,Hamburg,High,49,4.8,93,5.5,Storm
R02692,Chennai,Kochi,Moderate,27,2.1,20,10.1,Rain
R02693,Hamburg,Dar es Salaam,Low,13,1.0,2,17.0,Fair
R02694,London,New York,High,49,4.1,91,5.5,Storm
R02695,Istanbul,Felixstowe,Moderate,29,2.9,24,9.7,Rain
R02696,Dar es Salaam,Hamburg,Low,16,1.1,4,16.4,Overcast
R02697,Sydney,Mombasa,Moderate,29,2.6,24,8.5,Rain
R02698,Hamburg,Valencia,Low,11,1.2,3,14.8,Fair
R02699,Hong Kong,Santos,High,44,5.0,65,4.3,Storm
R02700,Hong Kong,Cape Town,Low,14,1.1,3,15.1,Fair
R02701,Istanbul,Kochi,Moderate,25,2.4,13,8.8,Overcast
R02702,Hong Kong,Shanghai,Low,13,1.1,3,16.5,Overcast
R02703,Cape Town,Melbourne,High,43,5.5,65,3.3,Storm
R02704,Istanbul,Hamburg,High,54,4.4,94,4.0,Storm
R02705,Dar es Salaam,Sydney,Moderate,29,2.0,20,9.9,Rain
R02706,Los Angeles,Auckland,Low,16,1.0,6,14.0,Overcast
R02707,Rotterdam,Dar es Salaam,Moderate,26,2.4,22,10.1,Rain
R02708,Mombasa,Auckland,Low,12,0.8,3,16.5,Fair
R02709,Piraeus,Istanbul,High,50,5.4,62,3.8,Storm
R02710,Busan,Los Angeles,Moderate,28,2.0,24,10.6,Rain
R02711,Jebel Ali,Mumbai,Low,13,1.2,6,14.5,Overcast
R02712,London,Dubai,Low,17,0.9,3,14.6,Overcast
R02713,Jebel Ali,New York,High,40,5.2,83,5.7,Storm
R02714,Mombasa,London,Moderate,25,1.9,13,11.1,Overcast
R02715,Durban,Singapore,Moderate,29,2.5,18,9.6,Rain
R02716,Shanghai,Istanbul,Moderate,25,2.0,14,9.3,Overcast
R02717,Shanghai,London,High,39,4.4,78,4.0,Storm
R02718,Colombo,Felixstowe,Low,17,1.1,2,17.0,Fair
R02719,Mombasa,Rotterdam,Low,18,1.2,6,15.1,Overcast
R02720,Felixstowe,Shanghai,Moderate,27,2.8,23,8.7,Rain
R02721,Busan,Jebel Ali,Moderate,31,2.7,24,10.3,Rain
R02722,Tokyo,Buenos Aires,Low,14,1.2,3,15.0,Fair
R02723,Vancouver,Piraeus,Moderate,29,2.3,22,8.6,Rain
R02724,Piraeus,Kochi,High,45,5.2,62,5.5,Storm
R02725,Felixstowe,Dar es Salaam,Moderate,29,2.7,19,10.6,Rain
R02726,Hong Kong,Felixstowe,High,43,4.8,75,3.7,Storm
R02727,Cape Town,Santos,High,42,4.2,76,4.2,Squall
R02728,Durban,Hamburg,Low,14,1.4,4,15.6,Overcast
R02729,Tokyo,Hamburg,Moderate,27,2.5,27,10.2,Rain
R02730,Dar es Salaam,London,Low,15,0.9,2,17.3,Fair
R02731,Piraeus,Hamburg,Moderate,29,2.5,21,9.4,Rain
R02732,Cape Town,Tokyo,High,48,5.5,93,5.5,Storm
R02733,Mombasa,Piraeus,Moderate,27,2.1,17,10.7,Rain
R02734,London,Durban,Low,17,1.1,6,15.2,Overcast
R02735,Busan,Auckland,High,42,5.2,78,3.5,Storm
R02736,Santos,Felixstowe,Moderate,26,2.2,19,9.5,Rain
R02737,Dar es Salaam,Colombo,Moderate,25,2.0,23,8.8,Rain
R02738,Shanghai,New York,Moderate,30,2.8,23,8.1,Rain
R02739,Buenos Aires,Mombasa,High,49,5.0,95,5.2,Storm
R02740,Istanbul,Mombasa,Moderate,31,2.4,20,10.6,Rain
R02741,Rotterdam,Piraeus,High,53,4.6,98,4.6,Storm
R02742,Piraeus,Vancouver,Moderate,29,2.7,20,8.8,Rain
R02743,Dubai,Durban,Low,16,1.0,4,16.6,Overcast
R02744,Tokyo,Melbourne,Low,13,0.9,2,16.5,Fair
R02745,London,Jebel Ali,High,47,4.7,67,4.6,Storm
R02746,Istanbul,Cape Town,Low,17,1.0,6,15.2,Overcast
R02747,Hamburg,Piraeus,Moderate,30,2.5,24,9.2,Rain
R02748,Dubai,Felixstowe,High,45,5.1,55,3.9,Storm
R02749,Durban,Melbourne,Low,15,1.2,4,17.2,Overcast
R02750,Dubai,Vancouver,Low,16,1.0,3,15.0,Overcast
R02751,Jebel Ali,Kochi,High,52,5.0,72,3.4,Storm
R02752,Singapore,Colombo,Moderate,25,2.0,25,10.8,Rain
R02753,Tokyo,Auckland,Moderate,31,2.5,28,8.3,Rain
R02754,Santos,Mombasa,Moderate,27,2.2,18,9.2,Rain
R02755,Durban,Jebel Ali,Low,12,0.7,3,15.3,Overcast
R02756,Hamburg,Mumbai,High,48,4.4,79,4.0,Storm
R02757,Auckland,Sydney,Moderate,26,2.4,17,9.8,Rain
R02758,Shanghai,Felixstowe,Low,18,0.7,2,15.5,Fair
R02759,Cape Town,Los Angeles,Moderate,28,2.6,22,8.8,Rain
R02760,Mombasa,Istanbul,Moderate,27,2.1,16,10.3,Rain
R02761,Los Angeles,Dar es Salaam,High,45,4.5,82,5.2,Squall
R02762,Cape Town,Dar es Salaam,Low,17,0.9,3,18.1,Overcast
R02763,Durban,Dar es Salaam,High,41,4.4,57,5.3,Squall
R02764,Vancouver,Sydney,Moderate,30,2.2,17,8.6,Rain
R02765,Colombo,Istanbul,Moderate,29,2.1,14,8.8,Overcast
R02766,London,Durban,Low,13,0.8,5,17.7,Overcast
R02767,Auckland,Cape Town,Moderate,27,2.5,18,8.7,Rain
R02768,Istanbul,Sydney,Low,11,1.0,2,18.2,Fair
R02769,Durban,Tokyo,High,47,5.0,97,3.8,Storm
R02770,Dubai,Mumbai,High,47,4.1,75,5.6,Storm
R02771,Cape Town,Felixstowe,Moderate,27,2.2,17,10.0,Rain
R02772,Jebel Ali,Hamburg,High,49,4.4,90,4.5,Storm
R02773,Hamburg,Jebel Ali,Moderate,30,2.4,22,10.4,Rain
R02774,Jebel Ali,Durban,Moderate,30,2.5,23,10.0,Rain
R02775,Santos,Buenos Aires,Moderate,26,2.0,17,9.6,Rain
R02776,Mumbai,Shanghai,Moderate,25,2.1,19,11.1,Rain
R02777,Dubai,Melbourne,High,43,4.0,60,5.9,Squall
R02778,Shanghai,Singapore,Moderate,26,2.4,21,9.5,Rain
R02779,Felixstowe,New York,High,47,4.0,60,5.6,Storm
R02780,Valencia,Kochi,Low,15,1.0,6,17.1,Overcast
R02781,Cape Town,New York,Low,14,0.7,3,16.6,Fair
R02782,Santos,Auckland,High,50,5.0,87,5.5,Storm
R02783,Valencia,Vancouver,Low,12,0.9,3,15.7,Fair
R02784,Melbourne,Vancouver,Low,17,1.3,5,14.2,Overcast
R02785,Durban,Valencia,Low,15,0.8,5,17.3,Overcast
R02786,Dar es Salaam,Istanbul,Low,18,0.8,5,16.2,Overcast
R02787,Busan,Melbourne,High,43,4.3,74,3.6,Storm
R02788,Auckland,Rotterdam,Low,11,0.7,4,15.9,Overcast
R02789,Dubai,Buenos Aires,Moderate,30,2.7,16,11.0,Rain
R02790,Auckland,Vancouver,Low,12,1.2,5,17.4,Overcast
R02791,Sydney,Cape Town,High,45,5.3,82,5.4,Storm
R02792,Mombasa,Vancouver,Low,11,1.1,4,15.2,Overcast
R02793,Vancouver,Buenos Aires,Low,14,1.1,2,16.2,Fair
R02794,Vancouver,Hong Kong,Moderate,26,2.2,26,10.1,Rain
R02795,Santos,Tokyo,Low,14,1.2,3,16.4,Fair
R02796,Buenos Aires,London,Low,12,0.8,5,17.2,Overcast
R02797,Colombo,Tokyo,Low,11,0.9,2,16.5,Fair
R02798,New York,Colombo,Moderate,27,2.4,20,8.3,Rain
R02799,Sydney,Auckland,Moderate,26,2.5,16,10.6,Rain
R02800,Vancouver,Piraeus,Moderate,26,2.2,21,9.3,Rain
R02801,Mumbai,Sydney,Low,14,1.1,3,17.4,Fair
R02802,Cape Town,Kochi,Moderate,25,2.2,18,10.8,Rain
R02803,Colombo,Busan,High,44,4.3,46,6.0,Squall
R02804,London,Felixstowe,Low,13,0.9,3,17.0,Overcast
R02805,Valencia,Vancouver,Moderate,30,2.7,22,9.0,Rain
R02806,Hamburg,Hong Kong,High,42,5.3,67,5.1,Storm
R02807,Auckland,Dubai,High,43,4.5,79,4.7,Squall
R02808,Sydney,Piraeus,Moderate,27,2.3,17,9.9,Rain
R02809,Auckland,Mumbai,High,44,4.3,75,3.7,Storm
R02810,New York,Mumbai,Moderate,26,2.0,17,10.1,Rain
R02811,Busan,Jebel Ali,Low,17,0.8,2,15.8,Fair
R02812,Busan,Jebel Ali,Low,16,0.9,4,16.2,Overcast
R02813,Auckland,Hong Kong,Low,11,0.9,2,16.7,Fair
R02814,Santos,Hamburg,Moderate,29,1.9,16,8.7,Rain
R02815,Colombo,Istanbul,High,43,5.4,54,5.7,Storm
R02816,London,Colombo,High,48,4.2,67,4.0,Storm
R02817,Mumbai,Sydney,High,40,4.8,81,4.0,Squall
R02818,Auckland,Kochi,High,46,5.4,74,4.0,Storm
R02819,Jebel Ali,Piraeus,Low,15,1.0,6,14.7,Overcast
R02820,Tokyo,Istanbul,Moderate,28,2.1,28,10.3,Rain
R02821,Singapore,Auckland,Moderate,25,2.7,22,10.1,Rain
R02822,Cape Town,Rotterdam,High,50,4.9,72,3.7,Storm
R02823,Kochi,Mumbai,High,38,4.4,77,4.0,Storm
R02824,Istanbul,Dubai,High,50,5.4,65,5.1,Storm
R02825,Colombo,Dar es Salaam,Moderate,24,2.6,20,10.8,Rain
R02826,Kochi,Dar es Salaam,High,37,4.8,74,4.5,Squall
R02827,Sydney,Shanghai,High,48,4.9,94,4.9,Storm
R02828,Chennai,Shanghai,High,47,4.4,46,5.7,Storm
R02829,Los Angeles,Rotterdam,Moderate,28,2.1,27,10.0,Rain
R02830,Sydney,Auckland,Low,15,0.9,6,17.5,Overcast
R02831,New York,Istanbul,High,46,4.5,75,5.1,Storm
R02832,London,Jebel Ali,Low,14,1.0,4,14.7,Overcast
R02833,Dar es Salaam,Valencia,Moderate,28,2.0,17,9.0,Rain
R02834,Hong Kong,Los Angeles,Moderate,30,2.5,21,9.5,Rain
R02835,Jebel Ali,Tokyo,High,44,4.8,91,3.9,Storm
R02836,London,Buenos Aires,Moderate,26,2.6,16,8.4,Rain
R02837,Vancouver,Sydney,High,51,4.3,57,5.4,Storm
R02838,Colombo,Tokyo,High,48,4.9,85,5.7,Storm
R02839,Dar es Salaam,Hong Kong,Moderate,25,2.5,22,10.1,Rain
R02840,Mombasa,Hong Kong,Moderate,26,2.4,24,8.8,Rain
R02841,Hong Kong,Dar es Salaam,High,45,5.4,80,6.1,Storm
R02842,Cape Town,Jebel Ali,Low,18,1.2,5,15.8,Overcast
R02843,Buenos Aires,Durban,Moderate,27,2.7,26,9.7,Rain
R02844,Durban,Melbourne,Moderate,29,2.5,17,10.7,Rain
R02845,Hong Kong,Hamburg,Low,13,1.1,3,15.5,Fair
R02846,New York,Kochi,High,43,5.3,99,4.2,Storm
R02847,Los Angeles,Sydney,Moderate,27,2.2,24,9.5,Rain
R02848,Piraeus,London,Moderate,29,2.6,29,9.8,Rain
R02849,Istanbul,Sydney,Moderate,24,2.0,16,9.1,Rain
R02850,Busan,Hong Kong,High,42,4.5,76,5.6,Squall
R02851,Dar es Salaam,Kochi,Moderate,30,2.0,16,10.0,Rain
R02852,Tokyo,Shanghai,Moderate,30,2.7,20,8.9,Rain
R02853,Buenos Aires,Hamburg,High,42,4.5,82,4.9,Squall
R02854,Auckland,Singapore,High,44,4.1,56,6.4,Squall
R02855,Kochi,Cape Town,Low,14,0.8,4,15.4,Overcast
R02856,Hamburg,Valencia,High,47,5.1,95,5.6,Storm
R02857,Mombasa,Dubai,Low,9,1.1,4,16.8,Overcast
R02858,Piraeus,Hamburg,Moderate,28,2.8,23,8.4,Rain
R02859,Singapore,Chennai,Low,13,0.6,5,16.6,Overcast
R02860,Sydney,Hamburg,Low,12,1.3,3,18.0,Fair
R02861,Melbourne,Los Angeles,Moderate,30,2.2,27,9.9,Rain
R02862,Los Angeles,Piraeus,Moderate,31,2.2,18,9.7,Rain
R02863,Kochi,Mumbai,High,43,5.4,87,5.1,Storm
R02864,Durban,Hong Kong,Moderate,30,2.3,15,10.8,Overcast
R02865,Santos,New York,Low,15,0.9,2,18.3,Fair
R02866,Singapore,Chennai,Low,17,1.0,4,18.6,Overcast
R02867,Singapore,London,Moderate,28,2.2,25,9.2,Rain
R02868,Felixstowe,Dubai,High,42,5.5,78,4.1,Storm
R02869,Rotterdam,Los Angeles,High,45,5.6,83,4.7,Storm
R02870,Dubai,Kochi,High,47,4.7,74,3.9,Storm
R02871,Rotterdam,Colombo,High,43,4.3,83,4.6,Squall
R02872,Dubai,Kochi,Moderate,30,2.0,15,8.9,Rain
R02873,Hong Kong,Cape Town,Low,17,1.2,3,17.3,Overcast
R02874,Mombasa,Melbourne,Moderate,25,2.7,15,10.8,Overcast
R02875,Mumbai,Hamburg,Moderate,30,2.7,15,8.3,Rain
R02876,Istanbul,Buenos Aires,Moderate,25,2.0,16,9.1,Rain
R02877,Santos,Rotterdam,High,39,4.9,91,5.7,Squall
R02878,London,Buenos Aires,High,44,5.4,92,3.8,Storm
R02879,Shanghai,Auckland,Moderate,26,2.7,17,10.9,Rain
R02880,Mombasa,London,High,41,4.7,80,4.6,Squall
R02881,Mombasa,Melbourne,Moderate,28,2.3,25,9.3,Rain
R02882,Valencia,Mumbai,Moderate,28,2.4,19,8.6,Rain
R02883,New York,Buenos Aires,High,45,4.9,60,5.4,Squall
R02884,Santos,Felixstowe,Low,14,1.1,3,17.2,Overcast
R02885,Felixstowe,Jebel Ali,Low,17,1.2,3,17.3,Fair
R02886,Shanghai,Hong Kong,Low,12,0.7,5,15.1,Overcast
R02887,Valencia,Cape Town,Low,15,0.7,4,18.2,Overcast
R02888,Tokyo,Colombo,Low,12,1.0,4,17.3,Overcast
R02889,Vancouver,Dar es Salaam,High,48,4.6,68,4.0,Storm
R02890,Mombasa,New York,Low,11,0.6,3,18.4,Fair
R02891,Hong Kong,Shanghai,High,40,4.5,83,4.7,Squall
R02892,Colombo,Vancouver,High,44,5.2,76,3.9,Storm
R02893,Dar es Salaam,Rotterdam,Moderate,27,2.3,24,9.8,Rain
R02894,Buenos Aires,Colombo,Low,14,1.0,2,14.4,Fair
R02895,Istanbul,Auckland,Moderate,27,2.6,19,9.0,Rain
R02896,Hamburg,New York,High,46,4.5,75,5.7,Storm
R02897,Dar es Salaam,Tokyo,Low,18,0.8,3,15.5,Fair
R02898,Kochi,Chennai,High,43,4.4,80,5.4,Squall
R02899,Melbourne,Sydney,Low,11,1.0,4,18.1,Overcast
R02900,Melbourne,Dubai,High,49,4.5,85,4.0,Storm
R02901,Los Angeles,Hong Kong,High,47,5.4,82,3.3,Storm
R02902,Melbourne,Shanghai,High,45,5.0,68,5.9,Squall
R02903,Valencia,Buenos Aires,Low,16,0.6,4,17.3,Overcast
R02904,Dar es Salaam,Dubai,High,45,3.8,83,6.2,Storm
R02905,London,Dar es Salaam,Low,12,0.7,5,18.6,Overcast
R02906,Colombo,New York,Low,13,1.2,5,16.3,Overcast
R02907,Buenos Aires,Chennai,Low,16,0.9,4,16.8,Overcast
R02908,Sydney,Jebel Ali,Low,12,1.1,5,14.9,Overcast
R02909,Mumbai,Mombasa,Moderate,28,2.2,15,9.9,Overcast
R02910,Hong Kong,Los Angeles,High,48,4.0,53,5.8,Storm
R02911,Colombo,Rotterdam,Moderate,25,2.3,14,8.9,Overcast
R02912,Buenos Aires,London,High,46,4.7,93,5.4,Storm
R02913,Dar es Salaam,Los Angeles,High,44,4.3,74,4.8,Squall
R02914,Kochi,Tokyo,High,44,4.7,84,6.1,Squall
R02915,Melbourne,Piraeus,High,42,4.4,88,5.1,Squall
R02916,Santos,Busan,High,43,4.7,67,4.8,Squall
R02917,Dar es Salaam,New York,High,38,3.9,76,6.1,Squall
R02918,Cape Town,Dubai,High,41,4.9,75,5.7,Squall
R02919,New York,Melbourne,Low,16,1.1,6,14.2,Overcast
R02920,Colombo,Felixstowe,High,47,5.6,84,3.8,Storm
R02921,Vancouver,Rotterdam,Low,14,0.9,6,14.5,Overcast
R02922,Istanbul,Sydney,Moderate,30,2.1,17,8.6,Rain
R02923,Los Angeles,Chennai,Moderate,27,2.1,14,10.9,Overcast
R02924,Chennai,Piraeus,Moderate,29,2.0,14,9.1,Overcast
R02925,Sydney,Istanbul,High,48,4.5,75,4.2,Storm
R02926,Chennai,Dar es Salaam,Moderate,29,2.3,14,10.4,Overcast
R02927,Hong Kong,Auckland,High,52,5.1,64,5.0,Storm
R02928,Buenos Aires,Singapore,Low,12,0.9,4,16.6,Overcast
R02929,Melbourne,Kochi,Low,18,0.9,3,14.1,Fair
R02930,London,Felixstowe,High,50,5.5,66,4.9,Storm
R02931,Sydney,Santos,Moderate,31,2.6,26,10.0,Rain
R02932,Melbourne,Hamburg,Low,18,1.2,3,17.3,Overcast
R02933,Jebel Ali,Mumbai,Low,18,1.0,2,18.0,Fair
R02934,Dubai,Melbourne,Low,14,0.9,5,16.9,Overcast
R02935,Dubai,Tokyo,High,46,4.4,101,4.7,Storm
R02936,Felixstowe,Mombasa,High,50,4.3,94,4.1,Storm
R02937,Melbourne,Buenos Aires,High,45,4.4,89,4.0,Storm
R02938,Melbourne,Los Angeles,Moderate,28,2.4,21,9.6,Rain
R02939,Singapore,Rotterdam,Moderate,29,2.5,15,10.7,Overcast
R02940,Valencia,Durban,Low,15,1.0,5,15.0,Overcast
R02941,Santos,Los Angeles,Low,18,0.8,3,15.8,Fair
R02942,Felixstowe,Melbourne,High,47,5.9,76,4.4,Storm
R02943,Rotterdam,Singapore,Moderate,26,2.3,16,9.4,Rain
R02944,Rotterdam,Cape Town,Moderate,26,2.5,28,9.4,Rain
R02945,Cape Town,Santos,Moderate,25,2.0,16,10.7,Rain
R02946,Piraeus,Mumbai,Low,14,0.6,2,15.6,Fair
R02947,Dubai,Buenos Aires,Low,16,0.9,3,16.2,Overcast
R02948,Dar es Salaam,Hamburg,Moderate,27,2.2,18,9.2,Rain
R02949,Colombo,Hamburg,High,43,5.3,61,4.4,Storm
R02950,Colombo,New York,Moderate,27,2.6,22,9.0,Rain
R02951,Cape Town,Hamburg,Moderate,30,2.1,24,10.2,Rain
R02952,Valencia,Dubai,High,51,5.0,64,5.3,Storm
R02953,Cape Town,Durban,High,47,5.5,89,4.7,Storm
R02954,Dar es Salaam,Istanbul,Moderate,29,2.4,23,10.8,Rain
R02955,Cape Town,Dubai,High,45,4.3,84,3.5,Storm
R02956,Singapore,Mombasa,Low,14,0.9,1,18.7,Fair
R02957,Durban,Istanbul,High,47,4.4,92,4.6,Storm
R02958,Mumbai,Kochi,Low,16,1.2,4,16.0,Overcast
R02959,Hamburg,Mumbai,Moderate,31,2.0,23,9.4,Rain
R02960,Vancouver,Buenos Aires,Moderate,28,2.0,17,9.6,Rain
R02961,Buenos Aires,Melbourne,Low,17,1.2,3,15.0,Overcast
R02962,Dubai,Durban,Low,13,1.1,4,14.5,Overcast
R02963,Hong Kong,Hamburg,Moderate,29,2.6,25,9.5,Rain
R02964,Cape Town,Santos,Moderate,28,2.8,21,9.4,Rain
R02965,Busan,Los Angeles,High,43,3.9,88,4.1,Squall
R02966,Jebel Ali,Busan,High,49,4.4,77,3.7,Storm
R02967,Colombo,Auckland,High,43,4.1,73,4.7,Squall
R02968,Hong Kong,Buenos Aires,High,46,4.4,94,4.5,Storm
R02969,Melbourne,New York,High,46,5.5,62,5.3,Storm
R02970,Sydney,Hong Kong,High,42,4.5,64,3.6,Storm
R02971,Durban,London,High,41,4.5,69,5.7,Squall
R02972,Kochi,New York,High,41,5.2,85,3.9,Storm
R02973,Buenos Aires,London,High,47,4.8,54,4.1,Storm
R02974,Vancouver,Jebel Ali,High,44,4.8,89,3.8,Storm
R02975,Auckland,Rotterdam,Moderate,31,2.5,17,9.5,Rain
R02976,Tokyo,Buenos Aires,Moderate,26,2.6,19,9.2,Rain
R02977,Tokyo,Colombo,Moderate,24,2.6,16,10.9,Rain
R02978,Mumbai,Chennai,Moderate,25,2.2,25,9.5,Rain
R02979,Los Angeles,Piraeus,Moderate,30,2.5,24,10.0,Rain
R02980,Dubai,Buenos Aires,Low,14,0.8,5,15.2,Overcast
R02981,Melbourne,Singapore,Low,16,1.1,4,17.5,Overcast
R02982,Los Angeles,Vancouver,Moderate,24,2.5,21,10.5,Rain
R02983,London,Cape Town,Moderate,31,2.8,24,7.9,Rain
R02984,Piraeus,Buenos Aires,High,47,5.4,84,4.5,Storm
R02985,Rotterdam,Mumbai,High,41,4.5,71,5.0,Squall
R02986,Buenos Aires,Valencia,Low,19,1.0,5,17.4,Overcast
R02987,Hong Kong,Sydney,Moderate,27,2.2,23,9.2,Rain
R02988,Kochi,London,High,40,5.1,51,5.9,Storm
R02989,Tokyo,Singapore,High,46,4.6,78,6.2,Storm
R02990,Tokyo,Santos,Moderate,26,2.3,20,9.3,Rain
R02991,Hamburg,New York,High,48,4.7,76,5.3,Storm
R02992,Hong Kong,Mombasa,Low,16,0.8,2,18.1,Fair
R02993,New York,Mumbai,High,41,4.8,73,4.2,Squall
R02994,Dar es Salaam,Melbourne,Low,13,0.7,4,15.8,Overcast
R02995,London,Los Angeles,Low,15,1.3,3,16.3,Fair
R02996,Istanbul,Shanghai,Low,14,0.9,5,16.1,Overcast
R02997,Piraeus,Istanbul,High,50,5.4,96,3.6,Storm
R02998,Tokyo,Jebel Ali,Low,12,1.3,5,15.3,Overcast
R02999,Valencia,Dar es Salaam,Moderate,25,2.6,15,10.1,Overcast
R03000,Dubai,Colombo,High,44,5.0,68,5.2,Storm
R03001,Chennai,Durban,High,50,5.1,66,4.9,Storm
R03002,Auckland,Kochi,High,50,4.8,50,4.6,Storm
R03003,Auckland,Durban,Moderate,30,2.2,15,9.0,Overcast
R03004,Sydney,Valencia,High,45,4.5,99,4.2,Storm
R03005,Chennai,Mombasa,High,38,4.4,48,4.4,Squall
R03006,Singapore,Kochi,High,46,3.7,65,4.8,Storm
R03007,Busan,Tokyo,Low,14,0.9,4,15.0,Overcast
R03008,Hamburg,Tokyo,Low,16,0.9,6,14.9,Overcast
R03009,Auckland,Chennai,High,45,4.6,81,4.2,Squall
R03010,Dubai,New York,Low,13,1.1,4,15.8,Overcast
R03011,Singapore,Melbourne,High,42,4.9,68,3.7,Storm
R03012,Mombasa,Kochi,High,47,4.0,79,6.0,Storm
R03013,Colombo,Shanghai,Moderate,29,2.1,20,10.7,Rain
R03014,Dubai,Istanbul,High,50,4.3,72,4.4,Storm
R03015,Dubai,Tokyo,Low,12,0.8,3,16.8,Overcast
R03016,Valencia,Hong Kong,Low,17,1.3,5,15.6,Overcast
R03017,Busan,Jebel Ali,High,43,4.1,72,5.4,Squall
R03018,Valencia,Hamburg,Moderate,27,2.1,26,9.8,Rain
R03019,Rotterdam,Mumbai,Moderate,26,2.3,25,11.0,Rain
R03020,Santos,Singapore,Low,14,0.8,5,15.1,Overcast
R03021,Los Angeles,Mumbai,High,48,4.8,58,5.3,Storm
R03022,Busan,New York,Low,16,0.6,4,15.3,Overcast
R03023,Kochi,Istanbul,High,45,5.0,50,5.0,Storm
R03024,Melbourne,New York,Low,17,1.1,5,16.2,Overcast
R03025,Dar es Salaam,Dubai,Low,13,0.8,1,17.5,Fair
R03026,Cape Town,Buenos Aires,Low,17,0.8,4,16.5,Overcast
R03027,Vancouver,Shanghai,Moderate,30,2.8,26,9.4,Rain
R03028,Shanghai,Hong Kong,Low,16,1.1,6,14.8,Overcast
R03029,Hamburg,Cape Town,Low,13,0.8,5,16.3,Overcast
R03030,Busan,Jebel Ali,Moderate,30,2.0,25,10.5,Rain
R03031,Felixstowe,Cape Town,Low,14,1.2,4,16.6,Overcast
R03032,Dubai,Singapore,Low,15,0.8,1,15.2,Fair
R03033,Dubai,Los Angeles,Moderate,25,1.8,19,10.5,Rain
R03034,Vancouver,Felixstowe,Moderate,28,2.3,27,8.2,Rain
R03035,Valencia,Chennai,Moderate,25,2.5,18,11.0,Rain
R03036,Kochi,Hamburg,High,50,4.5,71,4.7,Storm
R03037,Dar es Salaam,New York,High,50,4.3,63,3.5,Storm
R03038,Colombo,Kochi,Moderate,30,2.7,26,10.1,Rain
R03039,Istanbul,Mumbai,High,51,4.4,57,4.6,Storm
R03040,Singapore,Hong Kong,Low,12,1.0,3,17.2,Overcast
R03041,Durban,Dar es Salaam,Low,14,0.6,5,18.0,Overcast
R03042,Hong Kong,Mombasa,Low,16,1.1,4,15.2,Overcast
R03043,Dar es Salaam,Dubai,Low,13,0.7,1,16.6,Fair
R03044,Singapore,Auckland,Low,13,0.9,4,17.6,Overcast
R03045,Hamburg,Dar es Salaam,High,46,5.0,80,3.2,Storm
R03046,Los Angeles,Mombasa,Low,15,1.1,3,15.1,Fair
R03047,Los Angeles,Mumbai,Moderate,30,2.5,27,8.5,Rain
R03048,Hong Kong,Mombasa,Low,12,0.8,4,17.8,Overcast
R03049,Rotterdam,Valencia,Low,16,1.0,5,14.1,Overcast
R03050,Istanbul,Tokyo,Moderate,30,2.9,21,9.4,Rain
R03051,Vancouver,Busan,Moderate,27,2.5,23,8.9,Rain
R03052,Colombo,Kochi,High,44,4.6,93,5.3,Squall
R03053,Valencia,New York,Low,11,0.7,4,16.7,Overcast
R03054,Singapore,Jebel Ali,High,40,5.5,94,3.5,Storm
R03055,Cape Town,Dar es Salaam,High,48,4.6,49,4.8,Storm
R03056,Istanbul,Los Angeles,Moderate,29,2.8,18,10.0,Rain
R03057,Auckland,Hamburg,Low,14,1.1,5,17.5,Overcast
R03058,Hong Kong,New York,Low,14,0.6,3,18.3,Overcast
R03059,New York,Cape Town,High,49,4.3,60,4.2,Storm
R03060,Dar es Salaam,Hamburg,High,52,4.6,83,3.4,Storm
R03061,Auckland,Valencia,Moderate,27,2.1,21,9.8,Rain
R03062,Durban,Jebel Ali,Low,15,0.7,4,16.8,Overcast
R03063,Hamburg,Rotterdam,Moderate,31,2.4,18,8.7,Rain
R03064,Mombasa,Piraeus,Low,11,1.0,4,15.0,Overcast
R03065,Vancouver,Auckland,Moderate,26,2.7,17,8.8,Rain
R03066,Istanbul,Mumbai,Moderate,25,2.5,22,9.6,Rain
R03067,Cape Town,Chennai,Low,14,1.2,5,17.8,Overcast
R03068,Colombo,Jebel Ali,High,38,3.9,79,6.2,Squall
R03069,Buenos Aires,Istanbul,Moderate,29,2.2,24,8.9,Rain
R03070,Dar es Salaam,Jebel Ali,Low,12,0.9,3,16.3,Overcast
R03071,Melbourne,Valencia,Moderate,29,2.2,27,10.2,Rain
R03072,London,Valencia,Low,19,1.0,4,13.8,Overcast
R03073,Los Angeles,Hamburg,High,45,4.3,92,3.9,Storm
R03074,Piraeus,Mombasa,High,44,5.0,83,3.3,Storm
R03075,Singapore,Chennai,Moderate,29,1.9,17,10.7,Rain
R03076,Durban,Melbourne,Moderate,29,2.0,15,9.0,Rain
R03077,Singapore,Mombasa,Low,11,0.6,2,15.4,Fair
R03078,Singapore,London,Moderate,25,2.3,24,9.5,Rain
R03079,Busan,Valencia,Moderate,27,2.4,26,8.4,Rain
R03080,Jebel Ali,Melbourne,High,40,4.8,88,4.5,Squall
R03081,Felixstowe,Mumbai,Low,18,0.8,2,16.0,Fair
R03082,Melbourne,Buenos Aires,High,48,4.1,79,3.7,Storm
R03083,Mumbai,Cape Town,High,43,4.5,64,5.6,Squall
R03084,Hong Kong,Vancouver,Low,16,1.1,6,14.8,Overcast
R03085,Mumbai,Santos,Low,13,1.1,4,16.6,Overcast
R03086,Colombo,Valencia,Low,17,1.0,5,16.1,Overcast
R03087,Hamburg,Colombo,Low,18,1.1,4,14.9,Overcast
R03088,Shanghai,Jebel Ali,Low,14,0.7,5,14.6,Overcast
R03089,Auckland,Dubai,Low,11,1.2,2,14.7,Fair
R03090,Felixstowe,Valencia,Moderate,30,2.0,15,10.7,Overcast
R03091,Los Angeles,Sydney,High,47,5.3,81,3.8,Storm
R03092,Felixstowe,Hamburg,High,45,5.1,71,5.1,Storm
R03093,Durban,Los Angeles,Low,15,0.9,5,15.0,Overcast
R03094,New York,Mumbai,Low,18,1.3,5,14.8,Overcast
R03095,Vancouver,Rotterdam,Low,15,0.7,6,17.8,Overcast
R03096,Dar es Salaam,Rotterdam,Low,15,0.6,4,15.3,Overcast
R03097,Melbourne,Buenos Aires,High,47,3.9,69,5.0,Storm
R03098,Colombo,Felixstowe,Moderate,26,2.1,25,8.3,Rain
R03099,Piraeus,Tokyo,Moderate,27,2.3,24,11.0,Rain
R03100,Hong Kong,Dubai,High,48,5.2,74,3.7,Storm
R03101,Kochi,Felixstowe,Low,13,1.2,6,15.1,Overcast
R03102,Hong Kong,Valencia,High,45,4.6,57,5.8,Storm
R03103,Busan,Shanghai,Low,13,0.7,4,16.6,Overcast
R03104,Hamburg,Durban,High,44,5.4,77,4.8,Storm
R03105,Busan,Dar es Salaam,Low,15,0.7,2,15.3,Fair
R03106,Auckland,Hong Kong,High,49,4.0,72,4.6,Storm
R03107,Mombasa,Tokyo,Moderate,28,2.2,22,9.8,Rain
R03108,Istanbul,Piraeus,High,50,4.0,87,4.8,Storm
R03109,Sydney,Istanbul,Moderate,29,2.3,20,8.2,Rain
R03110,Rotterdam,Felixstowe,Low,15,0.8,5,15.4,Overcast
R03111,Vancouver,Hong Kong,Low,13,0.9,3,14.9,Fair
R03112,Singapore,Colombo,High,44,5.1,66,4.3,Storm
R03113,Felixstowe,Melbourne,Low,18,1.2,5,15.4,Overcast
R03114,Colombo,Hong Kong,Moderate,26,2.2,25,9.9,Rain
R03115,New York,Dubai,High,42,4.5,91,5.4,Squall
R03116,Singapore,Kochi,High,44,3.9,53,6.1,Squall
R03117,Los Angeles,Hamburg,Moderate,26,2.8,25,8.3,Rain
R03118,Chennai,Hong Kong,Low,13,1.1,2,17.7,Fair
R03119,Mumbai,Tokyo,High,44,3.9,66,4.0,Squall
R03120,Los Angeles,Piraeus,Moderate,28,2.1,25,9.9,Rain
R03121,Jebel Ali,Santos,High,50,5.5,70,4.5,Storm
R03122,Dubai,London,Low,15,0.7,3,17.2,Overcast
R03123,Tokyo,Cape Town,Low,17,1.3,2,14.9,Fair
R03124,London,Dar es Salaam,Low,12,0.9,5,14.9,Overcast
R03125,Kochi,Felixstowe,Low,18,1.1,5,17.4,Overcast
R03126,Hong Kong,Vancouver,Moderate,30,2.2,19,10.7,Rain
R03127,Rotterdam,Sydney,Moderate,30,2.0,16,8.9,Rain
R03128,New York,Mombasa,High,38,5.1,81,5.2,Storm
R03129,Sydney,Valencia,Low,14,1.1,3,13.9,Fair
R03130,Shanghai,Felixstowe,Moderate,31,2.6,22,10.6,Rain
R03131,Los Angeles,London,Low,15,1.2,5,15.6,Overcast
R03132,Vancouver,Dar es Salaam,Moderate,30,2.7,25,9.7,Rain
R03133,Mombasa,Cape Town,High,44,4.0,92,4.1,Squall
R03134,Los Angeles,Piraeus,Moderate,26,2.4,25,9.2,Rain
R03135,Tokyo,Hamburg,High,48,5.7,90,5.1,Storm
R03136,Sydney,Dar es Salaam,High,47,4.4,92,5.7,Storm
R03137,Los Angeles,Hong Kong,Moderate,27,2.4,22,8.8,Rain
R03138,Buenos Aires,Melbourne,Low,14,0.9,5,15.8,Overcast
R03139,Auckland,Chennai,Low,12,0.8,2,15.2,Fair
R03140,Los Angeles,Durban,Low,17,0.7,4,17.8,Overcast
R03141,Tokyo,Jebel Ali,Low,15,0.6,4,15.3,Overcast
R03142,Piraeus,Singapore,Moderate,28,2.5,20,9.3,Rain
R03143,Shanghai,Durban,Moderate,26,2.5,26,9.1,Rain
R03144,Felixstowe,Melbourne,Moderate,29,2.2,28,8.4,Rain
R03145,Chennai,Dubai,Low,16,1.0,4,15.7,Overcast
R03146,London,Singapore,Moderate,26,2.8,21,9.5,Rain
R03147,Buenos Aires,Jebel Ali,Low,12,0.7,5,14.9,Overcast
R03148,Felixstowe,Mombasa,High,42,4.5,65,4.5,Squall
R03149,Dar es Salaam,Shanghai,Moderate,30,2.5,27,9.6,Rain
R03150,Colombo,Rotterdam,Moderate,25,2.0,22,9.3,Rain
R03151,Piraeus,Valencia,Moderate,27,2.8,16,10.4,Rain
R03152,Vancouver,Shanghai,Low,18,0.8,4,18.2,Overcast
R03153,Piraeus,Tokyo,Moderate,27,2.2,20,10.4,Rain
R03154,Istanbul,Durban,Moderate,25,2.0,18,11.1,Rain
R03155,Sydney,Kochi,High,41,4.7,52,5.4,Squall
R03156,Colombo,Dar es Salaam,Low,13,0.8,3,15.8,Overcast
R03157,Vancouver,New York,Low,12,0.8,4,14.6,Overcast
R03158,London,Rotterdam,Moderate,27,2.3,16,8.4,Rain
R03159,Vancouver,Auckland,Moderate,27,2.0,24,10.6,Rain
R03160,Busan,Hamburg,Moderate,26,2.6,26,9.7,Rain
R03161,Buenos Aires,London,High,49,4.3,68,4.7,Storm
R03162,Valencia,Los Angeles,Low,16,1.1,6,16.2,Overcast
R03163,Los Angeles,Valencia,High,48,5.3,74,4.0,Storm
R03164,Istanbul,Chennai,Low,15,0.6,3,15.0,Fair
R03165,Kochi,New York,Moderate,26,2.4,17,9.7,Rain
R03166,Auckland,Piraeus,Low,13,0.9,2,16.6,Fair
R03167,Shanghai,Santos,High,43,3.9,72,5.0,Squall
R03168,Colombo,Santos,High,50,5.5,90,5.0,Storm
R03169,Sydney,New York,Low,14,0.7,4,15.2,Overcast
R03170,New York,Dar es Salaam,Moderate,24,2.2,16,10.6,Rain
R03171,New York,Hamburg,Moderate,30,2.4,19,9.9,Rain
R03172,Tokyo,Jebel Ali,High,49,4.5,83,5.5,Storm
R03173,Vancouver,Dar es Salaam,Moderate,28,2.5,22,10.2,Rain
R03174,Durban,Shanghai,High,43,3.9,82,4.1,Squall
R03175,Chennai,Mumbai,High,41,4.3,44,5.8,Squall
R03176,Melbourne,Istanbul,High,47,4.0,54,5.8,Storm
R03177,Tokyo,Shanghai,High,43,5.6,82,5.3,Storm
R03178,Busan,Jebel Ali,Moderate,24,2.0,18,9.0,Rain
R03179,Santos,Los Angeles,High,39,4.5,71,4.3,Squall
R03180,Shanghai,Dubai,High,50,4.3,91,4.3,Storm
R03181,London,Shanghai,Moderate,30,2.3,25,9.7,Rain
R03182,Hamburg,Mombasa,Moderate,28,2.6,18,10.7,Rain
R03183,London,Busan,Low,16,1.0,5,13.6,Overcast
R03184,Valencia,Durban,High,43,5.4,71,4.5,Storm
R03185,Hong Kong,Hamburg,Low,13,1.2,2,17.6,Fair
R03186,Valencia,Rotterdam,Moderate,27,2.6,24,10.7,Rain
R03187,Los Angeles,Colombo,Low,14,1.0,5,18.0,Overcast
R03188,Dar es Salaam,Durban,High,48,4.4,57,6.3,Storm
R03189,Felixstowe,Jebel Ali,Moderate,30,2.5,22,9.3,Rain
R03190,Cape Town,Rotterdam,High,50,5.0,96,5.1,Storm
R03191,Busan,Shanghai,High,48,4.1,57,5.9,Storm
R03192,Vancouver,Kochi,High,39,4.2,91,4.1,Squall
R03193,Santos,Auckland,Low,17,1.1,5,18.4,Overcast
R03194,Hamburg,Colombo,High,46,5.6,65,4.2,Storm
R03195,Auckland,Busan,Low,19,1.3,4,13.7,Overcast
R03196,Auckland,Hamburg,High,47,4.3,67,4.2,Storm
R03197,Felixstowe,Hamburg,High,48,5.1,64,3.9,Storm
R03198,Piraeus,Tokyo,Low,18,1.2,2,15.4,Fair
R03199,Dar es Salaam,Piraeus,High,44,4.4,90,4.5,Squall
R03200,Piraeus,Chennai,Low,18,0.9,5,15.3,Overcast
R03201,Jebel Ali,Valencia,Moderate,29,2.3,27,10.3,Rain
R03202,Jebel Ali,Mumbai,Moderate,25,2.3,23,8.5,Rain
R03203,Piraeus,Rotterdam,Low,18,1.1,6,16.0,Overcast
R03204,Singapore,Istanbul,High,45,5.0,75,3.9,Storm
R03205,Durban,Busan,Moderate,25,2.6,28,9.1,Rain
R03206,Sydney,Dar es Salaam,Low,12,1.0,4,15.5,Overcast
R03207,Durban,Tokyo,Moderate,28,2.0,21,9.6,Rain
R03208,Los Angeles,Cape Town,Moderate,31,2.5,24,10.4,Rain
R03209,Chennai,Buenos Aires,Moderate,27,2.6,17,10.6,Rain
R03210,Vancouver,Rotterdam,High,54,4.4,72,5.3,Storm
R03211,Mombasa,Rotterdam,Moderate,25,2.5,21,10.5,Rain
R03212,Mumbai,London,High,43,4.8,88,3.4,Storm
R03213,Durban,Cape Town,Low,15,1.2,5,14.4,Overcast
R03214,Piraeus,Los Angeles,High,51,4.6,85,5.6,Storm
R03215,Mumbai,Colombo,High,47,5.4,89,3.4,Storm
R03216,Dubai,Dar es Salaam,High,47,4.6,68,4.5,Storm
R03217,Cape Town,Kochi,Moderate,25,2.2,20,10.3,Rain
R03218,Los Angeles,Buenos Aires,Low,16,0.6,2,17.3,Fair
R03219,Santos,Vancouver,Moderate,29,2.5,23,10.4,Rain
R03220,Los Angeles,Singapore,Moderate,26,1.9,24,10.4,Rain
R03221,Hamburg,Durban,High,46,5.2,99,3.9,Storm
R03222,Hamburg,Tokyo,Moderate,27,2.2,15,8.8,Overcast
R03223,Dar es Salaam,Colombo,Moderate,27,2.3,15,9.6,Rain
R03224,Auckland,Melbourne,High,46,5.3,88,3.9,Storm
R03225,Felixstowe,Vancouver,High,47,5.1,100,4.5,Storm
R03226,Chennai,Singapore,High,47,5.0,43,4.8,Storm
R03227,Jebel Ali,London,Low,14,1.0,5,17.2,Overcast
R03228,Los Angeles,Felixstowe,High,42,5.1,82,4.2,Storm
R03229,Hong Kong,Sydney,High,49,5.0,83,4.7,Storm
R03230,Durban,New York,Moderate,26,2.1,14,8.8,Overcast
R03231,Piraeus,Dar es Salaam,Low,15,1.2,2,14.6,Fair
R03232,Dubai,Vancouver,Moderate,25,2.2,18,8.8,Rain
R03233,Jebel Ali,Kochi,Moderate,25,2.0,18,10.6,Rain
R03234,Mombasa,Melbourne,High,41,5.1,96,4.2,Storm
R03235,Santos,Tokyo,Moderate,26,2.7,21,10.2,Rain
R03236,Melbourne,Cape Town,High,43,5.4,55,5.9,Storm
R03237,Hamburg,New York,Moderate,28,2.4,20,8.7,Rain
R03238,Auckland,Mombasa,Moderate,25,2.1,25,10.0,Rain
R03239,Colombo,Vancouver,Low,11,0.9,4,15.3,Overcast
R03240,Mumbai,Busan,Moderate,24,2.4,13,10.0,Overcast
R03241,Vancouver,Sydney,Low,12,0.9,2,18.5,Fair
R03242,Auckland,Mumbai,High,51,4.7,62,4.0,Storm
R03243,Durban,Chennai,Moderate,30,2.6,25,9.7,Rain
R03244,Dar es Salaam,New York,Moderate,29,2.5,18,9.7,Rain
R03245,Melbourne,Jebel Ali,Moderate,24,2.3,21,11.1,Rain
R03246,Buenos Aires,Mumbai,Low,18,0.8,3,17.6,Fair
R03247,Jebel Ali,Shanghai,High,43,4.3,89,4.9,Squall
R03248,Dubai,Jebel Ali,Moderate,29,2.6,21,10.4,Rain
R03249,New York,Dubai,Moderate,28,2.7,26,8.5,Rain
R03250,Chennai,Jebel Ali,Moderate,25,2.1,21,10.1,Rain
R03251,Santos,Piraeus,Low,17,0.8,2,15.8,Fair
R03252,Buenos Aires,Rotterdam,Moderate,27,2.2,28,8.5,Rain
R03253,Shanghai,Auckland,Moderate,30,2.2,13,9.6,Overcast
R03254,Tokyo,Rotterdam,Low,15,1.1,5,14.8,Overcast
R03255,Cape Town,Chennai,Low,17,1.1,4,16.1,Overcast
R03256,Felixstowe,Dubai,Low,12,1.2,4,16.8,Overcast
R03257,Jebel Ali,Buenos Aires,High,47,4.6,82,5.2,Storm
R03258,Rotterdam,Mumbai,High,43,5.1,98,4.6,Storm
R03259,Colombo,Auckland,Moderate,31,2.6,15,9.0,Rain
R03260,Tokyo,Piraeus,High,44,4.4,69,5.3,Squall
R03261,Mombasa,Sydney,Moderate,25,2.4,19,9.9,Rain
R03262,Los Angeles,Santos,High,42,5.0,78,3.4,Storm
R03263,Piraeus,New York,Moderate,30,2.7,20,8.9,Rain
R03264,Dar es Salaam,Felixstowe,High,43,4.3,87,3.6,Storm
R03265,London,Mumbai,Moderate,26,2.1,17,10.3,Rain
R03266,Hong Kong,Singapore,Moderate,27,2.3,18,10.8,Rain
R03267,Los Angeles,Santos,Moderate,25,2.1,20,9.3,Rain
R03268,Colombo,Felixstowe,High,46,4.2,60,4.1,Storm
R03269,Kochi,Busan,Moderate,26,2.4,15,9.1,Overcast
R03270,Hong Kong,Dubai,Low,14,0.8,3,14.7,Fair
R03271,Felixstowe,Auckland,Low,14,1.0,5,16.5,Overcast
R03272,Melbourne,Auckland,Moderate,31,2.2,20,9.0,Rain
R03273,Auckland,Felixstowe,High,53,5.3,90,4.8,Storm
R03274,Jebel Ali,Buenos Aires,Low,16,1.1,4,16.0,Overcast
R03275,Jebel Ali,Felixstowe,Low,13,1.3,6,17.4,Overcast
R03276,Hamburg,Melbourne,Moderate,30,2.3,22,9.5,Rain
R03277,Santos,New York,High,44,3.8,80,3.7,Storm
R03278,Jebel Ali,Rotterdam,Moderate,29,2.3,15,10.7,Overcast
R03279,Colombo,Dar es Salaam,Low,11,0.7,3,15.9,Fair
R03280,Tokyo,Hong Kong,Moderate,29,2.2,15,8.6,Overcast
R03281,Mombasa,Cape Town,Low,12,0.7,3,15.6,Overcast
R03282,Los Angeles,Valencia,Moderate,27,2.3,27,9.6,Rain
R03283,Hong Kong,Sydney,Moderate,25,2.0,16,10.1,Rain
R03284,Hong Kong,Hamburg,Low,12,0.9,5,17.2,Overcast
R03285,Tokyo,Kochi,High,44,4.0,60,5.0,Squall
R03286,Mumbai,Hong Kong,High,50,4.5,92,5.4,Storm
R03287,Piraeus,Felixstowe,Low,12,1.1,3,14.6,Fair
R03288,Mumbai,Auckland,High,50,4.8,95,3.3,Storm
R03289,Tokyo,Los Angeles,Low,14,1.1,5,14.9,Overcast
R03290,Piraeus,Chennai,High,44,5.7,67,3.8,Storm
R03291,Rotterdam,Auckland,Moderate,27,2.0,25,8.5,Rain
R03292,Chennai,Singapore,Moderate,24,2.0,15,10.5,Overcast
R03293,Santos,Auckland,High,40,4.2,89,4.5,Squall
R03294,Mombasa,Tokyo,Low,11,1.1,2,15.3,Fair
R03295,Felixstowe,Kochi,Moderate,26,2.2,18,8.5,Rain
R03296,Kochi,Busan,Low,12,0.8,3,19.0,Fair
R03297,Colombo,Sydney,High,48,5.3,68,4.5,Storm
R03298,Dar es Salaam,Jebel Ali,Low,16,0.9,5,17.4,Overcast
R03299,Chennai,Buenos Aires,Low,14,0.8,4,15.6,Overcast
R03300,Buenos Aires,Hong Kong,Low,16,1.1,4,17.4,Overcast
R03301,Felixstowe,Busan,Moderate,29,2.5,14,10.5,Overcast
R03302,Los Angeles,Hong Kong,High,49,5.2,76,4.4,Storm
R03303,Buenos Aires,Cape Town,High,42,4.1,96,5.4,Squall
R03304,Rotterdam,Auckland,Moderate,26,2.5,18,10.3,Rain
R03305,New York,Valencia,High,47,4.4,80,5.8,Storm
R03306,Felixstowe,Colombo,Moderate,26,2.0,16,9.0,Rain
R03307,Hong Kong,Felixstowe,Low,15,0.8,2,16.4,Fair
R03308,Cape Town,Hamburg,Moderate,30,2.3,19,9.6,Rain
R03309,Kochi,Sydney,High,44,4.7,86,5.5,Squall
R03310,London,Auckland,High,44,5.2,94,5.3,Storm
R03311,Santos,Valencia,High,50,4.4,65,4.4,Storm
R03312,London,Istanbul,Low,19,1.0,4,15.7,Overcast
R03313,Melbourne,Felixstowe,Low,13,0.9,5,16.1,Overcast
R03314,Jebel Ali,Buenos Aires,High,51,4.4,99,5.5,Storm
R03315,New York,Los Angeles,Low,13,0.7,3,16.7,Fair
R03316,Dubai,Colombo,Low,15,1.1,4,17.8,Overcast
R03317,Hamburg,Colombo,Moderate,28,2.3,28,10.4,Rain
R03318,Valencia,Hong Kong,High,45,4.5,88,4.7,Storm
R03319,Busan,Auckland,Low,11,0.9,5,14.6,Overcast
R03320,Hong Kong,Santos,High,49,4.6,82,4.4,Storm
R03321,Santos,Mombasa,Low,13,0.9,2,14.9,Fair
R03322,Kochi,London,Moderate,30,2.8,17,9.3,Rain
R03323,Mombasa,Shanghai,Low,18,1.2,3,15.4,Overcast
R03324,Vancouver,Auckland,Low,12,1.2,4,17.6,Overcast
R03325,Buenos Aires,Colombo,Low,10,1.1,1,15.3,Fair
R03326,Santos,Cape Town,High,44,5.1,63,5.8,Storm
R03327,Cape Town,Mumbai,Low,12,1.0,4,17.3,Overcast
R03328,Singapore,Hamburg,Moderate,31,2.7,24,9.7,Rain
R03329,Felixstowe,Dar es Salaam,High,45,4.6,94,4.9,Squall
R03330,Istanbul,Singapore,Moderate,30,2.2,23,10.5,Rain
R03331,Colombo,Singapore,Moderate,23,1.9,12,10.3,Overcast
R03332,Busan,Los Angeles,High,48,5.1,83,4.9,Storm
R03333,Shanghai,Hamburg,High,44,4.5,69,5.4,Squall
R03334,Sydney,Dubai,High,46,4.3,90,6.2,Storm
R03335,Durban,Tokyo,High,50,4.9,73,5.2,Storm
R03336,Santos,Valencia,Moderate,26,2.5,28,9.0,Rain
R03337,Mombasa,Busan,Low,11,0.7,5,16.5,Overcast
R03338,Mumbai,Jebel Ali,Low,18,1.2,4,14.6,Overcast
R03339,Valencia,Mumbai,Moderate,26,2.5,16,9.8,Rain
R03340,Buenos Aires,Durban,Low,16,1.1,3,17.1,Overcast
R03341,Busan,Mumbai,High,43,4.2,81,5.6,Squall
R03342,Mumbai,London,Low,15,0.7,6,17.3,Overcast
R03343,Chennai,Istanbul,Low,16,0.8,5,15.0,Overcast
R03344,Buenos Aires,London,High,45,4.6,97,3.3,Storm
R03345,Piraeus,Cape Town,Low,13,0.8,4,15.7,Overcast
R03346,Mumbai,Felixstowe,High,42,5.2,85,4.4,Storm
R03347,Santos,Sydney,Moderate,26,2.2,23,9.5,Rain
R03348,Sydney,Shanghai,Low,17,1.1,3,15.8,Fair
R03349,Jebel Ali,London,Low,12,1.2,4,15.6,Overcast
R03350,Busan,Los Angeles,High,43,5.4,80,4.5,Storm
R03351,Mumbai,Colombo,Moderate,30,1.9,21,8.6,Rain
R03352,Rotterdam,Mombasa,Low,18,1.2,4,15.3,Overcast
R03353,Dubai,Cape Town,Moderate,28,2.5,20,10.8,Rain
R03354,Kochi,Mombasa,Low,12,1.0,3,18.3,Overcast
R03355,Vancouver,Jebel Ali,Moderate,27,2.4,25,9.8,Rain
R03356,Hamburg,Istanbul,Moderate,30,2.4,23,8.9,Rain
R03357,Chennai,Santos,Low,12,0.7,3,18.0,Overcast
R03358,Valencia,Dubai,Moderate,27,2.4,19,8.4,Rain
R03359,Santos,Colombo,Moderate,26,2.1,13,10.4,Overcast
R03360,Tokyo,Mumbai,High,42,3.9,89,4.4,Squall
R03361,Mombasa,Istanbul,Low,12,1.1,4,18.1,Overcast
R03362,Valencia,Felixstowe,High,42,5.0,73,3.3,Storm
R03363,Colombo,London,High,41,4.8,84,3.9,Storm
R03364,Sydney,Auckland,Moderate,26,2.4,19,10.5,Rain
R03365,Hong Kong,Felixstowe,High,42,5.1,95,3.4,Storm
R03366,Mumbai,Chennai,High,45,5.4,54,3.4,Storm
R03367,Shanghai,Busan,Low,18,1.1,3,16.6,Fair
R03368,Kochi,Rotterdam,Moderate,25,2.6,22,8.6,Rain
R03369,Durban,Piraeus,Moderate,27,2.2,16,8.8,Rain
R03370,London,Rotterdam,Low,16,0.9,5,16.0,Overcast
R03371,Dubai,Hamburg,Low,13,1.2,3,16.8,Overcast
R03372,Hong Kong,Colombo,High,44,4.9,61,5.4,Squall
R03373,Vancouver,Chennai,Moderate,30,1.9,18,8.8,Rain
R03374,Kochi,Istanbul,Low,14,1.0,3,18.3,Fair
R03375,Istanbul,Vancouver,High,45,5.3,76,3.8,Storm
R03376,Hamburg,Piraeus,Moderate,31,2.3,21,10.2,Rain
R03377,Valencia,Vancouver,High,44,4.1,78,5.7,Squall
R03378,Melbourne,Istanbul,High,42,4.9,55,4.5,Squall
R03379,Los Angeles,Busan,High,43,5.5,96,5.3,Storm
R03380,Rotterdam,Buenos Aires,Moderate,26,2.5,17,8.5,Rain
R03381,Felixstowe,Buenos Aires,Low,13,0.9,3,14.6,Fair
R03382,Jebel Ali,Vancouver,Low,15,1.1,3,17.7,Overcast
R03383,Dubai,Dar es Salaam,Moderate,25,2.0,21,9.1,Rain
R03384,Hong Kong,London,High,46,4.6,73,4.2,Storm
R03385,Cape Town,Singapore,Moderate,27,2.4,24,9.8,Rain
R03386,Buenos Aires,Sydney,Moderate,31,2.2,18,8.8,Rain
R03387,Colombo,Hamburg,High,50,5.1,72,4.1,Storm
R03388,Tokyo,Dubai,Moderate,28,1.8,22,11.2,Rain
R03389,Melbourne,Kochi,High,39,5.3,52,4.7,Storm
R03390,Mombasa,Tokyo,High,50,4.2,78,5.0,Storm
R03391,Mumbai,Rotterdam,Moderate,29,2.5,15,8.4,Overcast
R03392,Piraeus,Dubai,Low,13,0.7,4,18.2,Overcast
R03393,Vancouver,London,Moderate,28,2.6,29,9.8,Rain
R03394,Buenos Aires,Singapore,Moderate,27,2.4,15,10.3,Overcast
R03395,Dar es Salaam,Cape Town,High,40,3.9,57,4.1,Squall
R03396,Colombo,Cape Town,High,44,5.3,92,5.7,Storm
R03397,Sydney,Hong Kong,Moderate,25,2.4,16,9.0,Rain
R03398,Santos,Melbourne,Low,15,0.6,2,17.7,Fair
R03399,Mumbai,Auckland,Moderate,26,2.4,23,9.3,Rain
R03400,Hong Kong,Durban,Moderate,29,2.4,22,10.5,Rain
R03401,Tokyo,Chennai,Moderate,28,2.2,16,9.2,Rain
R03402,London,Mumbai,Moderate,29,2.8,27,9.9,Rain
R03403,Vancouver,Los Angeles,High,42,3.9,58,5.4,Squall
R03404,Vancouver,Valencia,High,51,4.8,95,4.5,Storm
R03405,Sydney,Dar es Salaam,High,42,4.5,90,5.9,Squall
R03406,Kochi,Cape Town,High,43,4.5,61,4.6,Squall
R03407,Chennai,Hamburg,High,49,5.3,75,3.9,Storm
R03408,Mumbai,Dar es Salaam,High,42,4.4,80,4.7,Squall
R03409,Mombasa,Piraeus,Moderate,28,2.8,19,9.0,Rain
R03410,Melbourne,Busan,Moderate,28,2.3,25,9.1,Rain
R03411,Tokyo,Chennai,High,51,5.1,69,5.2,Storm
R03412,Dubai,Dar es Salaam,High,46,4.6,59,5.3,Storm
R03413,Jebel Ali,Cape Town,High,41,4.9,57,3.9,Storm
R03414,Rotterdam,Colombo,Low,15,0.9,3,16.3,Overcast
R03415,Vancouver,London,Low,15,1.0,6,14.0,Overcast
R03416,Colombo,Shanghai,Low,17,0.8,5,16.4,Overcast
R03417,Istanbul,Piraeus,High,48,4.8,79,4.3,Storm
R03418,Auckland,Busan,Moderate,28,2.2,25,9.3,Rain
R03419,Hamburg,Colombo,Moderate,27,2.6,16,10.8,Rain
R03420,Jebel Ali,Santos,High,40,5.6,61,5.2,Storm
R03421,Melbourne,Jebel Ali,Low,14,1.0,2,17.3,Fair
R03422,Santos,Piraeus,Moderate,24,2.7,23,10.8,Rain
R03423,Busan,Santos,Low,14,1.2,4,17.5,Overcast
R03424,Piraeus,Shanghai,Moderate,26,2.5,23,9.2,Rain
R03425,Santos,Rotterdam,High,51,4.6,65,5.5,Storm
R03426,Santos,Hamburg,High,49,4.7,66,4.4,Storm
R03427,Hong Kong,Singapore,Low,12,0.9,4,15.1,Overcast
R03428,Valencia,Durban,Low,11,0.7,6,17.9,Overcast
R03429,Santos,Hong Kong,High,47,4.7,54,4.7,Storm
R03430,Sydney,Felixstowe,High,40,4.2,74,4.6,Squall
R03431,Los Angeles,Colombo,Low,11,0.8,5,17.2,Overcast
R03432,Hamburg,Dar es Salaam,Low,17,1.1,2,17.0,Fair
R03433,Singapore,Cape Town,High,40,5.1,87,5.2,Storm
R03434,Mumbai,Melbourne,Low,18,1.0,4,14.7,Overcast
R03435,Buenos Aires,Shanghai,Moderate,25,2.8,15,10.6,Overcast
R03436,Mumbai,Valencia,Moderate,27,2.2,12,9.3,Overcast
R03437,Cape Town,New York,Moderate,30,2.6,15,8.6,Overcast
R03438,Rotterdam,Dubai,High,43,5.1,55,5.4,Storm
R03439,Tokyo,Los Angeles,Moderate,27,2.0,14,11.0,Overcast
R03440,Singapore,Auckland,High,42,4.2,50,6.4,Squall
R03441,Los Angeles,Piraeus,High,42,5.4,86,5.3,Storm
R03442,Dar es Salaam,Piraeus,Low,15,1.0,2,14.9,Fair
R03443,Kochi,Vancouver,High,49,5.3,60,4.2,Storm
R03444,Piraeus,Auckland,Moderate,29,2.0,25,10.0,Rain
R03445,Vancouver,London,Moderate,30,2.7,28,9.9,Rain
R03446,Dubai,New York,Low,14,0.7,2,17.6,Fair
R03447,Singapore,Chennai,Low,17,0.7,4,15.9,Overcast
R03448,New York,Istanbul,Moderate,28,2.4,27,8.9,Rain
R03449,Dubai,Santos,High,39,4.4,50,5.6,Squall
R03450,Singapore,Istanbul,Low,11,0.9,5,14.7,Overcast
R03451,Dubai,Melbourne,High,51,4.9,87,4.1,Storm
R03452,Santos,Vancouver,High,45,4.8,96,4.3,Squall
R03453,Vancouver,Auckland,High,45,4.2,62,4.5,Squall
R03454,Cape Town,Hamburg,High,41,5.0,97,4.1,Storm
R03455,Rotterdam,Dubai,High,44,4.8,78,5.5,Squall
R03456,Singapore,Dubai,High,39,4.4,92,4.2,Squall
R03457,Buenos Aires,Santos,Low,14,1.2,2,15.2,Fair
R03458,New York,Durban,High,43,5.6,70,5.5,Storm
R03459,Rotterdam,Mumbai,Low,15,0.9,3,16.5,Fair
R03460,Rotterdam,Tokyo,High,42,4.1,68,5.3,Squall
R03461,Hong Kong,Valencia,Moderate,27,2.2,27,8.2,Rain
R03462,Colombo,Dar es Salaam,Low,15,0.9,4,16.7,Overcast
R03463,Hong Kong,Buenos Aires,Low,17,0.7,3,16.5,Overcast
R03464,Piraeus,Melbourne,High,46,5.0,61,3.0,Storm
R03465,Chennai,Piraeus,Moderate,30,2.7,17,10.3,Rain
R03466,Auckland,Tokyo,Low,16,0.9,6,15.1,Overcast
R03467,Rotterdam,Auckland,High,42,5.2,102,5.0,Storm
R03468,New York,Hamburg,Low,17,1.1,3,15.1,Fair
R03469,Dubai,Cape Town,Low,14,0.8,3,14.3,Fair
R03470,Vancouver,Dar es Salaam,Moderate,30,2.1,16,8.7,Rain
R03471,New York,Cape Town,Low,16,0.9,4,16.1,Overcast
R03472,Singapore,Melbourne,Moderate,29,2.1,12,9.0,Overcast
R03473,Rotterdam,Auckland,High,39,4.4,62,5.9,Squall
R03474,Rotterdam,Durban,Low,18,1.3,4,17.3,Overcast
R03475,London,Istanbul,High,42,5.4,92,4.4,Storm
R03476,Dar es Salaam,Dubai,Low,11,0.6,4,15.9,Overcast
R03477,Kochi,Dubai,Moderate,29,2.5,18,10.2,Rain
R03478,Istanbul,Piraeus,Low,15,0.9,4,15.4,Overcast
R03479,Kochi,Sydney,Moderate,25,1.8,12,10.5,Overcast
R03480,Durban,Jebel Ali,Low,18,0.8,2,16.4,Fair
R03481,London,Mombasa,Moderate,27,2.1,24,9.1,Rain
R03482,Los Angeles,Cape Town,Moderate,31,2.7,16,8.5,Rain
R03483,Istanbul,Valencia,High,47,4.6,64,4.6,Storm
R03484,Felixstowe,New York,High,50,4.5,72,5.8,Storm
R03485,Hong Kong,New York,High,44,5.4,90,4.9,Storm
R03486,Busan,Vancouver,Moderate,28,2.5,25,9.9,Rain
R03487,Auckland,Tokyo,Low,17,1.3,3,14.7,Overcast
R03488,Dubai,Shanghai,High,43,4.5,88,3.8,Storm
R03489,Durban,Busan,Moderate,30,2.5,26,10.3,Rain
R03490,Colombo,Melbourne,High,39,4.3,88,4.3,Squall
R03491,Mumbai,Vancouver,Low,11,0.9,5,18.5,Overcast
R03492,Mombasa,New York,High,40,4.6,72,4.0,Squall
R03493,Mumbai,Chennai,High,45,4.9,60,4.1,Squall
R03494,Jebel Ali,Tokyo,Moderate,28,2.3,18,9.6,Rain
R03495,New York,Jebel Ali,Moderate,28,2.3,24,9.6,Rain
R03496,Dar es Salaam,Kochi,Low,13,1.0,2,17.5,Fair
R03497,Durban,Piraeus,Moderate,29,2.0,23,8.6,Rain
R03498,Vancouver,Felixstowe,Moderate,28,2.7,17,9.1,Rain
R03499,Mumbai,Sydney,High,47,4.0,64,4.1,Storm
R03500,Hamburg,Durban,High,49,4.5,85,5.7,Storm
R03501,Tokyo,Santos,Moderate,25,2.1,24,9.1,Rain
R03502,Auckland,Los Angeles,Moderate,25,2.5,27,8.7,Rain
R03503,Mumbai,Kochi,Low,13,0.8,3,14.7,Fair
R03504,Singapore,Chennai,Moderate,26,2.6,17,9.8,Rain
R03505,Sydney,Busan,High,40,4.1,70,5.5,Squall
R03506,New York,Istanbul,Moderate,26,2.4,20,9.4,Rain
R03507,Tokyo,Cape Town,Moderate,30,2.3,22,10.8,Rain
R03508,Mumbai,Chennai,High,46,4.0,60,5.2,Storm
R03509,Singapore,Buenos Aires,Moderate,27,2.5,27,10.3,Rain
R03510,Busan,Los Angeles,Low,11,1.0,3,14.8,Overcast
R03511,Felixstowe,Mumbai,Moderate,27,2.3,23,9.1,Rain
R03512,Tokyo,London,Moderate,29,2.3,25,10.2,Rain
R03513,Shanghai,Vancouver,Low,15,0.7,5,17.1,Overcast
R03514,Dubai,Hamburg,Moderate,26,2.1,24,9.5,Rain
R03515,Cape Town,Shanghai,High,47,4.0,84,6.1,Storm
R03516,Rotterdam,Cape Town,High,43,5.1,73,4.7,Storm
R03517,Hong Kong,New York,High,45,4.6,82,4.1,Storm
R03518,Durban,Mumbai,Low,12,1.0,3,18.8,Overcast
R03519,Vancouver,Chennai,High,50,4.8,54,4.3,Storm
R03520,Santos,Rotterdam,Moderate,25,2.5,22,8.5,Rain
R03521,Durban,Melbourne,Low,18,1.2,4,17.1,Overcast
R03522,Buenos Aires,Vancouver,Low,17,1.2,4,17.0,Overcast
R03523,Los Angeles,London,Moderate,27,2.4,18,7.9,Rain
R03524,Cape Town,Sydney,Moderate,31,2.8,28,10.3,Rain
R03525,Dar es Salaam,Hamburg,Moderate,28,2.6,26,8.8,Rain
R03526,New York,Dubai,High,44,5.3,64,3.7,Storm
R03527,Dar es Salaam,Piraeus,Moderate,28,2.7,19,8.8,Rain
R03528,Istanbul,Rotterdam,Low,13,0.7,5,15.8,Overcast
R03529,Mumbai,Dubai,High,44,4.4,88,4.2,Squall
R03530,Busan,Valencia,Low,15,0.9,5,14.5,Overcast
R03531,Rotterdam,Santos,High,43,5.7,85,4.1,Storm
R03532,Shanghai,Dar es Salaam,Low,16,1.2,4,16.5,Overcast
R03533,Dubai,Durban,Moderate,28,2.4,27,8.8,Rain
R03534,Istanbul,Tokyo,High,43,5.3,68,5.4,Storm
R03535,Auckland,Chennai,Low,14,0.9,4,16.1,Overcast
R03536,Tokyo,Rotterdam,Moderate,25,2.6,14,10.8,Overcast
R03537,Chennai,New York,High,46,4.9,91,4.3,Storm
R03538,Melbourne,Valencia,High,45,4.9,87,3.9,Storm
R03539,Buenos Aires,Vancouver,Low,14,0.9,4,17.5,Overcast
R03540,Durban,Hamburg,Moderate,28,2.4,26,8.4,Rain
R03541,Mombasa,Mumbai,Moderate,25,2.2,20,9.9,Rain
R03542,Singapore,Auckland,Moderate,29,1.9,19,10.5,Rain
R03543,Hamburg,Rotterdam,High,53,5.3,76,4.0,Storm
R03544,Istanbul,Cape Town,High,41,4.7,66,3.7,Storm
R03545,Durban,Mumbai,High,42,5.0,83,4.8,Squall
R03546,Kochi,Sydney,Moderate,25,2.3,24,10.3,Rain
R03547,Hong Kong,Singapore,Low,16,1.1,2,17.0,Fair
R03548,Chennai,Colombo,Low,15,0.8,3,17.6,Fair
R03549,Melbourne,Jebel Ali,High,49,4.9,63,5.8,Storm
R03550,Santos,Jebel Ali,Moderate,25,2.3,23,10.6,Rain
R03551,Vancouver,Rotterdam,Low,17,1.1,3,16.9,Fair
R03552,Busan,Durban,High,50,4.6,80,5.2,Storm
R03553,Istanbul,Felixstowe,Low,15,1.4,4,14.2,Overcast
R03554,London,New York,Moderate,29,2.2,21,9.6,Rain
R03555,Shanghai,Valencia,High,49,4.3,89,3.9,Storm
R03556,Buenos Aires,Vancouver,Moderate,24,2.5,26,10.6,Rain
R03557,Durban,London,Low,18,0.9,3,17.3,Fair
R03558,Sydney,Durban,Moderate,26,2.4,22,10.6,Rain
R03559,Colombo,Mumbai,Low,13,0.7,4,16.7,Overcast
R03560,Melbourne,Singapore,Low,12,0.7,2,18.1,Fair
R03561,Valencia,Dar es Salaam,Moderate,29,2.5,18,10.7,Rain
R03562,Felixstowe,Sydney,Low,15,1.3,5,15.1,Overcast
R03563,Kochi,Buenos Aires,Moderate,27,2.6,15,8.7,Overcast
R03564,New York,Auckland,High,39,4.6,92,5.8,Squall
R03565,Santos,Kochi,High,46,5.0,59,5.2,Storm
R03566,Dar es Salaam,Hamburg,Moderate,24,2.0,16,8.9,Rain
R03567,Singapore,Jebel Ali,Moderate,24,2.2,19,10.5,Rain
R03568,New York,Mombasa,Low,11,0.7,2,16.4,Fair
R03569,Chennai,Hamburg,High,41,5.2,80,4.5,Storm
R03570,Los Angeles,Mombasa,Low,15,1.0,4,15.2,Overcast
R03571,Tokyo,Vancouver,High,48,5.1,90,5.4,Storm
R03572,Singapore,Hong Kong,High,49,5.4,72,5.3,Storm
R03573,Chennai,Valencia,Moderate,28,2.3,17,9.3,Rain
R03574,London,Mombasa,High,48,4.2,58,3.7,Storm
R03575,Colombo,Istanbul,Low,11,0.7,2,18.7,Fair
R03576,Busan,Valencia,Low,12,0.8,3,15.8,Overcast
R03577,London,Melbourne,Low,13,0.7,4,16.0,Overcast
R03578,Los Angeles,Mombasa,High,42,4.7,56,5.6,Squall
R03579,Buenos Aires,Vancouver,Low,14,1.2,3,15.2,Fair
R03580,Durban,Kochi,Low,16,0.7,2,15.9,Fair
R03581,Felixstowe,Hamburg,High,45,5.0,90,4.7,Squall
R03582,Dubai,Chennai,High,44,4.7,48,4.2,Squall
R03583,Durban,Dubai,Moderate,28,2.6,25,8.7,Rain
R03584,Santos,Tokyo,Low,16,0.8,3,15.4,Overcast
R03585,Singapore,Auckland,Low,13,0.9,3,17.9,Overcast
R03586,Colombo,Dar es Salaam,Moderate,27,2.7,20,9.5,Rain
R03587,Colombo,Cape Town,Low,13,0.7,5,16.3,Overcast
R03588,Busan,Mombasa,Low,15,1.1,2,17.1,Fair
R03589,Hamburg,Dubai,Low,13,0.8,4,14.9,Overcast
R03590,Vancouver,Mumbai,Low,14,1.0,2,17.3,Fair
R03591,Rotterdam,Durban,Low,16,1.3,4,15.4,Overcast
R03592,Kochi,Melbourne,High,40,3.8,54,6.2,Squall
R03593,Mumbai,Piraeus,High,46,5.0,76,5.8,Storm
R03594,Santos,Auckland,Moderate,29,2.1,17,9.7,Rain
R03595,Durban,Dubai,Low,11,0.9,2,16.3,Fair
R03596,Dar es Salaam,Santos,High,48,5.0,84,5.3,Storm
R03597,Melbourne,Rotterdam,High,51,4.3,98,4.3,Storm
R03598,Busan,Hong Kong,Low,14,1.3,3,16.4,Overcast
R03599,Jebel Ali,Tokyo,High,49,4.5,54,4.0,Storm
R03600,Tokyo,Valencia,High,44,5.5,100,5.5,Storm
R03601,London,Mombasa,High,44,4.3,54,5.0,Squall
R03602,Jebel Ali,Piraeus,Moderate,28,2.2,28,9.0,Rain
R03603,Dubai,Hong Kong,High,38,3.9,65,5.2,Squall
R03604,Istanbul,Singapore,Low,18,0.9,4,17.5,Overcast
R03605,Melbourne,Busan,Moderate,26,2.3,22,10.0,Rain
R03606,Dubai,Singapore,Low,14,1.0,3,15.3,Overcast
R03607,Istanbul,Vancouver,Low,15,0.9,3,15.9,Overcast
R03608,Singapore,Tokyo,Moderate,28,2.5,21,8.5,Rain
R03609,Melbourne,Durban,Low,16,0.9,3,17.2,Overcast
R03610,Colombo,Santos,Moderate,26,1.9,18,10.4,Rain
R03611,Durban,Istanbul,High,46,4.4,77,4.9,Storm
R03612,Auckland,Hong Kong,Moderate,29,2.7,23,9.0,Rain
R03613,Jebel Ali,Mombasa,Moderate,25,2.2,20,9.3,Rain
R03614,Auckland,Kochi,Low,10,0.7,2,18.0,Fair
R03615,Hamburg,Rotterdam,Moderate,28,2.0,18,10.3,Rain
R03616,Tokyo,Hamburg,Low,12,0.9,3,16.2,Overcast
R03617,Felixstowe,Chennai,Moderate,29,2.5,26,9.5,Rain
R03618,Busan,Dubai,High,40,5.1,91,3.5,Storm
R03619,Busan,Durban,Low,12,1.3,2,17.3,Fair
R03620,Mombasa,Chennai,Moderate,30,2.7,15,10.0,Overcast
R03621,Sydney,Santos,High,41,5.2,75,3.9,Storm
R03622,Cape Town,Dubai,High,42,4.7,79,3.9,Storm
R03623,Busan,Tokyo,Moderate,27,2.7,20,8.4,Rain
R03624,Los Angeles,Santos,High,45,4.1,88,5.3,Storm
R03625,Jebel Ali,Vancouver,Low,17,0.9,2,16.5,Fair
R03626,Buenos Aires,Los Angeles,Moderate,31,2.8,27,8.8,Rain
R03627,Cape Town,Hamburg,High,47,4.1,93,5.6,Storm
R03628,Dar es Salaam,Valencia,Low,11,0.7,2,17.0,Fair
R03629,Istanbul,London,Low,14,1.1,2,15.2,Fair
R03630,Dubai,Durban,Low,11,0.6,2,17.2,Fair
R03631,Piraeus,Singapore,Low,11,1.1,1,16.8,Fair
R03632,Busan,Auckland,High,49,4.2,71,4.7,Storm
R03633,Valencia,Dubai,High,49,5.0,92,5.0,Storm
R03634,Buenos Aires,Dubai,Low,12,1.1,6,16.5,Overcast
R03635,Hamburg,Felixstowe,Low,18,1.2,6,17.4,Overcast
R03636,Piraeus,New York,High,47,4.7,83,5.7,Storm
R03637,New York,Vancouver,Moderate,27,2.7,17,8.6,Rain
R03638,Jebel Ali,Kochi,Moderate,25,2.5,25,9.2,Rain
R03639,Busan,Tokyo,High,41,4.2,85,3.8,Storm
R03640,Hong Kong,Durban,Low,14,1.2,5,16.0,Overcast
R03641,Shanghai,Busan,Low,15,0.9,3,14.1,Overcast
R03642,Dar es Salaam,Piraeus,Low,15,0.8,6,14.3,Overcast
R03643,Melbourne,Vancouver,Low,13,0.8,2,16.3,Fair
R03644,London,Dar es Salaam,Moderate,30,2.1,16,11.1,Rain
R03645,Chennai,Hamburg,High,49,5.4,66,5.1,Storm
R03646,Kochi,New York,Moderate,25,2.0,24,10.3,Rain
R03647,Auckland,Shanghai,Moderate,28,2.3,29,10.5,Rain
R03648,Piraeus,Cape Town,Low,13,1.3,5,15.2,Overcast
R03649,Felixstowe,Los Angeles,High,47,4.4,61,4.0,Storm
R03650,Vancouver,Dar es Salaam,High,44,4.3,83,5.9,Squall
R03651,Durban,Istanbul,High,44,5.2,73,5.2,Storm
R03652,Mumbai,Santos,High,42,4.5,59,6.1,Squall
R03653,Busan,Cape Town,Moderate,28,2.3,14,10.5,Overcast
R03654,Busan,Jebel Ali,Low,14,1.3,5,14.6,Overcast
R03655,Shanghai,Colombo,Low,15,0.8,5,17.8,Overcast
R03656,Kochi,Melbourne,Moderate,27,2.4,24,9.5,Rain
R03657,Kochi,Cape Town,High,48,4.6,57,4.4,Storm
R03658,Los Angeles,Chennai,High,45,4.0,79,4.3,Storm
R03659,Mumbai,Piraeus,High,40,4.7,85,5.8,Squall
R03660,Hong Kong,Dar es Salaam,Moderate,25,2.5,16,9.1,Rain
R03661,Singapore,Rotterdam,Low,13,1.0,4,17.8,Overcast
R03662,Istanbul,Shanghai,Moderate,28,2.2,21,9.3,Rain
R03663,Durban,Melbourne,High,41,4.1,80,4.3,Squall
R03664,Dar es Salaam,London,High,46,5.5,75,4.9,Storm
R03665,Durban,Los Angeles,Low,12,1.0,2,15.6,Fair
R03666,New York,Santos,Low,13,0.7,5,16.2,Overcast
R03667,Sydney,Los Angeles,Moderate,28,2.6,24,8.7,Rain
R03668,Mumbai,Buenos Aires,Moderate,30,2.3,16,10.8,Rain
R03669,Istanbul,Dar es Salaam,High,42,3.9,70,6.1,Squall
R03670,Los Angeles,Istanbul,High,52,5.4,61,3.5,Storm
R03671,Sydney,Shanghai,Moderate,26,2.2,19,10.8,Rain
R03672,Chennai,Valencia,High,40,3.9,56,4.6,Squall
R03673,Sydney,Piraeus,Moderate,30,2.3,21,9.2,Rain
R03674,Singapore,Valencia,Moderate,29,2.6,20,10.9,Rain
R03675,Istanbul,New York,Low,15,1.2,4,15.2,Overcast
R03676,Felixstowe,Valencia,Moderate,28,2.1,19,11.0,Rain
R03677,Chennai,Durban,High,41,4.9,83,3.6,Storm
R03678,Hamburg,Sydney,High,44,4.6,60,4.3,Squall
R03679,Hong Kong,Colombo,Low,14,0.9,2,17.0,Fair
R03680,Hamburg,Busan,High,45,4.6,62,4.4,Squall
R03681,Mumbai,Dar es Salaam,Moderate,30,2.6,25,10.4,Rain
R03682,Colombo,Buenos Aires,High,40,5.1,66,4.2,Storm
R03683,Colombo,Busan,High,41,4.1,82,4.3,Squall
R03684,Mombasa,Busan,Low,13,1.1,2,16.8,Fair
R03685,Jebel Ali,Rotterdam,Moderate,26,2.4,18,8.9,Rain
R03686,Busan,Istanbul,Moderate,25,2.5,21,10.1,Rain
R03687,Jebel Ali,Istanbul,High,51,5.5,63,4.7,Storm
R03688,London,Singapore,High,39,5.4,56,5.9,Storm
R03689,Felixstowe,Dubai,High,49,4.4,59,4.2,Storm
R03690,Auckland,Dar es Salaam,Low,11,1.0,3,18.3,Overcast
R03691,Istanbul,Colombo,Low,14,1.2,3,17.0,Overcast
R03692,Singapore,Dar es Salaam,Low,17,1.1,2,18.1,Fair
R03693,Auckland,Cape Town,Moderate,29,2.0,16,9.9,Rain
R03694,Tokyo,New York,High,51,4.3,77,3.7,Storm
R03695,Melbourne,Los Angeles,High,46,4.6,72,3.7,Storm
R03696,Cape Town,Santos,Moderate,27,2.2,25,10.2,Rain
R03697,Piraeus,Felixstowe,Moderate,29,2.6,24,9.2,Rain
R03698,Sydney,Istanbul,Moderate,26,2.8,27,8.9,Rain
R03699,Dar es Salaam,New York,Moderate,30,2.5,22,9.3,Rain
R03700,Cape Town,Kochi,High,50,4.6,64,3.8,Storm
R03701,London,Dar es Salaam,High,41,4.3,85,5.3,Squall
R03702,Vancouver,Valencia,High,43,4.2,80,4.1,Squall
R03703,Melbourne,New York,Moderate,27,2.4,14,10.3,Overcast
R03704,Sydney,Mumbai,Moderate,27,2.5,28,8.7,Rain
R03705,Shanghai,Valencia,High,42,4.0,87,5.0,Squall
R03706,Colombo,Felixstowe,High,42,5.2,54,5.9,Storm
R03707,Chennai,Cape Town,High,48,5.0,87,5.4,Storm
R03708,Busan,Hong Kong,Low,16,0.8,6,16.5,Overcast
R03709,Chennai,Jebel Ali,Moderate,26,2.2,15,10.2,Overcast
R03710,Shanghai,Tokyo,Low,18,0.8,4,17.6,Overcast
R03711,Dar es Salaam,Felixstowe,Moderate,29,2.4,25,9.0,Rain
R03712,Los Angeles,Valencia,High,42,4.5,85,5.4,Squall
R03713,Singapore,Vancouver,Low,18,1.0,2,16.3,Fair
R03714,Dubai,Vancouver,Low,16,0.8,5,14.1,Overcast
R03715,Dar es Salaam,Vancouver,Low,13,1.0,4,15.9,Overcast
R03716,Busan,Piraeus,High,43,4.8,70,4.0,Storm
R03717,Mumbai,Piraeus,Moderate,26,2.1,15,9.4,Rain
R03718,Busan,London,Moderate,28,2.6,18,8.8,Rain
R03719,Sydney,Valencia,Low,14,0.9,6,17.5,Overcast
R03720,Auckland,Durban,Low,14,0.6,3,17.4,Fair
R03721,Sydney,Los Angeles,Moderate,26,2.0,28,10.3,Rain
R03722,Colombo,Rotterdam,High,39,4.6,63,4.2,Squall
R03723,Tokyo,Shanghai,Moderate,28,2.3,25,8.5,Rain
R03724,Hong Kong,Mumbai,Moderate,24,2.5,21,8.9,Rain
R03725,Rotterdam,Hong Kong,High,51,4.7,95,4.3,Storm
R03726,Vancouver,Los Angeles,Low,13,1.0,4,17.8,Overcast
R03727,Chennai,Auckland,Moderate,25,2.1,13,10.3,Overcast
R03728,Vancouver,London,Moderate,27,2.9,21,10.2,Rain
R03729,Vancouver,Buenos Aires,High,45,4.6,65,5.0,Squall
R03730,Hong Kong,Tokyo,High,43,4.2,68,4.9,Squall
R03731,Colombo,Valencia,Moderate,29,2.5,21,9.0,Rain
R03732,Istanbul,Melbourne,Moderate,29,2.8,24,9.7,Rain
R03733,Buenos Aires,Hamburg,Moderate,26,2.0,18,10.6,Rain
R03734,Durban,Los Angeles,Low,16,1.2,5,18.1,Overcast
R03735,Rotterdam,Tokyo,High,46,5.6,76,3.3,Storm
R03736,Singapore,Auckland,Low,13,0.9,4,14.9,Overcast
R03737,Vancouver,Hong Kong,High,42,5.3,84,5.6,Storm
R03738,Mumbai,Buenos Aires,Low,14,1.1,3,16.8,Overcast
R03739,Felixstowe,Kochi,Moderate,29,2.3,16,9.2,Rain
R03740,Chennai,Dar es Salaam,Moderate,26,1.8,13,10.6,Overcast
R03741,Dar es Salaam,Hamburg,Moderate,28,2.3,16,9.2,Rain
R03742,London,Mombasa,High,42,4.9,60,4.4,Squall
R03743,Hamburg,Tokyo,Low,12,1.1,5,13.9,Overcast
R03744,Mombasa,Valencia,Moderate,25,2.7,24,9.9,Rain
R03745,Chennai,Istanbul,Moderate,27,2.0,13,9.2,Overcast
R03746,Hamburg,Busan,Low,17,0.9,3,17.0,Overcast
R03747,Los Angeles,Istanbul,Moderate,30,2.2,22,10.4,Rain
R03748,Shanghai,Felixstowe,High,42,4.4,64,5.5,Squall
R03749,Hamburg,Singapore,Low,14,1.2,4,16.1,Overcast
R03750,London,Dubai,Low,18,1.0,6,17.3,Overcast
R03751,Valencia,Auckland,High,45,4.9,83,4.0,Storm
R03752,Kochi,Mombasa,Moderate,25,2.4,17,10.2,Rain
R03753,Hamburg,Vancouver,Low,12,0.8,5,17.1,Overcast
R03754,Buenos Aires,Hamburg,Low,16,1.3,3,13.6,Fair
R03755,Mombasa,Tokyo,Low,15,1.1,1,17.0,Fair
R03756,New York,Hong Kong,Moderate,27,2.0,17,8.4,Rain
R03757,Singapore,Valencia,High,41,3.9,87,3.6,Storm
R03758,Dar es Salaam,Felixstowe,Low,15,1.3,4,15.5,Overcast
R03759,Singapore,Sydney,Moderate,29,2.1,15,10.4,Overcast
R03760,Colombo,Dar es Salaam,Moderate,29,2.0,15,9.1,Overcast
R03761,Cape Town,Melbourne,High,45,4.1,70,3.9,Storm
R03762,Singapore,Mombasa,Low,11,0.7,2,18.2,Fair
R03763,Buenos Aires,Sydney,Low,13,0.8,5,17.7,Overcast
R03764,Felixstowe,Durban,Moderate,27,2.3,15,8.6,Overcast
R03765,Singapore,Jebel Ali,Moderate,28,2.5,19,9.2,Rain
R03766,Istanbul,Rotterdam,Low,17,1.0,3,15.2,Overcast
R03767,Kochi,Dubai,Moderate,28,2.0,20,10.6,Rain
R03768,Valencia,Durban,Low,14,0.8,6,15.1,Overcast
R03769,Dar es Salaam,Melbourne,High,46,5.0,61,3.6,Storm
R03770,Mumbai,Vancouver,High,43,4.2,70,5.0,Squall
R03771,Istanbul,Mumbai,High,51,4.2,96,4.3,Storm
R03772,Hong Kong,Busan,Moderate,25,2.1,25,10.4,Rain
R03773,Chennai,Valencia,High,41,4.8,92,4.7,Squall
R03774,Hamburg,Buenos Aires,Moderate,25,2.4,22,10.5,Rain
R03775,Piraeus,Felixstowe,Moderate,29,2.3,25,9.2,Rain
R03776,Cape Town,Buenos Aires,High,49,4.7,62,4.6,Storm
R03777,Cape Town,Dubai,Low,16,1.2,5,16.7,Overcast
R03778,Hong Kong,Busan,High,44,5.0,80,4.0,Storm
R03779,Felixstowe,Dubai,Low,13,0.9,4,15.2,Overcast
R03780,Cape Town,Kochi,High,46,5.3,77,5.5,Storm
R03781,Cape Town,Dar es Salaam,Low,17,1.1,5,16.1,Overcast
R03782,Cape Town,Tokyo,Moderate,29,2.1,17,10.7,Rain
R03783,Valencia,Colombo,Moderate,26,2.0,25,8.6,Rain
R03784,Melbourne,Hamburg,Low,18,1.2,5,16.5,Overcast
R03785,Shanghai,Colombo,Low,15,1.1,4,15.1,Overcast
R03786,Cape Town,Auckland,High,44,4.2,57,5.7,Squall
R03787,Shanghai,Mumbai,Low,13,1.0,5,14.9,Overcast
R03788,Shanghai,London,High,48,4.4,63,4.4,Storm
R03789,New York,Rotterdam,Low,18,1.1,5,17.0,Overcast
R03790,Shanghai,Valencia,High,46,5.1,59,5.1,Storm
R03791,New York,Piraeus,High,45,4.2,78,3.9,Storm
R03792,Hamburg,Durban,Low,13,1.0,5,17.6,Overcast
R03793,Cape Town,Vancouver,High,51,5.5,63,3.1,Storm
R03794,Durban,Sydney,Low,16,1.0,3,17.8,Overcast
R03795,Vancouver,Busan,Moderate,29,2.4,19,9.1,Rain
R03796,Dubai,Santos,Low,17,1.0,4,14.2,Overcast
R03797,Los Angeles,New York,High,45,4.9,97,3.9,Storm
R03798,Melbourne,Santos,Moderate,27,2.1,16,9.5,Rain
R03799,Buenos Aires,Los Angeles,Low,18,1.2,5,16.3,Overcast
R03800,Piraeus,Felixstowe,Moderate,28,2.8,17,10.0,Rain
R03801,Melbourne,Buenos Aires,Low,12,0.7,5,15.3,Overcast
R03802,Sydney,Mumbai,Low,15,1.0,2,14.7,Fair
R03803,Istanbul,Hamburg,Low,13,0.9,3,17.9,Overcast
R03804,Kochi,Durban,Moderate,24,2.2,16,9.7,Rain
R03805,Hamburg,Mumbai,Low,14,0.9,5,15.0,Overcast
R03806,Melbourne,Mumbai,Low,14,0.7,4,14.9,Overcast
R03807,Sydney,Santos,High,47,5.5,62,4.6,Storm
R03808,Piraeus,Felixstowe,High,45,4.3,86,3.9,Storm
R03809,Buenos Aires,Vancouver,Low,15,0.9,3,18.1,Overcast
R03810,Melbourne,Shanghai,Low,17,0.8,5,14.4,Overcast
R03811,Melbourne,Buenos Aires,High,45,5.5,56,5.4,Storm
R03812,Valencia,Durban,High,46,4.5,84,4.1,Storm
R03813,Kochi,Melbourne,Low,16,1.2,5,18.4,Overcast
R03814,Kochi,Sydney,High,49,5.0,76,4.0,Storm
R03815,Auckland,Colombo,Low,14,1.1,4,15.4,Overcast
R03816,Cape Town,Dubai,Low,14,1.3,6,16.6,Overcast
R03817,Durban,Hamburg,Moderate,31,2.3,23,10.5,Rain
R03818,London,Dar es Salaam,High,46,5.6,65,4.8,Storm
R03819,Felixstowe,Cape Town,Low,17,0.7,3,17.0,Fair
R03820,Valencia,Dar es Salaam,High,40,5.1,78,4.1,Storm
R03821,Mombasa,Kochi,Moderate,28,2.5,12,10.2,Overcast
R03822,Jebel Ali,Piraeus,Moderate,27,2.1,23,10.5,Rain
R03823,Chennai,Dubai,High,42,3.9,58,4.6,Squall
R03824,Santos,Piraeus,High,40,4.2,81,4.0,Squall
R03825,Piraeus,Dar es Salaam,Moderate,29,2.7,20,9.9,Rain
R03826,Dar es Salaam,Hamburg,Moderate,29,2.6,27,10.3,Rain
R03827,Mombasa,Auckland,Low,12,1.1,2,17.2,Fair
R03828,Dar es Salaam,Mumbai,Low,15,1.1,6,15.6,Overcast
R03829,Mumbai,Istanbul,High,48,4.4,59,4.8,Storm
R03830,Istanbul,Shanghai,Moderate,27,2.4,24,9.3,Rain
R03831,Jebel Ali,London,Moderate,27,2.4,22,9.1,Rain
R03832,Singapore,Santos,Moderate,26,2.1,20,9.2,Rain
R03833,Vancouver,Jebel Ali,Low,18,1.2,4,17.0,Overcast
R03834,Buenos Aires,Kochi,Low,15,0.7,5,17.4,Overcast
R03835,Buenos Aires,Dar es Salaam,Moderate,25,2.2,22,9.4,Rain
R03836,Rotterdam,Los Angeles,Moderate,29,2.9,23,8.3,Rain
R03837,Hong Kong,Hamburg,Moderate,26,2.6,18,9.5,Rain
R03838,Mombasa,Rotterdam,Moderate,26,2.3,16,10.0,Rain
R03839,Piraeus,Auckland,High,49,5.3,67,4.5,Storm
R03840,Melbourne,Busan,Low,14,1.1,3,14.6,Fair
R03841,Cape Town,Buenos Aires,High,48,5.3,64,4.3,Storm
R03842,Tokyo,Kochi,Moderate,31,2.7,16,9.0,Rain
R03843,Shanghai,Buenos Aires,Moderate,31,2.1,22,8.1,Rain
R03844,Mumbai,Singapore,Low,9,0.9,4,16.3,Overcast
R03845,Hamburg,Durban,Low,16,1.1,3,15.7,Overcast
R03846,Busan,Singapore,Low,15,0.7,2,15.1,Fair
R03847,Sydney,Auckland,Low,16,0.9,5,14.1,Overcast
R03848,Chennai,Buenos Aires,Moderate,29,2.4,20,9.1,Rain
R03849,Mumbai,Istanbul,Low,13,1.2,4,16.9,Overcast
R03850,Auckland,Valencia,High,46,4.5,83,5.8,Storm
R03851,Istanbul,Felixstowe,Moderate,31,2.7,25,9.7,Rain
R03852,Istanbul,Dubai,High,45,5.7,72,3.3,Storm
R03853,Durban,Mombasa,High,49,4.0,69,4.7,Storm
R03854,Vancouver,Singapore,High,46,4.8,71,4.2,Storm
R03855,Chennai,Valencia,Low,13,0.9,2,16.8,Fair
R03856,Melbourne,Hong Kong,Low,17,0.8,4,18.1,Overcast
R03857,Santos,Auckland,High,40,3.9,65,5.9,Squall
R03858,Dubai,New York,Moderate,30,2.5,21,9.0,Rain
R03859,Valencia,Shanghai,Low,13,1.1,4,17.6,Overcast
R03860,Durban,Cape Town,High,49,3.9,68,5.9,Storm
R03861,Jebel Ali,Hamburg,High,48,4.0,55,3.9,Storm
R03862,Cape Town,Santos,Moderate,25,2.6,25,8.7,Rain
R03863,London,Auckland,Moderate,31,2.6,21,8.9,Rain
R03864,Dar es Salaam,New York,High,46,4.4,80,3.8,Storm
R03865,Valencia,Mombasa,Moderate,29,2.1,13,9.3,Overcast
R03866,Rotterdam,Auckland,Moderate,26,2.6,28,8.9,Rain
R03867,Vancouver,Melbourne,Low,18,1.0,5,14.4,Overcast
R03868,Vancouver,Colombo,Moderate,26,2.3,27,9.5,Rain
R03869,Mombasa,Shanghai,Moderate,29,2.3,14,9.9,Overcast
R03870,Los Angeles,Shanghai,High,42,4.3,89,4.1,Squall
R03871,Busan,Vancouver,High,40,5.5,53,4.6,Storm
R03872,Vancouver,London,Moderate,27,2.3,21,8.8,Rain
R03873,Dubai,Singapore,Low,13,1.0,2,18.1,Fair
R03874,Auckland,Dubai,Low,15,1.1,2,16.8,Fair
R03875,Vancouver,Colombo,High,51,5.2,94,4.8,Storm
R03876,Kochi,Mumbai,Moderate,26,2.1,17,10.2,Rain
R03877,Mumbai,New York,Low,15,0.9,3,15.1,Fair
R03878,Mumbai,Sydney,High,47,5.0,73,4.7,Storm
R03879,Jebel Ali,Istanbul,High,40,3.9,66,4.6,Squall
R03880,Auckland,Hamburg,High,49,4.9,100,3.3,Storm
R03881,Hong Kong,Melbourne,High,50,5.6,89,4.3,Storm
R03882,Durban,New York,Low,15,1.1,5,18.3,Overcast
R03883,Felixstowe,Kochi,Moderate,30,2.2,24,10.5,Rain
R03884,Valencia,Cape Town,Moderate,31,2.3,21,8.2,Rain
R03885,Rotterdam,Los Angeles,Low,13,1.0,5,15.9,Overcast
R03886,Santos,Tokyo,High,40,3.9,94,5.2,Squall
R03887,Mombasa,Shanghai,Moderate,24,2.0,17,9.1,Rain
R03888,Shanghai,Tokyo,Moderate,28,2.6,21,8.8,Rain
R03889,Tokyo,Valencia,Low,16,0.8,3,16.5,Overcast
R03890,Vancouver,Busan,Moderate,27,2.7,22,8.3,Rain
R03891,Busan,Mumbai,Moderate,25,2.0,24,11.0,Rain
R03892,Hamburg,Dubai,High,42,4.9,93,4.3,Squall
R03893,Valencia,Tokyo,High,46,5.5,88,5.3,Storm
R03894,Piraeus,Vancouver,High,49,4.9,70,5.2,Storm
R03895,Mumbai,Felixstowe,Moderate,30,2.5,27,10.5,Rain
R03896,Santos,Istanbul,Low,17,1.0,4,16.6,Overcast
R03897,Tokyo,Melbourne,Low,15,1.2,2,17.4,Fair
R03898,Busan,Auckland,High,41,4.3,94,4.0,Storm
R03899,Cape Town,Busan,Moderate,25,2.2,28,9.1,Rain
R03900,Sydney,Shanghai,High,43,4.0,50,3.7,Storm
R03901,Singapore,Istanbul,Low,18,1.1,4,17.3,Overcast
R03902,Istanbul,Dubai,Moderate,30,2.6,22,10.1,Rain
R03903,Felixstowe,Hong Kong,Low,13,1.2,4,15.8,Overcast
R03904,Dubai,Sydney,High,43,3.8,74,3.8,Storm
R03905,Piraeus,Felixstowe,Moderate,28,2.8,25,9.7,Rain
R03906,Sydney,Tokyo,Moderate,28,2.4,16,10.0,Rain
R03907,London,Mombasa,Low,11,0.8,5,17.4,Overcast
R03908,New York,Busan,High,52,4.8,71,5.2,Storm
R03909,Vancouver,Dubai,High,41,4.6,69,4.8,Squall
R03910,Shanghai,Felixstowe,Moderate,26,2.5,21,9.7,Rain
R03911,Auckland,Los Angeles,High,48,4.6,74,4.0,Storm
R03912,Auckland,Shanghai,Moderate,30,2.0,24,9.3,Rain
R03913,Buenos Aires,Istanbul,Low,13,0.8,4,15.1,Overcast
R03914,Kochi,Chennai,Moderate,25,1.9,15,10.4,Overcast
R03915,Mumbai,Valencia,High,50,5.5,63,3.8,Storm
R03916,Shanghai,Rotterdam,High,44,5.6,70,3.6,Storm
R03917,Santos,Shanghai,Moderate,25,2.0,24,11.0,Rain
R03918,Jebel Ali,Piraeus,Moderate,28,2.0,22,9.2,Rain
R03919,London,Busan,Moderate,25,2.3,26,10.3,Rain
R03920,Busan,Mombasa,Low,13,0.9,4,15.1,Overcast
R03921,Jebel Ali,Hong Kong,Low,17,1.1,2,16.9,Fair
R03922,Cape Town,Auckland,Low,13,0.7,5,14.2,Overcast
R03923,Felixstowe,Melbourne,Low,13,1.2,4,15.8,Overcast
R03924,Vancouver,Durban,High,41,4.3,69,4.4,Squall
R03925,New York,Istanbul,Low,14,0.8,5,14.7,Overcast
R03926,Piraeus,Durban,Low,15,0.8,3,17.9,Fair
R03927,Istanbul,Santos,Low,15,0.8,4,14.9,Overcast
R03928,Melbourne,Hong Kong,Low,17,0.8,5,16.5,Overcast
R03929,Hong Kong,New York,Moderate,27,2.8,27,9.4,Rain
R03930,Mumbai,Shanghai,High,41,5.3,53,6.1,Storm
R03931,Dubai,Shanghai,High,46,3.9,85,5.5,Storm
R03932,Dubai,Los Angeles,High,49,4.7,89,4.4,Storm
R03933,Auckland,Dubai,Moderate,31,2.5,29,10.1,Rain
R03934,Singapore,Mombasa,Moderate,28,2.5,17,11.2,Rain
R03935,Colombo,Kochi,Moderate,29,2.2,24,9.2,Rain
R03936,Istanbul,Chennai,Low,12,0.7,4,18.1,Overcast
R03937,Vancouver,Buenos Aires,Moderate,26,2.6,23,9.2,Rain
R03938,Dubai,London,Moderate,27,2.6,17,10.3,Rain
R03939,Shanghai,Jebel Ali,Moderate,26,2.3,28,10.6,Rain
R03940,Los Angeles,Busan,Low,13,1.1,6,17.2,Overcast
R03941,Vancouver,Tokyo,Moderate,30,2.0,23,10.8,Rain
R03942,Hong Kong,New York,Moderate,28,2.5,21,10.1,Rain
R03943,Melbourne,Buenos Aires,Moderate,29,2.3,22,9.3,Rain
R03944,Jebel Ali,Los Angeles,High,43,5.1,82,4.8,Storm
R03945,Istanbul,Hong Kong,High,40,5.5,59,4.7,Storm
R03946,Dar es Salaam,Shanghai,High,50,5.2,66,3.4,Storm
R03947,Dar es Salaam,Tokyo,Low,14,1.0,4,17.2,Overcast
R03948,Hong Kong,Singapore,Moderate,24,1.8,23,10.0,Rain
R03949,Hong Kong,Mumbai,Moderate,25,2.0,14,10.9,Overcast
R03950,Jebel Ali,Mombasa,High,46,4.6,91,4.9,Storm
R03951,Felixstowe,New York,Moderate,29,2.5,19,10.2,Rain
R03952,Los Angeles,Mumbai,Low,18,0.8,5,16.3,Overcast
R03953,Auckland,Felixstowe,High,41,4.6,65,5.2,Squall
R03954,Kochi,Tokyo,High,40,5.6,65,3.8,Storm
R03955,Istanbul,Santos,Moderate,25,2.4,18,8.8,Rain
R03956,Dar es Salaam,New York,High,41,4.6,70,3.7,Storm
R03957,Piraeus,Tokyo,High,48,5.4,61,4.1,Storm
R03958,Shanghai,Kochi,Moderate,30,2.6,16,10.3,Rain
R03959,Colombo,Sydney,Low,13,1.3,5,16.5,Overcast
R03960,Buenos Aires,Mombasa,Moderate,31,2.3,25,10.1,Rain
R03961,Sydney,Valencia,High,44,4.8,98,4.4,Squall
R03962,Istanbul,Melbourne,Low,18,0.9,4,14.7,Overcast
R03963,Shanghai,Tokyo,High,46,4.8,97,3.8,Storm
R03964,Dar es Salaam,Los Angeles,High,41,4.5,79,5.0,Squall
R03965,Mombasa,London,Moderate,27,2.2,17,9.1,Rain
R03966,Colombo,Dubai,Moderate,24,2.4,20,11.1,Rain
R03967,Singapore,Durban,Moderate,25,2.0,16,9.2,Rain
R03968,Felixstowe,Auckland,Low,19,1.0,5,15.1,Overcast
R03969,Vancouver,Rotterdam,High,51,5.4,75,4.4,Storm
R03970,Piraeus,Colombo,Moderate,29,2.5,25,10.0,Rain
R03971,Mumbai,Kochi,Moderate,28,2.7,26,9.3,Rain
R03972,Istanbul,Chennai,Low,11,0.9,5,16.7,Overcast
R03973,Vancouver,Busan,Low,15,0.9,4,17.0,Overcast
R03974,Vancouver,Chennai,High,48,4.6,83,3.3,Storm
R03975,Istanbul,Dar es Salaam,Moderate,26,2.0,21,9.1,Rain
R03976,Singapore,Tokyo,Low,15,1.0,4,17.1,Overcast
R03977,Los Angeles,New York,Low,11,1.0,5,18.1,Overcast
R03978,Busan,Santos,Moderate,26,2.2,19,10.3,Rain
R03979,Los Angeles,Vancouver,Moderate,26,2.5,19,10.2,Rain
R03980,Dubai,Piraeus,High,49,4.7,81,3.9,Storm
R03981,Mumbai,Felixstowe,Moderate,30,2.3,24,9.5,Rain
R03982,Durban,Shanghai,Low,17,1.1,3,14.2,Overcast
R03983,Singapore,Durban,Moderate,29,2.4,27,9.0,Rain
R03984,Valencia,Vancouver,Moderate,26,2.4,27,10.0,Rain
R03985,London,Auckland,High,46,4.8,60,4.6,Storm
R03986,Mumbai,London,Moderate,26,2.7,27,9.2,Rain
R03987,Colombo,Auckland,Low,12,0.8,2,15.6,Fair
R03988,Mumbai,Santos,Moderate,26,2.1,17,8.5,Rain
R03989,Dar es Salaam,Valencia,High,41,4.4,87,4.8,Squall
R03990,New York,Jebel Ali,Low,10,0.7,5,16.3,Overcast
R03991,Mombasa,Singapore,Moderate,23,1.9,18,10.2,Rain
R03992,Shanghai,Buenos Aires,Moderate,26,2.1,27,9.2,Rain
R03993,Colombo,Mombasa,Low,14,0.9,3,15.6,Overcast
R03994,Singapore,Rotterdam,Low,15,1.2,5,16.9,Overcast
R03995,Piraeus,Vancouver,Moderate,27,2.5,21,10.8,Rain
R03996,Vancouver,Shanghai,High,45,5.0,92,3.3,Storm
R03997,Shanghai,Colombo,High,41,5.2,63,5.6,Storm
R03998,Dubai,Sydney,Moderate,29,2.2,27,9.9,Rain
R03999,Sydney,Dubai,Low,14,0.8,2,17.5,Fair
R04000,Shanghai,Valencia,High,44,4.0,60,4.1,Squall
R04001,Chennai,Jebel Ali,High,40,4.2,76,4.8,Squall
R04002,New York,Los Angeles,Moderate,26,2.3,24,8.8,Rain
R04003,Buenos Aires,Shanghai,Low,17,1.1,4,17.6,Overcast
R04004,Colombo,Los Angeles,High,43,4.3,55,5.8,Squall
R04005,Tokyo,Dar es Salaam,High,49,4.4,55,4.7,Storm
R04006,Cape Town,Busan,Moderate,25,2.0,16,10.6,Rain
R04007,Chennai,New York,High,48,5.2,70,4.4,Storm
R04008,Durban,Buenos Aires,Low,12,1.1,4,15.3,Overcast
R04009,Cape Town,Durban,Low,15,1.1,2,15.5,Fair
R04010,Vancouver,Jebel Ali,Moderate,25,2.7,18,10.2,Rain
R04011,Cape Town,Tokyo,High,50,5.1,79,4.3,Storm
R04012,Shanghai,Mumbai,Moderate,28,2.2,18,9.8,Rain
R04013,Los Angeles,Durban,High,40,4.3,57,4.0,Squall
R04014,Santos,Mumbai,High,42,3.8,85,6.2,Squall
R04015,Cape Town,Mumbai,High,39,5.2,67,4.5,Storm
R04016,Durban,Hamburg,Low,16,0.9,4,17.0,Overcast
R04017,Colombo,Dubai,Moderate,29,2.0,22,8.6,Rain
R04018,Hamburg,Shanghai,Low,14,1.0,5,15.2,Overcast
R04019,Kochi,London,Low,18,0.8,5,13.8,Overcast
R04020,Vancouver,Santos,Moderate,29,2.4,19,10.9,Rain
R04021,Melbourne,Auckland,Moderate,30,2.4,17,10.8,Rain
R04022,Kochi,Colombo,High,42,5.1,64,4.2,Storm
R04023,Chennai,Hong Kong,Low,12,0.7,5,15.1,Overcast
R04024,Istanbul,Singapore,Moderate,25,2.1,23,9.8,Rain
R04025,Tokyo,Colombo,High,43,4.6,84,4.0,Squall
R04026,Hong Kong,Vancouver,Moderate,26,2.6,19,8.4,Rain
R04027,New York,Los Angeles,High,42,4.3,77,6.1,Squall
R04028,Felixstowe,Buenos Aires,Low,19,0.8,6,17.5,Overcast
R04029,Durban,Colombo,Low,15,0.7,2,15.6,Fair
R04030,Auckland,Melbourne,Moderate,26,2.3,20,9.3,Rain
R04031,Felixstowe,Colombo,High,43,4.6,73,5.1,Squall
R04032,Mombasa,Buenos Aires,Low,13,0.7,5,15.5,Overcast
R04033,Chennai,Auckland,High,39,5.1,65,6.0,Storm
R04034,Santos,Vancouver,Moderate,25,2.7,21,8.4,Rain
R04035,Dar es Salaam,Piraeus,High,38,4.3,74,4.8,Squall
R04036,Chennai,Colombo,Moderate,25,2.4,18,11.4,Rain
R04037,Cape Town,Felixstowe,Low,17,0.9,4,16.0,Overcast
R04038,Melbourne,Dar es Salaam,Low,16,0.7,3,16.7,Overcast
R04039,Auckland,Busan,Moderate,26,2.7,24,10.4,Rain
R04040,Santos,Hong Kong,Moderate,28,2.2,28,9.6,Rain
R04041,Rotterdam,Colombo,High,42,5.3,79,4.9,Storm
R04042,Vancouver,Santos,High,44,4.9,66,3.4,Storm
R04043,Sydney,Istanbul,Moderate,28,2.4,16,10.7,Rain
R04044,Dar es Salaam,Mombasa,Moderate,24,2.5,13,10.0,Overcast
R04045,Shanghai,Vancouver,Moderate,29,2.3,14,9.7,Overcast
R04046,Shanghai,Istanbul,High,49,5.0,72,5.0,Storm
R04047,Auckland,Cape Town,High,46,4.4,80,3.6,Storm
R04048,Mombasa,Hong Kong,High,41,4.0,65,4.8,Squall
R04049,Hong Kong,Busan,High,41,5.2,59,4.8,Storm
R04050,Melbourne,Busan,Low,12,0.9,6,14.0,Overcast
R04051,Busan,New York,Moderate,25,2.1,26,9.4,Rain
R04052,Mumbai,Kochi,Moderate,26,2.6,17,9.3,Rain
R04053,Busan,Tokyo,Low,16,1.3,5,17.8,Overcast
R04054,Mumbai,Jebel Ali,Low,17,1.2,2,18.2,Fair
R04055,Sydney,Hamburg,Low,15,1.4,4,14.0,Overcast
R04056,Cape Town,Istanbul,High,40,5.4,61,5.2,Storm
R04057,Buenos Aires,Hamburg,Low,15,1.1,4,16.1,Overcast
R04058,Sydney,Istanbul,High,49,5.3,76,4.8,Storm
R04059,Singapore,Shanghai,High,46,5.1,85,5.3,Storm
R04060,Buenos Aires,Vancouver,Low,13,1.0,3,16.0,Fair
R04061,Tokyo,Busan,Moderate,29,2.1,19,9.7,Rain
R04062,Buenos Aires,Valencia,Moderate,25,2.8,23,9.1,Rain
R04063,New York,Jebel Ali,Moderate,30,2.3,15,9.8,Overcast
R04064,Kochi,Mombasa,Low,12,0.9,4,17.5,Overcast
R04065,Felixstowe,Los Angeles,Low,14,1.1,4,18.0,Overcast
R04066,Valencia,Tokyo,High,50,5.4,73,4.1,Storm
R04067,Rotterdam,Shanghai,Moderate,26,2.0,28,9.6,Rain
R04068,Mombasa,Chennai,Moderate,24,2.5,19,10.0,Rain
R04069,Durban,Santos,Low,16,0.7,3,16.6,Overcast
R04070,Shanghai,Felixstowe,Moderate,29,2.5,27,10.5,Rain
R04071,Auckland,Shanghai,Low,19,0.9,5,17.0,Overcast
R04072,Vancouver,Mumbai,Low,15,0.9,4,16.9,Overcast
R04073,Dar es Salaam,Dubai,High,47,5.2,66,4.6,Storm
R04074,Kochi,Mumbai,High,50,4.5,61,5.7,Storm
R04075,Hong Kong,Istanbul,Moderate,27,2.5,18,9.4,Rain
R04076,Chennai,Shanghai,Moderate,24,2.2,16,11.2,Rain
R04077,Istanbul,Colombo,Moderate,27,2.6,27,10.4,Rain
R04078,Dubai,Hong Kong,Moderate,28,1.8,23,10.7,Rain
R04079,Jebel Ali,Shanghai,Low,19,1.2,3,16.0,Fair
R04080,Jebel Ali,Dar es Salaam,High,40,4.2,86,5.7,Squall
R04081,Dar es Salaam,Los Angeles,Low,15,1.0,2,15.1,Fair
R04082,Kochi,Piraeus,Moderate,28,2.6,21,9.3,Rain
R04083,Melbourne,Singapore,High,45,4.7,83,5.3,Storm
R04084,Auckland,London,Moderate,29,2.2,24,10.7,Rain
R04085,Kochi,Busan,Low,11,0.8,4,18.3,Overcast
R04086,Buenos Aires,Mombasa,Moderate,25,2.6,15,10.6,Overcast
R04087,Cape Town,Hamburg,Moderate,28,2.3,30,8.0,Rain
R04088,Piraeus,Los Angeles,High,44,5.3,62,5.3,Storm
R04089,Piraeus,Felixstowe,Low,17,1.2,2,16.9,Fair
R04090,Auckland,Chennai,High,46,4.4,68,4.9,Storm
R04091,Jebel Ali,Mombasa,Moderate,30,2.2,16,8.6,Rain
R04092,New York,Dar es Salaam,High,44,3.7,68,5.8,Squall
R04093,Mumbai,Los Angeles,Low,17,1.0,5,18.0,Overcast
R04094,Felixstowe,Singapore,High,43,4.1,47,5.2,Squall
R04095,Dubai,Singapore,Low,11,0.8,1,18.4,Fair
R04096,Vancouver,Felixstowe,Low,18,0.9,3,17.4,Overcast
R04097,Melbourne,Felixstowe,Low,14,0.8,6,17.7,Overcast
R04098,Chennai,Shanghai,Moderate,24,2.6,16,10.5,Rain
R04099,Piraeus,Valencia,Moderate,28,2.5,13,9.9,Overcast
R04100,Mombasa,New York,Moderate,26,2.1,18,8.7,Rain
R04101,Santos,Dubai,Low,15,1.1,4,15.6,Overcast
R04102,Mombasa,Los Angeles,Low,17,0.9,4,17.4,Overcast
R04103,Valencia,Felixstowe,High,40,5.1,88,4.0,Storm
R04104,Auckland,Piraeus,High,49,4.7,65,5.1,Storm
R04105,Sydney,Buenos Aires,Moderate,30,2.7,23,9.6,Rain
R04106,Colombo,London,Low,17,0.9,5,17.6,Overcast
R04107,Singapore,Felixstowe,Low,14,1.3,6,17.7,Overcast
R04108,Mumbai,Jebel Ali,Moderate,24,2.1,20,10.4,Rain
R04109,Dar es Salaam,Piraeus,Low,11,1.1,2,15.6,Fair
R04110,Shanghai,Mumbai,High,50,4.7,81,3.7,Storm
R04111,Istanbul,London,Low,12,0.7,5,16.3,Overcast
R04112,Singapore,Piraeus,Moderate,29,2.4,23,8.9,Rain
R04113,Singapore,Kochi,Moderate,27,2.5,26,10.6,Rain
R04114,New York,Tokyo,Low,15,1.1,2,18.2,Fair
R04115,Valencia,Tokyo,Moderate,27,2.7,23,9.1,Rain
R04116,Dar es Salaam,London,Low,15,0.7,4,14.9,Overcast
R04117,Auckland,Piraeus,Low,18,1.1,4,14.5,Overcast
R04118,Santos,Buenos Aires,High,40,4.5,63,5.7,Squall
R04119,Colombo,Shanghai,Moderate,31,2.4,19,9.5,Rain
R04120,Shanghai,London,High,52,4.2,57,4.5,Storm
R04121,Dubai,Vancouver,Low,12,0.9,5,17.2,Overcast
R04122,Santos,Tokyo,Low,17,0.8,3,17.6,Fair
R04123,Colombo,Piraeus,High,45,5.2,91,4.3,Storm
R04124,Los Angeles,Cape Town,Low,16,0.8,3,17.3,Fair
R04125,Cape Town,Busan,High,39,4.8,81,4.7,Squall
R04126,Mombasa,Sydney,Low,14,0.6,2,18.7,Fair
R04127,Buenos Aires,Busan,High,47,4.1,86,3.9,Storm
R04128,Piraeus,Shanghai,Moderate,28,2.2,23,10.5,Rain
R04129,Tokyo,Colombo,Low,12,0.6,2,16.8,Fair
R04130,Hong Kong,Dubai,Low,16,1.0,5,17.6,Overcast
R04131,Singapore,Sydney,High,48,4.7,87,5.0,Storm
R04132,New York,Piraeus,High,40,4.9,73,4.3,Squall
R04133,Auckland,Kochi,Moderate,27,2.3,23,10.9,Rain
R04134,Valencia,Melbourne,High,52,4.9,84,3.7,Storm
R04135,Mombasa,Istanbul,Moderate,30,2.7,21,9.4,Rain
R04136,Dar es Salaam,Auckland,High,40,4.4,84,5.7,Squall
R04137,Durban,Singapore,Low,11,0.8,2,17.4,Fair
R04138,Shanghai,Dar es Salaam,Moderate,28,2.3,13,10.7,Overcast
R04139,Kochi,Rotterdam,High,49,5.5,79,4.6,Storm
R04140,Shanghai,Durban,Moderate,27,2.2,17,9.0,Rain
R04141,Tokyo,Santos,Moderate,26,2.8,23,8.5,Rain
R04142,Dubai,Auckland,High,49,5.1,74,3.7,Storm
R04143,Mombasa,Busan,Low,17,0.8,4,15.8,Overcast
R04144,Rotterdam,Busan,High,45,4.5,69,5.3,Squall
R04145,Mumbai,Piraeus,Low,15,0.7,3,17.3,Fair
R04146,Hamburg,London,Low,15,1.1,5,16.0,Overcast
R04147,Los Angeles,Piraeus,Low,15,1.1,4,14.3,Overcast
R04148,Auckland,Hamburg,High,47,5.1,64,4.5,Storm
R04149,Auckland,Valencia,Low,16,0.9,6,16.8,Overcast
R04150,Melbourne,Busan,High,40,4.9,77,3.5,Storm
R04151,Tokyo,Mumbai,High,41,4.7,78,5.4,Squall
R04152,Colombo,Los Angeles,Low,15,0.7,3,18.1,Overcast
R04153,London,Hong Kong,Low,13,0.8,3,15.4,Overcast
R04154,Cape Town,London,Moderate,26,2.6,24,9.0,Rain
R04155,Istanbul,London,High,44,4.6,92,4.1,Squall
R04156,Durban,Los Angeles,Moderate,29,2.8,26,9.4,Rain
R04157,Rotterdam,Singapore,Low,12,0.8,3,16.0,Fair
R04158,Tokyo,Sydney,Moderate,29,2.0,19,9.6,Rain
R04159,Felixstowe,Santos,High,51,4.2,101,4.6,Storm
R04160,Busan,Dubai,Moderate,28,2.5,25,9.6,Rain
R04161,Auckland,Kochi,Low,11,0.9,4,15.7,Overcast
R04162,Valencia,Jebel Ali,High,48,5.4,55,3.6,Storm
R04163,Cape Town,Hamburg,Moderate,30,2.7,17,10.1,Rain
R04164,Hamburg,Mumbai,High,51,5.4,58,3.9,Storm
R04165,Rotterdam,Singapore,High,40,4.6,73,4.1,Squall
R04166,Colombo,Auckland,Moderate,28,2.4,25,9.9,Rain
R04167,Singapore,Hamburg,Low,15,0.7,2,16.0,Fair
R04168,Dar es Salaam,Los Angeles,Low,15,0.7,2,16.0,Fair
R04169,London,Istanbul,Moderate,28,2.5,17,10.7,Rain
R04170,Mombasa,Valencia,Moderate,24,2.5,16,8.7,Rain
R04171,Dar es Salaam,Valencia,Moderate,26,2.1,25,9.5,Rain
R04172,Durban,Dar es Salaam,High,37,4.0,67,4.1,Squall
R04173,Singapore,Cape Town,High,45,4.5,71,3.6,Storm
R04174,Felixstowe,Hong Kong,Low,18,1.2,5,16.7,Overcast
R04175,Dubai,Hamburg,Moderate,28,2.6,19,8.8,Rain
R04176,Mombasa,London,Moderate,30,2.5,19,8.6,Rain
R04177,Busan,Mombasa,Moderate,30,2.3,17,10.8,Rain
R04178,New York,London,Low,14,1.0,4,14.6,Overcast
R04179,Jebel Ali,Sydney,Low,16,0.6,4,16.6,Overcast
R04180,Sydney,Shanghai,Low,17,1.0,5,15.8,Overcast
R04181,Valencia,Kochi,Moderate,29,2.0,28,8.3,Rain
R04182,Vancouver,Rotterdam,High,41,4.0,91,3.8,Storm
R04183,Vancouver,Sydney,High,50,4.8,57,5.6,Storm
R04184,Colombo,Chennai,High,48,4.5,69,6.0,Storm
R04185,Piraeus,Sydney,Low,18,1.0,5,18.0,Overcast
R04186,Singapore,Los Angeles,High,51,5.5,96,4.9,Storm
R04187,Durban,Rotterdam,Low,16,1.1,4,18.0,Overcast
R04188,Dar es Salaam,Valencia,Low,15,1.1,5,15.9,Overcast
R04189,Buenos Aires,New York,Moderate,26,2.2,20,9.7,Rain
R04190,Singapore,Santos,High,38,4.3,85,4.9,Squall
R04191,Kochi,London,High,42,4.4,63,4.3,Squall
R04192,Dubai,Rotterdam,High,40,5.2,77,5.0,Storm
R04193,Melbourne,Mumbai,High,50,5.3,76,3.8,Storm
R04194,Mombasa,Santos,Low,13,1.0,4,16.6,Overcast
R04195,Chennai,Piraeus,Moderate,30,2.1,19,10.1,Rain
R04196,Busan,Singapore,High,42,4.1,51,4.6,Squall
R04197,Hong Kong,Jebel Ali,Low,15,1.1,3,17.2,Overcast
R04198,Cape Town,Felixstowe,High,49,4.2,67,3.7,Storm
R04199,Sydney,Felixstowe,High,48,4.0,75,4.2,Storm
R04200,Durban,New York,High,46,4.7,90,5.0,Storm
R04201,Mombasa,Hamburg,Moderate,26,2.4,24,10.9,Rain
R04202,New York,Kochi,Moderate,30,2.6,19,9.9,Rain
R04203,Shanghai,Piraeus,Low,13,1.2,5,15.0,Overcast
R04204,Mumbai,Cape Town,High,42,5.2,87,4.8,Storm
R04205,Auckland,Santos,High,45,4.2,93,5.6,Storm
R04206,Durban,Valencia,Low,18,0.9,4,15.5,Overcast
R04207,Santos,Cape Town,Low,14,1.2,5,15.7,Overcast
R04208,Singapore,Shanghai,High,48,5.1,74,5.9,Storm
R04209,London,Los Angeles,High,49,4.8,101,4.7,Storm
R04210,Dubai,Santos,High,44,3.8,50,4.5,Squall
R04211,Piraeus,Jebel Ali,High,41,4.7,71,3.6,Storm
R04212,Busan,Singapore,Moderate,26,2.5,14,9.9,Overcast
R04213,Durban,London,High,53,5.2,96,5.2,Storm
R04214,Dar es Salaam,Rotterdam,High,43,4.0,97,5.1,Squall
R04215,Felixstowe,Cape Town,Moderate,25,2.6,26,8.8,Rain
R04216,Mombasa,Mumbai,Moderate,27,2.1,22,10.8,Rain
R04217,Rotterdam,Singapore,Moderate,27,2.6,26,9.8,Rain
R04218,Dar es Salaam,Busan,Moderate,29,2.6,17,8.9,Rain
R04219,Chennai,Piraeus,High,44,5.1,56,4.3,Storm
R04220,Felixstowe,Dubai,Low,15,0.8,5,14.3,Overcast
R04221,Busan,Jebel Ali,Low,15,1.0,5,16.3,Overcast
R04222,Mumbai,Buenos Aires,Low,13,1.0,2,15.9,Fair
R04223,Cape Town,Jebel Ali,Low,13,0.7,5,15.9,Overcast
R04224,Hamburg,Chennai,High,40,5.2,59,5.7,Storm
R04225,Busan,Cape Town,Moderate,31,2.4,23,8.7,Rain
R04226,New York,Santos,High,47,5.5,70,4.3,Storm
R04227,Busan,Hong Kong,High,41,4.9,95,5.2,Squall
R04228,Hamburg,Dar es Salaam,High,47,5.2,60,4.0,Storm
R04229,Cape Town,Shanghai,High,51,5.5,79,5.3,Storm
R04230,Mombasa,Dubai,Low,16,0.9,4,19.0,Overcast
R04231,Valencia,Mombasa,High,45,4.4,78,5.1,Squall
R04232,Dar es Salaam,Los Angeles,Moderate,26,1.9,15,10.0,Rain
R04233,Dubai,Colombo,Low,16,1.0,4,14.7,Overcast
R04234,Hong Kong,London,Moderate,29,2.3,25,10.8,Rain
R04235,Melbourne,Durban,High,45,5.5,83,3.5,Storm
R04236,Vancouver,Dubai,Moderate,28,2.3,25,9.9,Rain
R04237,Tokyo,Dubai,Low,14,0.8,2,17.2,Fair
R04238,Shanghai,Busan,High,39,5.5,62,4.8,Storm
R04239,Colombo,Rotterdam,High,40,3.9,87,4.4,Squall
R04240,Tokyo,Chennai,Moderate,29,2.0,13,10.9,Overcast
R04241,Santos,Melbourne,Low,13,1.0,4,17.5,Overcast
R04242,Piraeus,London,Low,13,1.2,5,14.2,Overcast
R04243,Dar es Salaam,Durban,Low,14,1.2,6,14.3,Overcast
R04244,London,Shanghai,High,50,4.4,73,3.0,Storm
R04245,Durban,Kochi,Low,10,1.1,4,16.0,Overcast
R04246,New York,Tokyo,Moderate,30,2.2,27,9.1,Rain
R04247,New York,Busan,Low,17,0.9,4,14.9,Overcast
R04248,Chennai,Jebel Ali,High,47,4.4,75,5.4,Storm
R04249,Busan,Durban,Moderate,26,2.2,22,9.9,Rain
R04250,Colombo,Kochi,Moderate,25,2.1,15,10.7,Overcast
R04251,Santos,Istanbul,Low,11,0.9,3,17.9,Fair
R04252,Melbourne,Buenos Aires,Low,14,1.1,4,14.4,Overcast
R04253,New York,Kochi,Low,15,1.2,4,14.8,Overcast
R04254,Chennai,Santos,High,47,4.2,91,5.2,Storm
R04255,Auckland,Istanbul,Low,15,0.9,4,15.4,Overcast
R04256,Mumbai,Jebel Ali,High,38,5.3,71,5.2,Storm
R04257,Colombo,Mombasa,High,46,3.6,65,6.5,Storm
R04258,Rotterdam,Hong Kong,Low,16,0.9,5,18.5,Overcast
R04259,Felixstowe,Los Angeles,Low,12,0.9,4,15.5,Overcast
R04260,Hamburg,Santos,High,42,5.3,79,4.9,Storm
R04261,Valencia,Mumbai,High,42,3.8,56,6.1,Squall
R04262,Felixstowe,Los Angeles,Low,14,1.1,5,16.4,Overcast
R04263,Sydney,London,Low,13,0.9,4,14.2,Overcast
R04264,Jebel Ali,Santos,Moderate,28,2.3,16,9.7,Rain
R04265,Shanghai,Buenos Aires,High,47,4.6,76,5.1,Storm
R04266,Vancouver,Piraeus,Moderate,27,2.3,14,10.6,Overcast
R04267,Piraeus,Vancouver,Moderate,29,2.2,19,10.5,Rain
R04268,Tokyo,Felixstowe,Moderate,28,2.1,21,8.5,Rain
R04269,Kochi,Singapore,Low,15,0.8,4,15.8,Overcast
R04270,Dar es Salaam,Mombasa,High,45,3.6,50,4.8,Storm
R04271,Shanghai,Melbourne,Moderate,30,2.0,17,10.1,Rain
R04272,Shanghai,Colombo,High,47,4.7,79,4.6,Storm
R04273,Felixstowe,Auckland,Low,13,1.0,6,13.8,Overcast
R04274,Dubai,Vancouver,High,45,4.0,50,6.1,Storm
R04275,Melbourne,Durban,Low,18,0.8,5,15.0,Overcast
R04276,Durban,Shanghai,Low,15,1.1,5,16.7,Overcast
R04277,Istanbul,Auckland,Low,15,0.8,3,15.4,Fair
R04278,Piraeus,Tokyo,Moderate,28,2.0,25,10.1,Rain
R04279,Jebel Ali,Dubai,High,51,4.3,69,4.7,Storm
R04280,Buenos Aires,Durban,Low,11,1.0,2,18.0,Fair
R04281,Istanbul,Los Angeles,High,42,4.3,80,4.1,Squall
R04282,Santos,Durban,Low,17,0.8,4,17.3,Overcast
R04283,Mombasa,Dar es Salaam,Low,16,1.2,6,17.5,Overcast
R04284,London,Dubai,Moderate,24,2.0,23,10.4,Rain
R04285,Vancouver,Mumbai,Low,14,1.1,3,17.1,Overcast
R04286,Kochi,Piraeus,Moderate,30,2.1,24,9.9,Rain
R04287,Santos,Vancouver,High,47,4.4,59,4.1,Storm
R04288,Istanbul,Kochi,Low,12,1.1,4,17.3,Overcast
R04289,Felixstowe,Busan,Low,18,1.0,5,14.4,Overcast
R04290,Mombasa,Busan,Moderate,25,2.1,25,10.0,Rain
R04291,Hong Kong,Shanghai,High,43,5.3,99,3.4,Storm
R04292,Colombo,Hong Kong,Low,13,0.7,3,17.8,Overcast
R04293,Sydney,Piraeus,High,45,5.2,74,5.5,Storm
R04294,Valencia,Mombasa,Low,17,0.7,4,14.2,Overcast
R04295,Singapore,Istanbul,High,42,3.8,61,5.8,Squall
R04296,Hamburg,Hong Kong,High,41,4.6,67,3.2,Storm
R04297,Singapore,Felixstowe,High,51,4.6,85,4.7,Storm
R04298,Sydney,Dar es Salaam,High,49,4.9,70,4.9,Storm
R04299,Mombasa,Tokyo,Low,16,1.1,3,16.6,Overcast
R04300,Hong Kong,Dar es Salaam,Low,18,1.1,3,15.0,Fair
R04301,Dar es Salaam,Jebel Ali,Low,16,0.9,4,15.5,Overcast
R04302,Hong Kong,Tokyo,Moderate,26,2.6,18,10.6,Rain
R04303,Valencia,Shanghai,High,51,5.1,84,3.5,Storm
R04304,Buenos Aires,Valencia,Low,14,1.1,3,15.4,Overcast
R04305,Vancouver,Piraeus,Moderate,26,2.1,21,10.0,Rain
R04306,Chennai,Kochi,Moderate,24,1.8,17,10.5,Rain
R04307,Tokyo,Sydney,High,40,4.8,66,4.3,Squall
R04308,Colombo,Hamburg,High,42,4.7,75,4.6,Squall
R04309,Durban,Istanbul,Low,12,0.7,5,17.6,Overcast
R04310,Singapore,Melbourne,Low,16,0.8,4,16.0,Overcast
R04311,Rotterdam,Hong Kong,Moderate,30,2.4,18,8.5,Rain
R04312,Durban,Auckland,High,42,4.4,95,4.3,Squall
R04313,Jebel Ali,Dubai,Low,17,1.0,6,16.7,Overcast
R04314,Hong Kong,Cape Town,High,41,5.4,57,3.7,Storm
R04315,Chennai,Durban,Moderate,25,2.5,17,9.6,Rain
R04316,Singapore,Busan,High,48,3.6,61,6.2,Storm
R04317,Santos,Hamburg,Low,13,1.2,2,15.5,Fair
R04318,Hong Kong,Cape Town,High,49,5.0,72,5.3,Storm
R04319,Istanbul,Singapore,High,49,5.4,56,5.1,Storm
R04320,Istanbul,Singapore,Low,10,1.1,2,18.1,Fair
R04321,Sydney,Singapore,High,48,3.9,51,6.1,Storm
R04322,London,Cape Town,High,42,4.7,59,3.5,Storm
R04323,Piraeus,Busan,High,47,5.0,61,3.7,Storm
R04324,Vancouver,Istanbul,Low,13,0.7,3,14.1,Overcast
R04325,Felixstowe,Jebel Ali,Low,18,0.8,3,15.8,Overcast
R04326,Shanghai,New York,High,50,5.7,97,4.9,Storm
R04327,Busan,Valencia,High,49,4.9,94,4.7,Storm
R04328,Piraeus,London,Low,13,1.2,5,16.3,Overcast
R04329,New York,Colombo,Moderate,27,2.4,21,9.9,Rain
R04330,Kochi,Los Angeles,High,43,5.5,84,4.4,Storm
R04331,Tokyo,Hong Kong,Low,13,1.1,3,14.9,Overcast
R04332,Durban,Mombasa,High,40,4.9,61,5.0,Squall
R04333,Mombasa,Busan,High,43,4.8,64,4.3,Squall
R04334,London,Colombo,Low,15,1.1,4,15.6,Overcast
R04335,Mumbai,Istanbul,Low,10,0.8,4,15.2,Overcast
R04336,Colombo,Chennai,Moderate,25,2.2,12,9.4,Overcast
R04337,Singapore,Piraeus,Low,16,1.2,2,14.6,Fair
R04338,Istanbul,Dubai,High,52,5.3,89,5.4,Storm
R04339,Kochi,Buenos Aires,High,46,4.2,58,4.2,Storm
R04340,Cape Town,Hamburg,Low,17,0.8,3,16.9,Fair
R04341,Kochi,Busan,Low,11,1.1,3,15.6,Fair
R04342,Auckland,Colombo,Moderate,26,2.2,18,10.4,Rain
R04343,Mumbai,Singapore,Moderate,28,1.8,13,9.6,Overcast
R04344,Colombo,Melbourne,Moderate,29,2.1,18,10.0,Rain
R04345,Auckland,Hamburg,Moderate,31,2.2,21,10.2,Rain
R04346,Colombo,New York,Moderate,30,2.1,16,9.8,Rain
R04347,London,New York,Low,16,0.8,3,15.6,Fair
R04348,Durban,Dubai,High,39,4.2,63,3.6,Storm
R04349,Mumbai,Buenos Aires,Low,15,0.8,4,16.8,Overcast
R04350,Dubai,Chennai,High,37,4.4,50,4.5,Squall
R04351,Dubai,Rotterdam,Low,15,1.1,3,16.3,Fair
R04352,New York,Shanghai,High,41,4.2,57,4.3,Squall
R04353,Vancouver,Los Angeles,Moderate,27,2.8,18,8.5,Rain
R04354,Hong Kong,Singapore,High,40,4.0,52,4.3,Squall
R04355,Busan,Rotterdam,High,43,4.8,88,3.7,Storm
R04356,Piraeus,Santos,Low,12,1.0,6,16.3,Overcast
R04357,Busan,Melbourne,High,42,5.6,95,3.7,Storm
R04358,Rotterdam,Vancouver,High,41,5.0,70,3.3,Storm
R04359,Los Angeles,London,High,52,5.4,62,4.5,Storm
R04360,Istanbul,Valencia,High,43,5.0,80,5.7,Storm
R04361,Singapore,New York,Low,13,1.0,5,15.6,Overcast
R04362,Buenos Aires,Valencia,Moderate,26,2.3,25,9.6,Rain
R04363,Rotterdam,Hong Kong,Low,15,1.0,3,15.6,Fair
R04364,Busan,Vancouver,Moderate,25,2.7,24,9.3,Rain
R04365,Dubai,London,High,51,5.6,94,4.7,Storm
R04366,Valencia,Hamburg,Moderate,27,2.8,19,10.2,Rain
R04367,Hong Kong,Melbourne,Moderate,28,2.3,19,9.7,Rain
R04368,Shanghai,Busan,Moderate,29,2.5,26,9.2,Rain
R04369,Dar es Salaam,Rotterdam,Low,15,1.2,4,17.3,Overcast
R04370,Busan,Colombo,Low,14,1.0,4,16.0,Overcast
R04371,Colombo,New York,Moderate,28,2.0,21,11.1,Rain
R04372,Valencia,Kochi,Moderate,27,2.0,25,10.9,Rain
R04373,Shanghai,Auckland,Moderate,26,2.3,25,8.6,Rain
R04374,Colombo,Chennai,High,41,4.7,62,4.4,Squall
R04375,Melbourne,Singapore,Low,10,0.6,3,18.0,Overcast
R04376,Hamburg,Mombasa,High,38,4.9,50,4.3,Squall
R04377,Singapore,Kochi,High,41,4.2,79,5.9,Squall
R04378,Los Angeles,Busan,High,41,5.6,61,3.2,Storm
R04379,Singapore,Piraeus,Low,16,0.9,5,16.6,Overcast
R04380,Santos,Auckland,High,42,5.5,64,5.1,Storm
R04381,Santos,Vancouver,High,42,5.6,85,4.7,Storm
R04382,Shanghai,London,Low,17,1.1,4,15.0,Overcast
R04383,Jebel Ali,Vancouver,Moderate,27,2.4,18,9.4,Rain
R04384,Shanghai,Dar es Salaam,Low,16,1.0,3,16.0,Overcast
R04385,London,Mombasa,Moderate,30,2.4,20,8.9,Rain
R04386,Tokyo,Auckland,High,50,5.3,63,4.7,Storm
R04387,Durban,Istanbul,High,48,5.2,92,4.1,Storm
R04388,Valencia,Kochi,Low,11,0.9,5,18.1,Overcast
R04389,Hamburg,Los Angeles,High,44,5.7,73,5.3,Storm
R04390,Buenos Aires,Kochi,Low,17,1.1,5,15.3,Overcast
R04391,Singapore,Vancouver,High,52,5.3,63,5.6,Storm
R04392,Cape Town,Durban,High,45,4.9,69,4.6,Storm
R04393,Melbourne,Mombasa,Low,14,0.9,5,18.2,Overcast
R04394,Hamburg,Mumbai,Low,15,1.2,6,15.8,Overcast
R04395,Colombo,Tokyo,High,43,3.8,76,4.2,Squall
R04396,London,Felixstowe,High,48,5.2,78,5.8,Storm
R04397,Dar es Salaam,Singapore,Low,12,1.1,3,18.9,Overcast
R04398,Istanbul,Mumbai,Moderate,28,2.5,22,10.9,Rain
R04399,Buenos Aires,London,Moderate,28,2.9,17,10.0,Rain
R04400,Melbourne,Shanghai,High,50,5.4,71,5.2,Storm
R04401,Shanghai,Piraeus,Low,18,0.9,3,17.0,Overcast
R04402,Hamburg,Cape Town,High,47,5.6,76,5.3,Storm
R04403,Istanbul,Melbourne,Moderate,30,2.4,17,8.6,Rain
R04404,Melbourne,Valencia,Low,18,1.2,4,17.9,Overcast
R04405,Los Angeles,Kochi,High,42,4.9,84,4.1,Squall
R04406,Shanghai,Mumbai,High,39,4.9,61,4.3,Squall
R04407,Durban,Busan,High,47,4.7,76,3.7,Storm
R04408,Jebel Ali,Los Angeles,Low,12,1.1,2,17.2,Fair
R04409,Cape Town,Los Angeles,High,44,4.9,60,3.7,Storm
R04410,Cape Town,Mumbai,Low,13,1.0,5,16.7,Overcast
R04411,Colombo,Jebel Ali,High,38,4.2,64,5.1,Squall
R04412,Los Angeles,Istanbul,Moderate,28,2.1,14,8.5,Overcast
R04413,Jebel Ali,Mombasa,Moderate,24,2.5,24,10.6,Rain
R04414,Auckland,Cape Town,High,46,5.4,89,3.8,Storm
R04415,Dubai,New York,High,44,4.7,84,4.2,Squall
R04416,Tokyo,Durban,High,48,4.1,65,4.8,Storm
R04417,Mumbai,Istanbul,Low,16,1.0,5,16.0,Overcast
R04418,Cape Town,Sydney,High,41,4.0,52,5.9,Squall
R04419,Hamburg,Los Angeles,Low,14,0.9,4,16.2,Overcast
R04420,Kochi,Vancouver,Moderate,27,2.2,21,10.6,Rain
R04421,Mombasa,Los Angeles,High,48,4.4,56,4.9,Storm
R04422,Piraeus,Sydney,Low,14,1.0,4,16.1,Overcast
R04423,Kochi,Piraeus,Moderate,25,2.7,16,8.3,Rain
R04424,Hamburg,Felixstowe,Low,18,0.8,3,14.3,Overcast
R04425,Piraeus,Dar es Salaam,Moderate,27,2.2,14,9.0,Overcast
R04426,Cape Town,Melbourne,Low,12,0.9,3,15.9,Fair
R04427,Felixstowe,New York,High,49,4.5,57,4.0,Storm
R04428,Cape Town,Shanghai,Low,12,0.8,4,18.6,Overcast
R04429,Sydney,Colombo,High,40,5.0,59,5.4,Storm
R04430,Mumbai,Felixstowe,High,43,4.0,55,5.8,Squall
R04431,Tokyo,Singapore,High,43,4.8,95,3.7,Storm
R04432,Rotterdam,Mumbai,Moderate,27,2.3,25,9.1,Rain
R04433,Chennai,Hong Kong,High,49,4.8,64,6.2,Storm
R04434,Auckland,London,High,50,5.2,62,3.4,Storm
R04435,Busan,Vancouver,High,45,5.2,79,3.5,Storm
R04436,Mumbai,Colombo,Moderate,29,2.0,23,10.6,Rain
R04437,Piraeus,Sydney,High,47,4.4,76,4.3,Storm
R04438,Sydney,Mombasa,Moderate,26,2.1,20,9.4,Rain
R04439,Valencia,Tokyo,High,48,5.3,69,4.0,Storm
R04440,Auckland,Cape Town,High,47,4.5,75,4.6,Storm
R04441,Singapore,Rotterdam,Moderate,27,2.6,17,9.0,Rain
R04442,Mombasa,Felixstowe,Moderate,29,2.3,17,9.1,Rain
R04443,London,Piraeus,Moderate,25,2.1,24,10.4,Rain
R04444,Cape Town,Busan,High,51,5.7,58,5.0,Storm
R04445,Santos,Singapore,Low,16,0.6,4,16.6,Overcast
R04446,Vancouver,Colombo,Moderate,25,2.6,25,9.9,Rain
R04447,Santos,Hong Kong,Low,15,0.6,4,18.1,Overcast
R04448,Hong Kong,Hamburg,Moderate,29,2.6,22,10.5,Rain
R04449,Hong Kong,Kochi,Low,13,0.6,3,17.4,Fair
R04450,Colombo,Valencia,Moderate,29,1.9,16,11.3,Rain
R04451,Dar es Salaam,Kochi,Moderate,24,2.2,16,10.2,Rain
R04452,Melbourne,Tokyo,Low,11,1.1,5,17.6,Overcast
R04453,Auckland,Vancouver,Low,17,0.8,5,15.4,Overcast
R04454,Santos,Dubai,Moderate,28,2.4,19,9.0,Rain
R04455,Jebel Ali,Dubai,Low,13,0.6,4,17.0,Overcast
R04456,New York,Valencia,Moderate,30,2.8,20,8.7,Rain
R04457,Rotterdam,Los Angeles,High,43,5.6,80,4.4,Storm
R04458,Felixstowe,Singapore,High,49,4.2,62,4.2,Storm
R04459,Felixstowe,Singapore,High,40,4.2,85,5.2,Squall
R04460,New York,Vancouver,Moderate,26,2.4,20,10.6,Rain
R04461,Busan,Valencia,Moderate,29,2.4,21,9.1,Rain
R04462,London,Kochi,High,44,4.7,89,4.1,Squall
R04463,Hong Kong,Tokyo,High,50,5.5,66,4.5,Storm
R04464,Jebel Ali,New York,Moderate,27,2.0,23,9.8,Rain
R04465,Santos,Shanghai,Moderate,30,2.1,14,8.9,Overcast
R04466,Durban,Chennai,Moderate,25,2.2,15,10.1,Overcast
R04467,London,Chennai,Low,17,1.2,3,17.9,Overcast
R04468,Tokyo,Felixstowe,High,48,5.7,73,4.2,Storm
R04469,Cape Town,Vancouver,Low,13,1.2,5,15.7,Overcast
R04470,Shanghai,Kochi,High,49,5.0,65,5.5,Storm
R04471,Felixstowe,Durban,Moderate,26,2.3,21,8.6,Rain
R04472,Cape Town,Los Angeles,Moderate,26,2.1,27,9.8,Rain
R04473,Melbourne,Tokyo,High,40,4.6,71,5.8,Squall
R04474,Piraeus,Istanbul,High,50,4.8,96,3.5,Storm
R04475,Valencia,New York,Low,13,1.2,2,14.5,Fair
R04476,Piraeus,Auckland,Moderate,27,2.9,28,9.1,Rain
R04477,Buenos Aires,Durban,Moderate,26,2.1,26,10.3,Rain
R04478,Vancouver,Durban,Moderate,27,2.4,25,9.8,Rain
R04479,Chennai,Shanghai,Low,14,1.1,4,16.2,Overcast
R04480,Los Angeles,Chennai,Moderate,30,2.3,21,8.8,Rain
R04481,Sydney,Busan,High,45,4.1,63,4.3,Squall
R04482,Hamburg,Piraeus,High,48,5.3,56,4.7,Storm
R04483,New York,Melbourne,Moderate,29,2.3,15,9.8,Overcast
R04484,Cape Town,Shanghai,High,50,5.4,71,3.6,Storm
R04485,Shanghai,Valencia,Moderate,26,2.3,17,9.2,Rain
R04486,Mumbai,London,Low,13,0.8,5,17.7,Overcast
R04487,New York,Hong Kong,Low,11,0.8,5,15.2,Overcast
R04488,Mumbai,Durban,High,48,3.9,53,5.7,Storm
R04489,Singapore,Mombasa,High,36,3.5,79,4.5,Squall
R04490,Jebel Ali,Sydney,High,48,4.8,77,5.0,Storm
R04491,Mumbai,Hong Kong,Low,15,0.7,3,18.1,Overcast
R04492,Singapore,Shanghai,Moderate,29,2.2,24,10.3,Rain
R04493,Mombasa,Dubai,High,44,4.9,66,5.7,Squall
R04494,Kochi,Colombo,Low,15,1.2,4,17.2,Overcast
R04495,Hong Kong,Mombasa,Moderate,28,2.5,17,9.5,Rain
R04496,Singapore,Hamburg,Low,14,1.0,2,16.4,Fair
R04497,Kochi,London,Low,14,0.8,5,16.3,Overcast
R04498,Mumbai,Shanghai,Moderate,29,2.5,25,9.9,Rain
R04499,Hamburg,Buenos Aires,Moderate,29,2.1,23,9.3,Rain
R04500,Dubai,London,Moderate,28,1.9,14,9.0,Overcast
R04501,Felixstowe,Santos,Low,13,0.9,6,16.2,Overcast
R04502,Piraeus,Cape Town,Low,16,0.7,4,16.4,Overcast
R04503,Shanghai,Cape Town,High,51,5.7,69,3.8,Storm
R04504,Santos,Melbourne,Low,13,1.2,5,15.9,Overcast
R04505,Dubai,Vancouver,Low,19,1.3,5,14.3,Overcast
R04506,Hamburg,Rotterdam,Moderate,31,2.1,20,10.5,Rain
R04507,Auckland,Mumbai,High,46,5.6,63,4.3,Storm
R04508,Buenos Aires,Valencia,Moderate,28,2.7,22,10.3,Rain
R04509,Dar es Salaam,Kochi,High,37,3.7,75,5.8,Squall
R04510,Mombasa,Dar es Salaam,High,48,4.6,62,4.9,Storm
R04511,Auckland,Hamburg,Low,18,0.8,3,15.7,Fair
R04512,Los Angeles,Shanghai,Low,15,1.0,6,17.1,Overcast
R04513,Colombo,Auckland,High,44,4.8,74,6.0,Squall
R04514,Cape Town,Istanbul,High,43,4.4,82,4.1,Squall
R04515,Busan,Rotterdam,Moderate,28,2.9,21,9.0,Rain
R04516,Hamburg,Los Angeles,High,45,5.4,96,4.7,Storm
R04517,Jebel Ali,Dar es Salaam,Low,16,0.8,1,17.6,Fair
R04518,Cape Town,Istanbul,High,41,4.9,56,4.2,Squall
R04519,Busan,London,High,47,4.7,71,4.7,Storm
R04520,Kochi,London,Moderate,26,2.0,21,9.7,Rain
R04521,Melbourne,Colombo,High,47,3.9,68,5.4,Storm
R04522,Hamburg,Dubai,High,40,5.3,69,4.9,Storm
R04523,Sydney,Jebel Ali,Moderate,27,2.5,26,9.4,Rain
R04524,Kochi,Sydney,Moderate,27,2.4,15,11.1,Overcast
R04525,Mombasa,Dar es Salaam,Low,15,0.8,2,16.2,Fair
R04526,Chennai,Buenos Aires,Low,16,0.6,5,14.9,Overcast
R04527,Santos,Jebel Ali,Moderate,26,2.4,23,9.0,Rain
R04528,Dar es Salaam,Valencia,Low,15,1.2,4,16.1,Overcast
R04529,Dubai,Sydney,Low,13,0.7,2,15.6,Fair
R04530,Mumbai,Dubai,Low,14,0.7,2,16.3,Fair
R04531,Felixstowe,London,High,45,4.7,85,5.8,Storm
R04532,Busan,Santos,Moderate,27,2.5,22,9.6,Rain
R04533,Singapore,Mumbai,Moderate,26,1.9,19,10.5,Rain
R04534,Hong Kong,Mombasa,Moderate,25,2.4,20,9.3,Rain
R04535,Tokyo,Piraeus,Low,16,1.2,3,15.5,Overcast
R04536,Santos,London,High,48,4.5,59,4.7,Storm
R04537,Buenos Aires,Mombasa,Low,14,0.8,4,15.1,Overcast
R04538,Melbourne,Durban,Moderate,28,2.5,22,9.2,Rain
R04539,Durban,Rotterdam,High,42,4.3,95,5.0,Squall
R04540,Jebel Ali,Hamburg,Moderate,31,2.3,15,9.1,Rain
R04541,Kochi,Jebel Ali,Low,17,1.1,4,15.1,Overcast
R04542,Tokyo,Cape Town,Moderate,27,2.7,21,8.1,Rain
R04543,Dar es Salaam,Busan,Low,18,1.2,3,15.6,Fair
R04544,Mombasa,Singapore,Low,12,0.7,2,18.3,Fair
R04545,Mumbai,Dar es Salaam,Low,17,1.1,2,14.4,Fair
R04546,Sydney,Dubai,High,48,4.3,94,5.2,Storm
R04547,Piraeus,Durban,High,47,4.7,67,3.8,Storm
R04548,Hong Kong,Durban,Low,11,0.6,2,18.0,Fair
R04549,Dubai,Rotterdam,Low,16,0.7,2,17.9,Fair
R04550,Dubai,Shanghai,Low,13,1.1,3,16.7,Overcast
R04551,Mumbai,Buenos Aires,High,43,4.3,60,4.9,Squall
R04552,Tokyo,Dar es Salaam,Low,14,1.1,3,15.0,Overcast
R04553,Mombasa,Felixstowe,Low,15,1.0,5,15.8,Overcast
R04554,Los Angeles,Felixstowe,Low,13,1.0,6,17.2,Overcast
R04555,Kochi,Buenos Aires,Moderate,26,2.3,14,11.1,Overcast
R04556,Dubai,Auckland,Low,14,0.9,2,18.1,Fair
R04557,Dubai,Hamburg,Low,16,1.0,5,16.0,Overcast
R04558,Felixstowe,Mombasa,High,41,5.3,70,5.9,Storm
R04559,Melbourne,Colombo,Low,15,1.2,5,17.9,Overcast
R04560,Singapore,Hamburg,High,46,4.9,81,5.3,Storm
R04561,Rotterdam,Santos,Moderate,29,2.0,26,9.5,Rain
R04562,Dar es Salaam,Busan,High,50,4.7,56,5.7,Storm
R04563,Felixstowe,Sydney,High,43,4.6,62,4.2,Squall
R04564,Dar es Salaam,Rotterdam,Moderate,29,2.5,20,10.3,Rain
R04565,Piraeus,Istanbul,Moderate,28,2.9,22,8.1,Rain
R04566,New York,Felixstowe,Low,15,1.0,5,17.0,Overcast
R04567,London,Cape Town,Moderate,31,2.3,27,9.3,Rain
R04568,Chennai,New York,Moderate,29,2.1,26,10.1,Rain
R04569,Felixstowe,Mumbai,Moderate,25,2.6,21,8.8,Rain
R04570,Buenos Aires,Melbourne,Low,14,1.1,3,16.5,Overcast
R04571,Dubai,Rotterdam,High,49,5.5,88,5.3,Storm
R04572,Valencia,Istanbul,Moderate,29,2.7,26,8.9,Rain
R04573,Vancouver,Singapore,Moderate,30,2.6,24,10.6,Rain
R04574,Los Angeles,Durban,Low,12,1.1,2,16.8,Fair
R04575,Mumbai,Buenos Aires,Low,16,1.0,5,17.3,Overcast
R04576,Rotterdam,Auckland,Moderate,26,2.1,17,8.6,Rain
R04577,New York,Shanghai,Moderate,26,2.7,28,10.3,Rain
R04578,Valencia,Istanbul,Moderate,26,1.9,19,9.2,Rain
R04579,Dar es Salaam,Busan,Low,18,0.8,3,15.2,Overcast
R04580,Chennai,Dar es Salaam,Low,14,1.0,2,17.9,Fair
R04581,Santos,Auckland,Moderate,25,2.4,18,10.5,Rain
R04582,Buenos Aires,Mombasa,Moderate,29,2.3,21,9.0,Rain
R04583,Felixstowe,Cape Town,Moderate,29,2.5,26,10.7,Rain
R04584,Vancouver,Rotterdam,Low,13,1.1,4,16.6,Overcast
R04585,Mumbai,Auckland,High,52,4.6,100,4.0,Storm
R04586,Vancouver,Rotterdam,High,45,5.0,77,3.4,Storm
R04587,Buenos Aires,Jebel Ali,Moderate,28,2.4,16,10.0,Rain
R04588,Busan,Felixstowe,Moderate,27,2.4,21,8.4,Rain
R04589,Valencia,New York,Low,11,1.2,3,17.0,Fair
R04590,Rotterdam,Valencia,High,52,5.1,58,5.5,Storm
R04591,Rotterdam,Mombasa,High,48,4.1,86,4.0,Storm
R04592,Jebel Ali,Dubai,High,50,4.9,91,5.6,Storm
R04593,Piraeus,Jebel Ali,Moderate,30,2.4,24,9.9,Rain
R04594,New York,Vancouver,Low,16,1.2,2,14.6,Fair
R04595,Shanghai,Dubai,Moderate,26,2.6,22,9.2,Rain
R04596,Rotterdam,London,High,51,4.5,89,3.7,Storm
R04597,Felixstowe,Durban,High,43,5.5,93,5.1,Storm
R04598,Durban,Chennai,Low,11,0.8,4,15.3,Overcast
R04599,Los Angeles,Vancouver,Low,13,0.8,3,16.9,Overcast
R04600,Tokyo,Buenos Aires,Low,19,1.1,5,16.7,Overcast
R04601,Valencia,Sydney,Low,14,1.0,5,15.6,Overcast
R04602,London,Los Angeles,High,47,4.7,71,4.1,Storm
R04603,Colombo,Kochi,Low,11,1.2,4,17.6,Overcast
R04604,Rotterdam,Sydney,Low,18,1.1,5,14.0,Overcast
R04605,New York,Jebel Ali,High,43,4.3,66,4.4,Squall
R04606,Hamburg,Valencia,Low,17,1.1,4,15.7,Overcast
R04607,Colombo,Hong Kong,Moderate,28,2.7,13,10.2,Overcast
R04608,Chennai,Jebel Ali,Low,14,1.2,4,16.0,Overcast
R04609,Buenos Aires,Kochi,Low,15,0.9,2,17.6,Fair
R04610,Tokyo,Colombo,Low,12,0.6,5,17.5,Overcast
R04611,Dubai,Busan,Low,14,0.7,2,16.3,Fair
R04612,Melbourne,Kochi,High,46,5.3,92,4.6,Storm
R04613,Chennai,Tokyo,High,39,5.3,74,5.6,Storm
R04614,Sydney,Dubai,Moderate,31,2.6,24,9.3,Rain
R04615,Dar es Salaam,Dubai,Moderate,25,2.5,20,9.4,Rain
R04616,Melbourne,Auckland,Low,14,1.1,4,17.6,Overcast
R04617,Istanbul,Kochi,Moderate,30,2.7,22,8.9,Rain
R04618,Felixstowe,Busan,Moderate,31,2.8,26,9.7,Rain
R04619,Buenos Aires,Los Angeles,Low,14,0.7,3,15.6,Overcast
R04620,London,Mumbai,High,52,5.3,91,4.5,Storm
R04621,New York,Hong Kong,High,49,4.4,74,6.1,Storm
R04622,Vancouver,Kochi,Low,18,1.2,4,15.3,Overcast
R04623,Istanbul,Santos,Moderate,27,2.1,14,8.6,Overcast
R04624,Tokyo,Colombo,Low,12,0.8,3,16.8,Overcast
R04625,Istanbul,Auckland,Low,12,0.9,5,17.7,Overcast
R04626,Dubai,Shanghai,Low,14,0.8,2,17.6,Fair
R04627,Valencia,Hamburg,High,52,4.4,62,5.0,Storm
R04628,Auckland,Mombasa,Moderate,26,2.0,21,9.3,Rain
R04629,Buenos Aires,London,High,42,5.5,85,3.9,Storm
R04630,Colombo,Piraeus,High,42,3.9,70,5.9,Squall
R04631,Shanghai,Colombo,High,43,4.9,87,3.5,Storm
R04632,Durban,Colombo,High,47,4.9,65,4.6,Storm
R04633,London,Kochi,Low,16,1.0,5,16.7,Overcast
R04634,Shanghai,Santos,Moderate,30,2.5,15,8.8,Rain
R04635,Auckland,Hong Kong,High,47,4.9,95,4.1,Storm
R04636,Shanghai,Hamburg,Low,16,0.9,3,16.4,Fair
R04637,Sydney,Rotterdam,Low,17,0.8,2,16.3,Fair
R04638,Istanbul,Mombasa,Low,12,1.0,2,18.1,Fair
R04639,Durban,Vancouver,Moderate,26,2.3,18,10.0,Rain
R04640,Kochi,Singapore,Low,9,0.6,1,16.7,Fair
R04641,Shanghai,Cape Town,Low,17,1.1,4,15.9,Overcast
R04642,Valencia,Felixstowe,Low,14,1.1,3,14.7,Overcast
R04643,Singapore,Felixstowe,Moderate,28,2.1,17,9.8,Rain
R04644,Sydney,Singapore,High,45,3.7,68,4.4,Squall
R04645,Auckland,Kochi,High,41,5.2,75,4.2,Storm
R04646,Shanghai,Colombo,Moderate,27,2.7,25,10.6,Rain
R04647,Hong Kong,Dubai,Low,12,0.8,3,15.3,Fair
R04648,Cape Town,Felixstowe,Low,17,0.9,5,17.5,Overcast
R04649,Sydney,Mumbai,High,44,4.6,82,6.0,Squall
R04650,Kochi,Cape Town,High,50,5.4,98,4.3,Storm
R04651,Buenos Aires,Busan,Low,17,1.3,3,17.2,Fair
R04652,Felixstowe,Singapore,High,51,5.5,81,3.7,Storm
R04653,Hamburg,Sydney,Low,16,0.8,6,17.5,Overcast
R04654,Auckland,Vancouver,Moderate,30,2.5,15,10.1,Overcast
R04655,Piraeus,Shanghai,Moderate,26,2.8,22,10.5,Rain
R04656,Buenos Aires,Hamburg,High,43,4.8,87,5.2,Squall
R04657,Dubai,Hong Kong,Moderate,26,2.4,25,11.2,Rain
R04658,Hong Kong,Mombasa,Low,16,0.7,4,16.4,Overcast
R04659,Hong Kong,Singapore,Low,17,1.2,3,16.2,Fair
R04660,Mumbai,Auckland,Moderate,29,2.5,15,10.8,Rain
R04661,Felixstowe,Mombasa,Low,14,1.0,6,16.1,Overcast
R04662,Jebel Ali,Hong Kong,Moderate,27,2.6,22,9.9,Rain
R04663,Vancouver,Mombasa,Low,18,0.9,4,15.8,Overcast
R04664,Dar es Salaam,Felixstowe,Moderate,29,2.0,19,9.3,Rain
R04665,Vancouver,Los Angeles,High,41,4.4,97,4.0,Squall
R04666,Colombo,Vancouver,High,42,5.4,77,4.2,Storm
R04667,Busan,Shanghai,High,42,5.6,72,4.5,Storm
R04668,Durban,London,High,45,5.4,62,5.3,Storm
R04669,London,Hamburg,Low,16,1.0,6,15.4,Overcast
R04670,Tokyo,Durban,High,49,4.4,51,5.3,Storm
R04671,Vancouver,Mombasa,Low,12,0.8,2,16.9,Fair
R04672,Istanbul,Kochi,Low,12,0.8,4,15.5,Overcast
R04673,Singapore,Mombasa,Moderate,26,2.4,21,10.3,Rain
R04674,Los Angeles,Mumbai,Moderate,28,2.7,18,9.3,Rain
R04675,Valencia,Los Angeles,Moderate,26,2.4,28,9.6,Rain
R04676,Dar es Salaam,Singapore,Moderate,25,2.4,15,9.1,Overcast
R04677,Mombasa,Valencia,Low,14,0.9,4,18.0,Overcast
R04678,Mombasa,Santos,Low,11,0.9,2,15.9,Fair
R04679,Cape Town,Dubai,Low,14,0.8,4,16.6,Overcast
R04680,Los Angeles,Melbourne,High,41,4.7,64,4.3,Squall
R04681,Singapore,New York,High,45,5.7,92,4.3,Storm
R04682,Hong Kong,Tokyo,Low,12,1.1,4,16.1,Overcast
R04683,Shanghai,Rotterdam,Moderate,30,2.7,20,8.1,Rain
R04684,Auckland,Dubai,Moderate,27,2.7,18,10.1,Rain
R04685,Colombo,Santos,Low,17,0.7,3,16.0,Fair
R04686,Hamburg,Rotterdam,Low,14,1.0,5,16.1,Overcast
R04687,Cape Town,Auckland,High,42,5.3,68,3.6,Storm
R04688,Valencia,Durban,High,45,4.1,58,4.4,Squall
R04689,Durban,Mumbai,Low,17,0.8,4,14.6,Overcast
R04690,Mumbai,Hong Kong,High,43,4.6,90,4.8,Squall
R04691,Rotterdam,Los Angeles,Low,16,1.3,3,15.9,Overcast
R04692,Hong Kong,Los Angeles,Low,14,1.2,5,17.0,Overcast
R04693,Sydney,New York,Low,16,1.3,3,14.9,Fair
R04694,Hamburg,Los Angeles,Low,13,0.9,5,17.5,Overcast
R04695,Busan,Cape Town,Moderate,29,2.2,19,8.9,Rain
R04696,Chennai,Dar es Salaam,Low,13,1.1,2,17.2,Fair
R04697,Valencia,New York,High,47,5.1,64,5.7,Storm
R04698,Mombasa,Cape Town,Moderate,30,2.1,16,10.5,Rain
R04699,Mombasa,Mumbai,Low,13,1.0,4,16.3,Overcast
R04700,Istanbul,Chennai,Moderate,30,2.3,16,10.5,Rain
R04701,Mumbai,Istanbul,Moderate,26,2.6,19,9.9,Rain
R04702,Los Angeles,Sydney,Moderate,30,2.0,27,10.4,Rain
R04703,Valencia,Hong Kong,Low,11,0.8,3,15.9,Overcast
R04704,Mombasa,New York,Low,18,1.2,5,14.4,Overcast
R04705,Kochi,New York,Moderate,26,2.7,26,9.7,Rain
R04706,Hamburg,Felixstowe,Moderate,25,2.8,25,9.4,Rain
R04707,Valencia,Rotterdam,Low,13,1.0,5,15.1,Overcast
R04708,Durban,Hong Kong,High,42,5.4,60,4.7,Storm
R04709,Mombasa,Tokyo,Low,13,0.7,2,18.4,Fair
R04710,Busan,Shanghai,Moderate,28,2.4,15,9.1,Rain
R04711,Rotterdam,London,Low,18,1.3,6,13.6,Overcast
R04712,Hong Kong,Valencia,High,45,4.8,87,3.6,Storm
R04713,Singapore,Rotterdam,High,49,4.3,91,4.4,Storm
R04714,Melbourne,Vancouver,Low,18,1.1,4,16.4,Overcast
R04715,Hamburg,Santos,Moderate,29,1.9,25,10.7,Rain
R04716,Felixstowe,Rotterdam,Low,16,0.9,5,16.5,Overcast
R04717,Dar es Salaam,Busan,Low,18,1.0,3,16.3,Overcast
R04718,Vancouver,Shanghai,Low,16,1.3,6,17.2,Overcast
R04719,Vancouver,Hamburg,Low,19,1.2,5,15.8,Overcast
R04720,Hamburg,Valencia,Low,17,0.7,3,15.8,Fair
R04721,Busan,Chennai,Moderate,29,2.6,23,10.9,Rain
R04722,Rotterdam,Hong Kong,High,50,5.6,64,4.7,Storm
R04723,Jebel Ali,Felixstowe,Low,13,1.0,6,15.7,Overcast
R04724,Buenos Aires,Hamburg,Moderate,26,2.4,17,8.8,Rain
R04725,Vancouver,Shanghai,Low,18,1.1,5,16.2,Overcast
R04726,New York,Mombasa,Low,15,1.1,5,16.9,Overcast
R04727,Rotterdam,Piraeus,High,39,4.4,69,4.1,Squall
R04728,Sydney,Istanbul,High,42,4.1,85,4.8,Squall
R04729,Busan,Buenos Aires,High,42,4.9,53,5.5,Squall
R04730,Hamburg,Santos,High,44,4.2,93,5.2,Squall
R04731,Hamburg,Jebel Ali,Low,17,1.2,5,16.4,Overcast
R04732,Tokyo,Los Angeles,Moderate,25,1.9,21,8.6,Rain
R04733,Singapore,London,High,39,4.8,85,4.4,Squall
R04734,Shanghai,Dar es Salaam,Low,17,1.0,3,15.3,Overcast
R04735,Mumbai,Valencia,Low,17,1.2,2,17.0,Fair
R04736,Kochi,Hong Kong,High,44,3.7,48,5.5,Squall
R04737,Durban,Auckland,Low,18,0.8,5,13.9,Overcast
R04738,Chennai,Dubai,Low,15,0.7,2,18.7,Fair
R04739,Tokyo,Sydney,High,50,4.5,70,5.9,Storm
R04740,Busan,Dubai,High,44,5.3,93,4.3,Storm
R04741,Cape Town,Dar es Salaam,Moderate,28,1.9,16,8.8,Rain
R04742,Hamburg,Valencia,High,42,4.8,78,4.7,Squall
R04743,Sydney,Chennai,Low,12,0.8,3,16.1,Overcast
R04744,Colombo,Dar es Salaam,High,42,5.2,64,4.4,Storm
R04745,Chennai,Vancouver,High,49,5.3,52,4.7,Storm
R04746,Hamburg,Piraeus,High,48,5.4,84,3.5,Storm
R04747,Valencia,Busan,High,44,4.4,70,4.2,Squall
R04748,Santos,Chennai,Low,15,1.1,3,14.5,Fair
R04749,Shanghai,Cape Town,High,47,4.9,88,4.0,Storm
R04750,Hamburg,New York,Low,11,1.2,4,15.9,Overcast
R04751,Valencia,Singapore,High,43,5.2,69,4.3,Storm
R04752,Tokyo,Felixstowe,Low,13,1.1,4,18.4,Overcast
R04753,Buenos Aires,Sydney,Low,13,0.7,5,18.1,Overcast
R04754,Felixstowe,Buenos Aires,High,48,5.1,69,3.6,Storm
R04755,Tokyo,Durban,Low,18,1.0,5,16.6,Overcast
R04756,Valencia,Durban,Moderate,29,2.3,24,10.4,Rain
R04757,Cape Town,Vancouver,Low,14,0.9,4,15.1,Overcast
R04758,Singapore,Jebel Ali,Low,13,0.6,1,15.3,Fair
R04759,Santos,London,High,47,4.2,100,5.4,Storm
R04760,London,Santos,Low,18,1.1,2,17.5,Fair
R04761,Vancouver,Istanbul,Moderate,30,2.7,17,8.8,Rain
R04762,Santos,Buenos Aires,Low,15,0.8,3,16.4,Overcast
R04763,Sydney,Rotterdam,Low,12,0.7,4,16.5,Overcast
R04764,Istanbul,Mombasa,High,45,5.4,85,5.4,Storm
R04765,Dubai,Cape Town,Low,15,0.8,3,16.6,Overcast
R04766,Piraeus,New York,Low,15,1.2,6,17.0,Overcast
R04767,Dar es Salaam,Auckland,Low,12,1.2,4,14.7,Overcast
R04768,Hong Kong,Kochi,Low,15,0.8,5,17.3,Overcast
R04769,Dar es Salaam,Melbourne,Moderate,27,2.6,24,8.8,Rain
R04770,Auckland,Hong Kong,Moderate,25,2.4,17,9.0,Rain
R04771,Hong Kong,Colombo,High,38,4.3,77,4.1,Squall
R04772,Sydney,Cape Town,Moderate,30,2.4,17,10.0,Rain
R04773,Vancouver,Jebel Ali,Low,18,1.0,5,16.2,Overcast
R04774,Valencia,Chennai,Moderate,26,2.4,24,9.4,Rain
R04775,London,Durban,Moderate,30,2.8,28,9.0,Rain
R04776,Vancouver,New York,High,45,4.9,88,4.0,Squall
R04777,Singapore,Hong Kong,Low,13,0.8,4,18.4,Overcast
R04778,London,Hamburg,High,45,5.8,84,2.9,Storm
R04779,Hamburg,Auckland,Low,18,1.1,5,14.2,Overcast
R04780,Piraeus,Singapore,High,42,5.5,88,4.6,Storm
R04781,Piraeus,Istanbul,High,47,3.9,85,5.7,Storm
R04782,Singapore,Cape Town,High,49,4.3,67,6.2,Storm
R04783,Rotterdam,Tokyo,High,52,5.4,67,3.3,Storm
R04784,Hong Kong,Singapore,Moderate,30,2.5,22,8.9,Rain
R04785,Chennai,Auckland,High,45,4.4,63,4.6,Squall
R04786,Valencia,Shanghai,Low,12,1.2,2,17.9,Fair
R04787,Istanbul,Valencia,Low,16,0.7,3,17.3,Fair
R04788,Valencia,Piraeus,Low,17,0.9,3,15.8,Fair
R04789,Sydney,Cape Town,Moderate,24,2.3,22,8.7,Rain
R04790,Felixstowe,Cape Town,Low,18,1.1,6,15.1,Overcast
R04791,Dubai,Los Angeles,High,41,4.0,77,5.7,Squall
R04792,Buenos Aires,Shanghai,Moderate,26,2.0,19,9.7,Rain
R04793,Tokyo,Piraeus,High,38,4.0,58,4.8,Squall
R04794,Auckland,Hamburg,High,50,5.7,79,3.3,Storm
R04795,Piraeus,Kochi,Moderate,25,1.9,14,10.3,Overcast
R04796,Mombasa,Rotterdam,Moderate,24,2.1,24,11.1,Rain
R04797,Colombo,Sydney,Low,13,0.8,5,17.6,Overcast
R04798,Auckland,Jebel Ali,High,40,4.7,78,5.6,Squall
R04799,Durban,Vancouver,Moderate,25,2.2,24,9.1,Rain
R04800,Jebel Ali,Piraeus,Moderate,30,2.4,21,9.8,Rain
R04801,Singapore,Chennai,Moderate,26,2.6,16,9.2,Rain
R04802,Tokyo,Sydney,High,47,4.5,70,5.7,Storm
R04803,Dar es Salaam,Melbourne,Moderate,28,2.6,18,10.4,Rain
R04804,Sydney,Santos,Low,17,0.8,4,16.5,Overcast
R04805,Santos,Felixstowe,Moderate,28,2.4,22,10.1,Rain
R04806,Hamburg,Cape Town,High,53,4.8,78,5.2,Storm
R04807,Valencia,Hamburg,Moderate,28,2.3,23,9.7,Rain
R04808,Auckland,Santos,Low,12,0.7,3,16.6,Overcast
R04809,Cape Town,Mumbai,Moderate,27,2.1,13,8.8,Overcast
R04810,Istanbul,Mumbai,High,40,4.5,70,5.5,Squall
R04811,Istanbul,Jebel Ali,High,41,5.4,76,3.1,Storm
R04812,Colombo,Felixstowe,High,49,4.5,72,5.3,Storm
R04813,Tokyo,Felixstowe,Low,15,1.0,3,16.9,Overcast
R04814,Kochi,Hamburg,Moderate,29,1.9,19,10.7,Rain
R04815,Cape Town,Singapore,High,40,4.3,55,5.8,Squall
R04816,Istanbul,Mombasa,High,39,5.1,80,5.6,Storm
R04817,Busan,Hong Kong,High,46,5.1,98,3.3,Storm
R04818,Busan,Mumbai,High,40,5.3,66,4.0,Storm
R04819,Kochi,Piraeus,High,42,4.2,61,5.3,Squall
R04820,Singapore,Dar es Salaam,Moderate,26,2.2,20,9.5,Rain
R04821,Melbourne,Santos,Moderate,26,2.7,14,9.0,Overcast
R04822,Rotterdam,Jebel Ali,High,49,4.6,89,5.1,Storm
R04823,Valencia,Buenos Aires,Moderate,28,2.7,24,10.0,Rain
R04824,Colombo,Piraeus,Low,16,1.1,2,16.4,Fair
R04825,Piraeus,Colombo,Moderate,30,2.4,18,8.7,Rain
R04826,Dar es Salaam,Istanbul,Low,13,0.9,3,14.2,Fair
R04827,Sydney,Jebel Ali,High,47,4.4,80,4.7,Storm
R04828,Mumbai,Busan,Low,12,0.8,1,16.8,Fair
R04829,Singapore,Valencia,Moderate,25,2.2,20,10.4,Rain
R04830,Singapore,Buenos Aires,Low,10,1.1,2,17.4,Fair
R04831,Durban,Auckland,Moderate,29,2.4,24,10.3,Rain
R04832,Vancouver,London,High,46,3.9,61,3.6,Storm
R04833,Shanghai,Tokyo,High,50,5.3,86,4.7,Storm
R04834,Melbourne,Shanghai,Low,14,1.2,5,14.4,Overcast
R04835,Kochi,Durban,Low,14,1.0,2,14.9,Fair
R04836,Santos,Istanbul,Moderate,29,2.4,26,9.5,Rain
R04837,London,Mombasa,Moderate,27,2.5,23,10.7,Rain
R04838,New York,Rotterdam,High,52,5.2,73,3.7,Storm
R04839,Busan,Kochi,Moderate,27,2.5,21,9.8,Rain
R04840,Durban,New York,High,50,4.9,80,5.0,Storm
R04841,Dar es Salaam,Piraeus,High,48,4.4,72,4.2,Storm
R04842,Mombasa,London,High,41,4.0,83,3.6,Storm
R04843,Shanghai,Melbourne,Low,18,1.3,4,13.8,Overcast
R04844,Vancouver,Kochi,High,47,5.1,61,3.8,Storm
R04845,Singapore,Sydney,High,42,4.6,79,4.3,Squall
R04846,Melbourne,Cape Town,Low,10,0.7,3,16.2,Overcast
R04847,Vancouver,New York,Moderate,30,2.2,15,9.8,Rain
R04848,Istanbul,Valencia,High,42,5.4,70,4.1,Storm
R04849,Melbourne,Kochi,High,41,4.2,82,4.4,Squall
R04850,Singapore,Hamburg,High,40,4.4,57,3.8,Storm
R04851,London,Dar es Salaam,High,45,4.4,68,5.3,Storm
R04852,Cape Town,Dubai,Low,16,1.1,6,16.6,Overcast
R04853,Buenos Aires,Tokyo,High,45,5.0,80,5.6,Squall
R04854,Los Angeles,Rotterdam,Moderate,29,2.6,16,8.9,Rain
R04855,Jebel Ali,Busan,Low,12,1.1,5,17.1,Overcast
R04856,Dar es Salaam,Shanghai,Low,12,1.2,4,16.2,Overcast
R04857,Busan,London,Low,18,1.3,5,15.2,Overcast
R04858,Buenos Aires,Vancouver,Moderate,30,2.8,26,9.2,Rain
R04859,Cape Town,Felixstowe,Low,17,0.8,4,14.3,Overcast
R04860,New York,Sydney,Moderate,25,2.6,20,10.5,Rain
R04861,Istanbul,Auckland,Low,16,1.0,4,16.2,Overcast
R04862,Melbourne,Piraeus,High,41,4.8,73,3.4,Storm
R04863,Chennai,Singapore,Low,14,0.8,2,17.0,Fair
R04864,Los Angeles,Colombo,Moderate,29,2.1,16,11.2,Rain
R04865,Dar es Salaam,Dubai,Moderate,28,2.2,15,10.6,Rain
R04866,Hong Kong,Sydney,High,44,4.8,88,5.0,Squall
R04867,Hong Kong,Dubai,Moderate,29,2.6,21,9.2,Rain
R04868,Felixstowe,Colombo,High,47,5.2,67,5.2,Storm
R04869,Hong Kong,Kochi,Low,18,1.2,5,17.4,Overcast
R04870,Cape Town,Colombo,Low,18,0.9,4,16.0,Overcast
R04871,Piraeus,Mumbai,Low,12,0.8,4,18.2,Overcast
R04872,Cape Town,Shanghai,Low,16,0.9,4,15.5,Overcast
R04873,Jebel Ali,Mombasa,High,45,5.2,87,6.1,Storm
R04874,Santos,Melbourne,Moderate,26,2.7,25,9.7,Rain
R04875,Chennai,Valencia,High,51,5.3,101,4.9,Storm
R04876,London,Colombo,Low,14,1.1,2,16.2,Fair
R04877,Busan,Colombo,High,46,5.0,91,5.1,Storm
R04878,Santos,Durban,Moderate,25,2.1,20,10.6,Rain
R04879,Singapore,Cape Town,Moderate,26,2.6,24,11.1,Rain
R04880,Sydney,Mombasa,High,47,4.1,93,4.8,Storm
R04881,Melbourne,Hamburg,Low,18,0.7,4,14.2,Overcast
R04882,Mombasa,Jebel Ali,Moderate,28,2.5,25,9.7,Rain
R04883,Piraeus,Buenos Aires,High,40,5.6,92,4.2,Storm
R04884,Dubai,Busan,High,51,4.0,69,3.7,Storm
R04885,London,Santos,Moderate,29,1.9,13,11.1,Overcast
R04886,Durban,Mumbai,Low,15,0.7,2,15.9,Fair
R04887,Tokyo,Kochi,High,48,4.6,84,4.6,Storm
R04888,Dubai,Rotterdam,Moderate,28,2.4,24,9.2,Rain
R04889,Hong Kong,Shanghai,Low,15,0.8,3,18.2,Overcast
R04890,Cape Town,Singapore,Moderate,30,2.3,19,9.8,Rain
R04891,Shanghai,Busan,High,38,5.1,84,5.8,Storm
R04892,Melbourne,Valencia,High,48,4.4,60,4.2,Storm
R04893,Tokyo,Mombasa,Low,17,0.7,2,15.9,Fair
R04894,Mumbai,Hamburg,High,39,4.8,55,5.2,Squall
R04895,Valencia,Felixstowe,Low,14,0.9,4,16.5,Overcast
R04896,Dar es Salaam,Singapore,Moderate,25,2.1,12,11.2,Overcast
R04897,Shanghai,Hong Kong,Low,10,0.8,4,17.8,Overcast
R04898,Shanghai,Hong Kong,Moderate,27,2.1,28,9.5,Rain
R04899,Sydney,Vancouver,Moderate,26,2.5,16,10.2,Rain
R04900,Buenos Aires,Dubai,Moderate,28,2.6,19,9.1,Rain
R04901,Hong Kong,Felixstowe,Moderate,28,2.5,22,10.1,Rain
R04902,Melbourne,Hong Kong,Low,13,0.7,3,16.8,Fair
R04903,Tokyo,Auckland,Low,17,1.1,5,14.7,Overcast
R04904,Singapore,Dubai,Moderate,26,2.5,26,9.4,Rain
R04905,Dubai,Busan,Moderate,25,2.0,20,10.5,Rain
R04906,Santos,New York,High,47,3.9,58,4.4,Storm
R04907,New York,Los Angeles,Moderate,28,2.6,18,9.3,Rain
R04908,Shanghai,Kochi,Low,16,1.1,2,15.3,Fair
R04909,London,Tokyo,Moderate,27,2.6,17,10.3,Rain
R04910,Hong Kong,Valencia,Low,17,0.6,3,17.9,Overcast
R04911,Buenos Aires,Shanghai,Low,14,1.0,3,17.7,Overcast
R04912,Piraeus,Hamburg,Moderate,28,2.8,21,10.4,Rain
R04913,Felixstowe,Rotterdam,High,46,5.3,95,5.6,Storm
R04914,London,Chennai,High,41,5.3,90,5.2,Storm
R04915,Buenos Aires,Jebel Ali,Moderate,29,2.2,28,8.9,Rain
R04916,Cape Town,Tokyo,Moderate,28,2.3,19,10.3,Rain
R04917,Sydney,Singapore,Low,14,0.7,5,18.7,Overcast
R04918,Vancouver,Busan,Moderate,27,2.6,17,10.1,Rain
R04919,Jebel Ali,Durban,Moderate,26,2.3,20,10.3,Rain
R04920,Colombo,Jebel Ali,High,37,4.6,45,5.9,Squall
R04921,Shanghai,Buenos Aires,Moderate,29,2.0,25,10.0,Rain
R04922,Durban,Buenos Aires,Low,18,1.3,5,16.2,Overcast
R04923,Santos,Melbourne,Low,11,0.7,4,15.2,Overcast
R04924,Piraeus,Tokyo,High,49,4.0,75,3.6,Storm
R04925,Vancouver,Hong Kong,Moderate,27,2.6,26,8.5,Rain
R04926,Rotterdam,Cape Town,Moderate,27,2.0,23,9.4,Rain
R04927,Jebel Ali,Dar es Salaam,Moderate,25,1.9,18,11.1,Rain
R04928,Rotterdam,Piraeus,Moderate,29,2.8,20,8.3,Rain
R04929,Mombasa,Auckland,High,42,3.9,95,4.4,Squall
R04930,Istanbul,Busan,Low,13,0.9,4,16.9,Overcast
R04931,Mombasa,Tokyo,High,39,3.7,77,4.9,Squall
R04932,Rotterdam,Piraeus,High,42,4.9,61,5.5,Squall
R04933,Dubai,Valencia,Moderate,24,2.4,17,9.8,Rain
R04934,Felixstowe,Buenos Aires,High,42,4.7,70,5.1,Squall
R04935,Mombasa,Valencia,Low,13,0.7,2,14.5,Fair
R04936,Shanghai,Busan,High,48,5.2,66,4.5,Storm
R04937,Cape Town,Dar es Salaam,Moderate,28,2.6,21,10.6,Rain
R04938,Colombo,Busan,Moderate,29,2.1,22,8.5,Rain
R04939,Hong Kong,Kochi,Low,14,1.2,5,15.8,Overcast
R04940,Cape Town,Istanbul,High,44,5.8,61,3.7,Storm
R04941,Tokyo,Chennai,Low,11,1.1,2,18.6,Fair
R04942,Dar es Salaam,Chennai,Moderate,29,2.0,16,8.9,Rain
R04943,Busan,Mumbai,High,48,4.8,55,3.7,Storm
R04944,Mumbai,London,High,41,4.4,78,4.3,Squall
R04945,Los Angeles,Shanghai,Moderate,27,2.4,25,9.6,Rain
R04946,Dubai,Auckland,Low,16,1.3,5,13.9,Overcast
R04947,London,Melbourne,Moderate,28,2.0,16,10.6,Rain
R04948,New York,Jebel Ali,Moderate,27,2.1,21,10.7,Rain
R04949,Mumbai,Rotterdam,Low,14,1.2,5,14.8,Overcast
R04950,Busan,Jebel Ali,Low,13,1.2,2,14.0,Fair
R04951,Auckland,Colombo,Low,14,0.9,3,16.1,Fair
R04952,Tokyo,Durban,Low,10,1.1,2,16.9,Fair
R04953,Auckland,Hong Kong,Low,17,1.2,6,17.4,Overcast
R04954,Rotterdam,Los Angeles,Moderate,29,2.6,26,8.2,Rain
R04955,Shanghai,Cape Town,High,41,4.8,93,5.1,Squall
R04956,London,Mombasa,Moderate,29,2.3,20,10.1,Rain
R04957,Dubai,Auckland,Moderate,29,2.5,17,10.5,Rain
R04958,Auckland,Hamburg,Low,15,1.1,2,16.0,Fair
R04959,Hong Kong,Rotterdam,Low,17,0.9,4,16.7,Overcast
R04960,New York,Sydney,Moderate,25,2.0,28,9.2,Rain
R04961,Buenos Aires,Mombasa,Low,16,1.2,5,15.4,Overcast
R04962,Valencia,Santos,Moderate,29,2.3,20,10.4,Rain
R04963,Kochi,Shanghai,Low,13,1.1,2,17.2,Fair
R04964,Kochi,Colombo,Low,14,1.1,3,18.9,Fair
R04965,Hamburg,Chennai,Low,11,0.8,4,16.0,Overcast
R04966,Busan,Dubai,High,49,3.8,82,3.8,Storm
R04967,Busan,Sydney,Moderate,30,2.2,25,9.8,Rain
R04968,Dubai,Melbourne,Low,15,1.1,3,15.1,Overcast
R04969,Piraeus,Dar es Salaam,Moderate,27,2.7,17,8.7,Rain
R04970,New York,Felixstowe,High,50,5.6,61,3.1,Storm
R04971,Kochi,Mumbai,Low,13,1.1,5,17.2,Overcast
R04972,Tokyo,New York,Low,14,0.9,6,15.1,Overcast
R04973,Santos,Busan,High,45,5.4,90,4.6,Storm
R04974,Dar es Salaam,Mumbai,Low,13,1.2,5,16.6,Overcast
R04975,Jebel Ali,Valencia,Moderate,28,2.6,19,8.9,Rain
R04976,Mombasa,Durban,High,42,4.9,85,5.2,Squall
R04977,Melbourne,Buenos Aires,High,41,4.8,85,4.6,Squall
R04978,Los Angeles,Buenos Aires,Moderate,30,2.6,25,9.0,Rain
R04979,Buenos Aires,Felixstowe,Moderate,26,2.4,18,9.5,Rain
R04980,Mombasa,Rotterdam,High,50,5.4,84,4.6,Storm
R04981,Rotterdam,Tokyo,High,53,4.5,101,4.8,Storm
R04982,Mumbai,Hong Kong,Moderate,27,2.6,23,9.7,Rain
R04983,Hong Kong,Jebel Ali,Moderate,26,2.5,14,10.0,Overcast
R04984,Busan,Kochi,Moderate,29,2.2,17,10.3,Rain
R04985,Felixstowe,Santos,Low,13,0.7,3,15.6,Fair
R04986,Hamburg,Sydney,High,46,5.4,64,4.0,Storm
R04987,Hong Kong,Buenos Aires,Moderate,29,2.7,17,10.5,Rain
R04988,Los Angeles,Dubai,Moderate,29,2.2,24,10.3,Rain
R04989,Valencia,Sydney,Low,12,1.0,4,16.5,Overcast
R04990,Piraeus,Tokyo,Moderate,26,2.4,21,9.0,Rain
R04991,Kochi,Colombo,Moderate,29,2.3,26,10.5,Rain
R04992,Santos,Singapore,High,45,4.6,56,5.1,Squall
R04993,Sydney,Hamburg,Low,13,1.1,2,15.0,Fair
R04994,Buenos Aires,Dubai,Low,17,0.6,5,18.2,Overcast
R04995,Jebel Ali,Shanghai,Low,17,1.0,4,15.5,Overcast
R04996,Rotterdam,Singapore,Low,13,0.8,2,14.7,Fair
R04997,Mombasa,Cape Town,High,40,5.2,93,5.6,Storm
R04998,Istanbul,Rotterdam,Moderate,29,2.1,18,10.0,Rain
R04999,Los Angeles,Santos,Moderate,27,2.1,22,9.5,Rain
R05000,Auckland,Hamburg,Low,13,0.8,3,16.5,Fair
R05001,Piraeus,Mumbai,High,39,3.9,65,4.5,Squall
R05002,Chennai,Dubai,Low,12,0.9,4,15.0,Overcast
R05003,Melbourne,Durban,High,41,5.5,96,5.0,Storm
R05004,Buenos Aires,Felixstowe,Moderate,30,2.5,20,9.2,Rain
R05005,Dubai,Hong Kong,High,50,5.0,62,3.6,Storm
R05006,Sydney,Rotterdam,Low,12,1.2,3,18.2,Overcast
R05007,Los Angeles,New York,High,40,4.4,59,5.6,Squall
R05008,Busan,Felixstowe,High,41,5.1,72,3.7,Storm
R05009,Singapore,New York,Moderate,28,2.5,17,9.6,Rain
R05010,Rotterdam,Hong Kong,High,49,4.3,84,3.7,Storm
R05011,Dar es Salaam,Colombo,High,48,4.4,82,4.3,Storm
R05012,London,Sydney,Low,19,1.0,3,14.3,Fair
R05013,Auckland,Cape Town,Moderate,25,2.3,19,10.1,Rain
R05014,Vancouver,Colombo,Low,18,1.0,2,15.3,Fair
R05015,Colombo,Mumbai,Low,17,1.2,4,17.8,Overcast
R05016,Sydney,Buenos Aires,Low,15,0.7,5,15.2,Overcast
R05017,Mumbai,Jebel Ali,High,51,4.2,77,5.4,Storm
R05018,Jebel Ali,Hamburg,Low,13,1.2,2,15.2,Fair
R05019,Shanghai,Vancouver,Moderate,25,2.5,27,8.8,Rain
R05020,Dubai,London,Moderate,29,2.4,24,9.8,Rain
R05021,Piraeus,Shanghai,Low,13,1.1,3,15.9,Fair
R05022,Felixstowe,Piraeus,High,49,5.0,101,4.5,Storm
R05023,Hamburg,Rotterdam,High,50,5.2,87,4.5,Storm
R05024,Buenos Aires,Chennai,Moderate,28,2.6,21,10.1,Rain
R05025,Busan,Hong Kong,Moderate,26,2.6,25,10.0,Rain
R05026,Singapore,Los Angeles,High,41,5.3,82,4.3,Storm
R05027,Jebel Ali,New York,High,46,4.4,101,3.7,Storm
R05028,Chennai,Sydney,Low,12,0.9,4,14.7,Overcast
R05029,Los Angeles,Kochi,Moderate,27,2.5,23,9.4,Rain
R05030,London,Hong Kong,Low,12,1.0,3,16.4,Overcast
R05031,Los Angeles,Colombo,Moderate,27,2.0,15,9.5,Overcast
R05032,Hamburg,Jebel Ali,Moderate,25,2.4,25,9.3,Rain
R05033,Kochi,Cape Town,Moderate,28,2.1,21,10.6,Rain
R05034,Cape Town,New York,Moderate,29,2.1,18,9.5,Rain
R05035,Hong Kong,Auckland,Low,16,1.1,3,15.6,Overcast
R05036,Shanghai,Melbourne,Moderate,30,2.4,23,10.3,Rain
R05037,Kochi,Durban,High,50,4.9,73,4.7,Storm
R05038,Tokyo,Melbourne,Moderate,27,2.5,17,10.1,Rain
R05039,Colombo,Tokyo,Low,14,0.9,2,16.2,Fair
R05040,Hamburg,Durban,High,41,5.4,75,3.3,Storm
R05041,Hamburg,Sydney,High,43,5.6,63,3.5,Storm
R05042,Mumbai,Hamburg,High,41,5.7,92,5.0,Storm
R05043,Buenos Aires,Sydney,High,45,4.4,74,4.6,Storm
R05044,Mumbai,Auckland,Moderate,27,2.7,27,10.1,Rain
R05045,Melbourne,London,Moderate,26,2.1,25,9.0,Rain
R05046,Melbourne,Shanghai,Low,13,0.8,5,17.3,Overcast
R05047,Mombasa,Piraeus,Low,14,0.8,3,15.9,Overcast
R05048,Melbourne,Dar es Salaam,Low,17,1.1,5,15.8,Overcast
R05049,Dar es Salaam,Singapore,Moderate,24,2.2,18,9.8,Rain
R05050,Auckland,New York,Moderate,28,2.7,27,8.1,Rain
R05051,Valencia,Rotterdam,Moderate,29,2.7,19,10.2,Rain
R05052,Shanghai,Vancouver,Moderate,26,2.2,21,8.6,Rain
R05053,Shanghai,Dar es Salaam,Moderate,28,2.2,23,10.3,Rain
R05054,Busan,Cape Town,Low,16,0.8,4,17.0,Overcast
R05055,Kochi,Santos,High,48,4.5,88,5.5,Storm
R05056,Busan,Chennai,Moderate,27,1.9,17,11.3,Rain
R05057,Vancouver,Hamburg,Low,16,1.2,3,14.8,Fair
R05058,Sydney,Buenos Aires,Low,14,0.8,4,14.8,Overcast
R05059,Mombasa,Santos,High,48,4.1,82,5.5,Storm
R05060,Melbourne,Auckland,Low,14,1.1,2,17.0,Fair
R05061,Valencia,Singapore,Moderate,26,2.0,13,9.6,Overcast
R05062,Felixstowe,Kochi,High,43,4.9,71,3.9,Storm
R05063,Durban,Melbourne,High,47,4.4,66,4.6,Storm
R05064,Istanbul,Kochi,High,43,4.4,85,5.5,Squall
R05065,Hong Kong,Sydney,Low,17,1.0,2,16.5,Fair
R05066,Auckland,Melbourne,Low,16,1.0,3,15.1,Overcast
R05067,Kochi,Singapore,Moderate,28,1.8,23,9.7,Rain
R05068,Melbourne,Buenos Aires,High,47,5.3,90,5.6,Storm
R05069,Auckland,Chennai,High,43,5.3,82,5.8,Storm
R05070,Dubai,Felixstowe,Low,17,0.6,3,15.3,Overcast
R05071,Hong Kong,Buenos Aires,Moderate,26,2.4,26,8.7,Rain
R05072,Sydney,Felixstowe,High,46,4.4,57,5.4,Storm
R05073,Tokyo,Chennai,Low,11,0.6,2,16.1,Fair
R05074,London,Melbourne,Moderate,31,2.6,28,8.0,Rain
R05075,Rotterdam,Cape Town,Moderate,26,2.8,22,8.7,Rain
R05076,Mombasa,Dubai,High,38,3.7,78,4.5,Squall
R05077,New York,Busan,High,47,5.7,74,5.0,Storm
R05078,Mumbai,Rotterdam,High,42,5.5,90,4.8,Storm
R05079,Valencia,Chennai,High,42,4.2,93,4.0,Storm
R05080,Santos,Mumbai,Moderate,29,2.2,24,9.7,Rain
R05081,Auckland,Buenos Aires,Moderate,29,2.4,16,9.8,Rain
R05082,Singapore,Rotterdam,Low,14,1.1,4,14.6,Overcast
R05083,Istanbul,Singapore,Moderate,26,2.3,18,10.6,Rain
R05084,Chennai,Melbourne,Low,12,1.3,3,16.2,Fair
R05085,Hong Kong,Mombasa,Low,17,1.1,5,15.6,Overcast
R05086,Dar es Salaam,Colombo,Low,15,1.0,1,16.8,Fair
R05087,Singapore,Valencia,High,45,5.3,72,4.0,Storm
R05088,Santos,Rotterdam,Low,11,0.9,4,15.2,Overcast
R05089,Shanghai,New York,Moderate,28,2.5,29,8.5,Rain
R05090,Cape Town,Chennai,Moderate,26,2.1,26,9.4,Rain
R05091,New York,Sydney,High,42,4.9,60,4.5,Squall
R05092,New York,Tokyo,High,45,5.0,55,3.8,Storm
R05093,Vancouver,Hamburg,Moderate,31,2.9,28,10.1,Rain
R05094,Mumbai,Istanbul,Moderate,28,2.1,20,8.6,Rain
R05095,Durban,Santos,Moderate,25,2.2,19,9.6,Rain
R05096,Sydney,Mombasa,Low,12,0.8,3,15.5,Fair
R05097,Singapore,Buenos Aires,High,44,5.4,85,4.6,Storm
R05098,Kochi,Shanghai,Moderate,29,2.3,28,10.3,Rain
R05099,Los Angeles,Buenos Aires,Moderate,29,2.4,24,8.3,Rain
R05100,Colombo,Tokyo,Low,11,1.1,5,15.6,Overcast
R05101,Dubai,Hamburg,Moderate,28,2.1,18,10.6,Rain
R05102,Hong Kong,Sydney,Moderate,28,2.4,18,9.6,Rain
R05103,Chennai,New York,Low,13,0.6,2,17.2,Fair
R05104,Rotterdam,Colombo,Low,12,0.7,2,17.1,Fair
R05105,Colombo,Santos,Moderate,27,1.8,15,11.0,Overcast
R05106,Dubai,Valencia,High,49,5.4,63,3.9,Storm
R05107,Piraeus,Hong Kong,High,46,5.4,55,4.8,Storm
R05108,Santos,London,Moderate,27,2.6,24,8.6,Rain
R05109,Buenos Aires,Auckland,Moderate,26,2.7,23,8.9,Rain
R05110,Kochi,Auckland,High,42,4.5,84,4.1,Squall
R05111,Shanghai,Hamburg,Moderate,24,2.0,18,9.2,Rain
R05112,Cape Town,Piraeus,High,42,4.4,98,5.4,Squall
R05113,Istanbul,Mombasa,Moderate,28,2.6,18,10.1,Rain
R05114,New York,Mumbai,Low,14,0.7,6,14.9,Overcast
R05115,Mombasa,Santos,High,37,5.1,66,4.4,Storm
R05116,Rotterdam,Mombasa,Moderate,28,2.6,17,10.3,Rain
R05117,Piraeus,Melbourne,Low,14,0.8,5,16.2,Overcast
R05118,Durban,Dubai,Low,13,1.2,3,17.8,Fair
R05119,Los Angeles,Dubai,High,45,5.8,98,5.4,Storm
R05120,Tokyo,London,Low,14,0.9,5,15.9,Overcast
R05121,Los Angeles,Sydney,High,42,4.5,58,5.7,Squall
R05122,Cape Town,Hamburg,High,40,5.4,72,5.0,Storm
R05123,Piraeus,Hong Kong,Moderate,28,2.6,19,10.0,Rain
R05124,Rotterdam,Los Angeles,High,48,5.5,64,4.1,Storm
R05125,Piraeus,New York,Moderate,27,2.4,16,10.7,Rain
R05126,Durban,Hong Kong,Low,13,1.0,5,16.6,Overcast
R05127,Mumbai,Hong Kong,Low,16,1.1,4,18.4,Overcast
R05128,Dubai,Valencia,High,41,4.8,77,3.9,Storm
R05129,Buenos Aires,Istanbul,Low,15,1.0,4,18.0,Overcast
R05130,Jebel Ali,Buenos Aires,High,40,4.6,85,4.3,Squall
R05131,Mombasa,Busan,High,40,4.7,80,4.4,Squall
R05132,Mumbai,Santos,Moderate,30,2.7,27,8.7,Rain
R05133,Busan,Sydney,Moderate,30,2.7,17,9.9,Rain
R05134,Jebel Ali,Cape Town,Low,16,1.0,4,16.4,Overcast
R05135,Sydney,Vancouver,Low,16,1.1,3,14.8,Fair
R05136,Vancouver,Dar es Salaam,High,50,4.1,77,5.1,Storm
R05137,Mombasa,Hamburg,High,45,4.5,71,5.7,Squall
R05138,Rotterdam,Istanbul,High,43,4.5,62,4.7,Squall
R05139,Santos,Dubai,Low,14,0.8,3,15.8,Overcast
R05140,New York,Durban,Low,15,0.9,5,17.0,Overcast
R05141,Istanbul,Busan,Low,14,0.8,5,14.8,Overcast
R05142,Durban,Piraeus,Moderate,26,2.1,18,9.9,Rain
R05143,Felixstowe,Colombo,High,47,4.9,65,5.3,Storm
R05144,Shanghai,Chennai,Low,13,0.7,2,16.1,Fair
R05145,Busan,Los Angeles,Low,14,0.8,6,15.9,Overcast
R05146,Kochi,Busan,Low,15,1.1,3,15.4,Overcast
R05147,Kochi,Los Angeles,Low,15,1.1,5,14.5,Overcast
R05148,Sydney,New York,Low,18,0.9,3,14.5,Overcast
R05149,Auckland,Chennai,Low,18,0.7,5,15.4,Overcast
R05150,Colombo,Hong Kong,High,51,4.1,83,4.1,Storm
R05151,Los Angeles,Busan,Moderate,30,2.7,25,10.0,Rain
R05152,Vancouver,Sydney,Low,18,0.8,6,14.8,Overcast
R05153,Hamburg,Jebel Ali,Low,16,1.0,4,14.6,Overcast
R05154,Busan,Dar es Salaam,High,42,4.8,85,4.7,Squall
R05155,Shanghai,Los Angeles,Moderate,26,2.5,18,10.1,Rain
R05156,Dubai,Shanghai,Low,15,1.0,4,15.0,Overcast
R05157,Sydney,Rotterdam,High,48,5.1,77,4.3,Storm
R05158,Felixstowe,New York,High,51,5.0,53,4.8,Storm
R05159,Dar es Salaam,Hong Kong,Low,12,1.2,6,17.4,Overcast
R05160,Cape Town,Jebel Ali,High,51,5.6,62,4.0,Storm
R05161,Tokyo,Melbourne,High,44,5.7,86,3.4,Storm
R05162,Mombasa,Buenos Aires,Low,17,1.0,4,14.7,Overcast
R05163,Shanghai,Cape Town,Low,19,1.1,6,16.0,Overcast
R05164,Istanbul,Durban,Low,14,1.1,5,16.8,Overcast
R05165,Auckland,Chennai,Moderate,30,2.6,14,9.3,Overcast
R05166,Tokyo,Busan,High,46,4.4,87,5.2,Storm
R05167,Santos,Kochi,Low,12,1.1,2,18.2,Fair
R05168,Busan,Singapore,Moderate,29,2.2,20,9.9,Rain
R05169,Kochi,Istanbul,High,48,4.2,66,4.5,Storm
R05170,Colombo,Felixstowe,High,46,5.5,64,5.8,Storm
R05171,Jebel Ali,Sydney,Low,12,1.0,2,14.2,Fair
R05172,Valencia,Auckland,Moderate,29,2.4,26,10.5,Rain
R05173,Dubai,Cape Town,High,50,4.2,74,5.1,Storm
R05174,Istanbul,London,Moderate,31,2.1,18,10.0,Rain
R05175,Tokyo,Busan,Moderate,27,2.7,14,8.8,Overcast
R05176,Kochi,Piraeus,Moderate,25,2.5,24,10.1,Rain
R05177,Santos,Tokyo,Low,19,1.1,6,17.2,Overcast
R05178,Auckland,Hong Kong,Moderate,26,2.0,17,10.0,Rain
R05179,Vancouver,Hamburg,High,44,5.4,80,3.8,Storm
R05180,Dubai,Hamburg,Moderate,28,2.7,26,8.9,Rain
R05181,Cape Town,Singapore,Low,11,0.7,2,15.9,Fair
R05182,Piraeus,Hamburg,Moderate,27,1.9,19,9.1,Rain
R05183,Singapore,Busan,High,40,3.9,79,5.9,Squall
R05184,Kochi,Durban,Moderate,25,2.6,24,10.5,Rain
R05185,Shanghai,Auckland,Moderate,30,2.2,25,9.6,Rain
R05186,Buenos Aires,Mumbai,High,44,5.3,80,5.1,Storm
R05187,Felixstowe,Colombo,High,49,5.1,58,4.7,Storm
R05188,Mumbai,Dar es Salaam,Moderate,26,2.5,24,11.0,Rain
R05189,Chennai,Kochi,Moderate,29,2.7,15,9.8,Rain
R05190,Colombo,Felixstowe,Low,12,1.2,6,17.7,Overcast
R05191,Vancouver,Mombasa,Low,18,0.8,4,18.3,Overcast
R05192,Mumbai,Vancouver,Low,12,0.9,3,16.0,Overcast
R05193,Singapore,Dubai,High,49,4.1,89,5.8,Storm
R05194,Hamburg,Busan,High,49,4.1,91,4.1,Storm
R05195,Los Angeles,Valencia,Low,14,0.8,4,16.9,Overcast
R05196,Mumbai,Los Angeles,Low,15,1.0,4,17.5,Overcast
R05197,Busan,Sydney,Moderate,29,2.3,29,8.8,Rain
R05198,Hamburg,Istanbul,High,47,4.8,78,4.4,Storm
R05199,Busan,Buenos Aires,Low,16,0.9,4,16.5,Overcast
R05200,London,Valencia,Moderate,30,2.7,19,11.0,Rain
R05201,Dar es Salaam,Buenos Aires,Low,15,1.1,2,19.0,Fair
R05202,Felixstowe,Valencia,High,39,5.1,55,5.6,Storm
R05203,Tokyo,Mombasa,Moderate,28,2.1,23,11.3,Rain
R05204,Mombasa,Los Angeles,Low,13,0.9,4,15.8,Overcast
R05205,Chennai,London,Moderate,25,2.0,23,9.9,Rain
R05206,Hamburg,Auckland,Low,16,1.0,4,17.8,Overcast
R05207,Colombo,New York,High,45,4.0,57,5.3,Storm
R05208,Los Angeles,Rotterdam,Low,18,0.8,5,16.5,Overcast
R05209,Sydney,Santos,High,43,5.1,59,4.4,Storm
R05210,Valencia,Sydney,Moderate,26,2.5,18,10.6,Rain
R05211,Mombasa,Hamburg,Moderate,25,2.6,22,10.7,Rain
R05212,Santos,Valencia,Moderate,30,2.8,26,10.2,Rain
R05213,Mombasa,Dubai,Moderate,24,2.4,24,11.1,Rain
R05214,Felixstowe,Tokyo,High,43,4.3,82,3.4,Storm
R05215,Chennai,Los Angeles,Low,14,0.9,4,17.7,Overcast
R05216,Mumbai,Los Angeles,High,44,4.8,79,3.9,Storm
R05217,New York,Cape Town,Moderate,28,2.0,21,10.8,Rain
R05218,Buenos Aires,Jebel Ali,High,48,4.3,56,4.9,Storm
R05219,Los Angeles,Tokyo,Moderate,27,2.2,21,8.6,Rain
R05220,Melbourne,Valencia,Low,11,0.8,4,17.1,Overcast
R05221,Felixstowe,Dar es Salaam,High,40,4.1,88,4.2,Squall
R05222,Hong Kong,Los Angeles,Moderate,27,2.4,18,8.8,Rain
R05223,Hong Kong,Cape Town,Moderate,30,2.1,28,8.5,Rain
R05224,Cape Town,Hamburg,High,51,4.7,74,3.1,Storm
R05225,Piraeus,Singapore,Low,13,0.8,5,15.3,Overcast
R05226,Mombasa,Hong Kong,High,42,5.0,52,5.3,Storm
R05227,Shanghai,Rotterdam,Low,14,1.2,4,13.6,Overcast
R05228,Valencia,Santos,Moderate,29,2.3,24,9.7,Rain
R05229,Valencia,Piraeus,Moderate,26,2.0,15,9.8,Rain
R05230,Durban,Colombo,Moderate,30,2.0,19,9.2,Rain
R05231,Rotterdam,Cape Town,Moderate,28,2.7,15,10.1,Rain
R05232,Tokyo,Chennai,High,42,3.7,55,4.9,Squall
R05233,Melbourne,Mombasa,Low,13,0.8,2,15.9,Fair
R05234,Los Angeles,Santos,Low,16,1.1,3,18.1,Overcast
R05235,Los Angeles,Singapore,High,42,4.2,48,4.9,Squall
R05236,Mombasa,Colombo,Low,14,1.0,5,17.4,Overcast
R05237,Kochi,Shanghai,Moderate,29,2.0,25,9.9,Rain
R05238,Shanghai,Cape Town,High,48,4.2,70,5.5,Storm
R05239,New York,Tokyo,High,42,4.3,86,5.2,Squall
R05240,Colombo,Shanghai,High,40,3.9,69,4.3,Squall
R05241,Tokyo,New York,Moderate,27,2.2,18,9.3,Rain
R05242,Mumbai,Mombasa,Moderate,28,2.5,18,9.8,Rain
R05243,Piraeus,Shanghai,High,39,5.0,50,6.0,Squall
R05244,Dar es Salaam,Cape Town,Moderate,26,2.6,16,9.8,Rain
R05245,Dar es Salaam,Busan,Moderate,28,2.6,18,8.5,Rain
R05246,Shanghai,Felixstowe,Low,18,1.3,3,14.6,Overcast
R05247,London,Jebel Ali,High,50,4.9,84,5.9,Storm
R05248,Hamburg,Istanbul,Low,18,0.9,5,16.0,Overcast
R05249,Sydney,Santos,Low,13,0.9,4,14.9,Overcast
R05250,Buenos Aires,Felixstowe,High,47,4.8,62,3.3,Storm
R05251,Cape Town,Mumbai,Low,15,1.0,4,17.0,Overcast
R05252,Jebel Ali,Rotterdam,Moderate,27,2.6,21,8.2,Rain
R05253,Melbourne,Jebel Ali,High,43,4.3,89,5.3,Squall
R05254,Hamburg,Jebel Ali,Moderate,30,2.7,19,10.0,Rain
R05255,Shanghai,Sydney,High,43,4.7,53,5.1,Squall
R05256,New York,Mombasa,High,49,4.5,97,4.9,Storm
R05257,Sydney,Vancouver,Low,16,1.0,4,15.6,Overcast
R05258,Auckland,Istanbul,Moderate,26,2.3,18,8.5,Rain
R05259,Hong Kong,London,Low,15,0.8,4,14.8,Overcast
R05260,Hamburg,Kochi,Low,16,0.9,4,15.4,Overcast
R05261,Chennai,Cape Town,Moderate,24,1.9,24,9.9,Rain
R05262,Shanghai,Mombasa,Moderate,26,2.2,22,8.9,Rain
R05263,Singapore,Kochi,High,45,4.8,55,5.5,Squall
R05264,Buenos Aires,Singapore,High,48,5.0,85,5.1,Storm
R05265,New York,Singapore,High,50,4.9,78,4.7,Storm
R05266,Sydney,New York,Moderate,28,2.1,21,11.0,Rain
R05267,Hamburg,London,Low,19,1.0,6,16.3,Overcast
R05268,Singapore,Durban,Moderate,24,2.4,23,9.4,Rain
R05269,London,Chennai,Low,13,0.7,2,17.5,Fair
R05270,Felixstowe,Kochi,Moderate,26,2.6,14,10.9,Overcast
R05271,Istanbul,Vancouver,Moderate,28,2.5,20,9.3,Rain
R05272,Melbourne,Valencia,High,47,5.1,83,5.6,Storm
R05273,Valencia,Mumbai,High,50,4.6,94,4.5,Storm
R05274,Hong Kong,Shanghai,Low,14,0.9,5,17.8,Overcast
R05275,Dubai,Busan,Low,13,0.7,2,18.3,Fair
R05276,Tokyo,Colombo,High,42,4.7,90,4.7,Squall
R05277,New York,Hamburg,Moderate,28,2.5,14,9.5,Overcast
R05278,Chennai,Shanghai,High,40,3.8,65,6.0,Squall
R05279,Mombasa,Rotterdam,High,50,4.3,85,5.6,Storm
R05280,Melbourne,Piraeus,Low,14,1.0,5,15.3,Overcast
R05281,Santos,Dar es Salaam,Low,14,0.9,5,15.1,Overcast
R05282,Mumbai,Hong Kong,Low,17,0.9,3,16.0,Overcast
R05283,Tokyo,Sydney,Low,12,0.6,5,15.5,Overcast
R05284,Valencia,Mumbai,Moderate,28,2.4,21,10.5,Rain
R05285,Piraeus,Mombasa,Low,14,1.3,3,17.8,Overcast
R05286,Sydney,Los Angeles,High,47,4.3,69,5.7,Storm
R05287,Auckland,Hamburg,Moderate,27,2.7,22,10.1,Rain
R05288,Hong Kong,Istanbul,Low,13,1.3,4,17.0,Overcast
R05289,Hong Kong,Mombasa,Low,15,0.8,5,16.4,Overcast
R05290,Mombasa,Busan,High,50,5.4,81,6.0,Storm
R05291,Hamburg,Durban,Low,19,0.9,2,14.4,Fair
R05292,Singapore,Durban,Low,16,0.9,3,17.2,Overcast
R05293,Hamburg,Melbourne,High,50,5.0,60,5.3,Storm
R05294,London,Singapore,High,44,5.3,59,4.0,Storm
R05295,London,Busan,High,52,5.6,89,3.9,Storm
R05296,Cape Town,Santos,Low,17,1.0,4,17.3,Overcast
R05297,Istanbul,Dar es Salaam,Low,10,0.9,2,15.6,Fair
R05298,Istanbul,Felixstowe,Moderate,30,2.4,18,9.5,Rain
R05299,Valencia,Singapore,High,41,4.2,60,3.4,Storm
R05300,Piraeus,Rotterdam,Low,13,1.1,6,14.8,Overcast
R05301,Chennai,Hamburg,Moderate,31,2.6,23,10.5,Rain
R05302,Los Angeles,Jebel Ali,Low,16,0.6,2,14.9,Fair
R05303,Dar es Salaam,Auckland,Moderate,27,2.5,15,10.9,Rain
R05304,Melbourne,Tokyo,High,41,4.4,87,3.8,Storm
R05305,Busan,Buenos Aires,Low,12,1.1,4,18.1,Overcast
R05306,Rotterdam,Auckland,High,46,4.1,55,5.7,Storm
R05307,Colombo,Piraeus,Moderate,28,2.2,25,9.1,Rain
R05308,Durban,Hamburg,Moderate,25,2.6,24,10.7,Rain
R05309,Valencia,Rotterdam,Low,11,0.9,5,15.4,Overcast
R05310,Dar es Salaam,Shanghai,Low,17,0.7,3,15.1,Fair
R05311,Sydney,Shanghai,Moderate,28,2.1,19,9.3,Rain
R05312,Busan,Valencia,Low,17,1.4,3,15.6,Fair
R05313,Jebel Ali,Kochi,Low,17,0.8,4,14.7,Overcast
R05314,Los Angeles,Dar es Salaam,High,46,4.9,76,4.4,Storm
R05315,Tokyo,Buenos Aires,Moderate,28,2.7,22,10.9,Rain
R05316,Hamburg,New York,Moderate,30,2.0,18,8.6,Rain
R05317,Chennai,Los Angeles,Moderate,28,2.0,16,11.0,Rain
R05318,Durban,New York,Moderate,25,1.9,14,8.8,Overcast
R05319,Dubai,Los Angeles,Low,18,0.8,2,17.0,Fair
R05320,Vancouver,Singapore,Low,16,0.8,3,15.8,Fair
R05321,Valencia,Jebel Ali,High,45,4.5,75,3.8,Storm
R05322,Durban,Kochi,Low,14,0.9,2,15.4,Fair
R05323,Dar es Salaam,Felixstowe,Low,15,1.2,3,17.2,Fair
R05324,Jebel Ali,Felixstowe,Moderate,27,2.4,26,10.2,Rain
R05325,Istanbul,Sydney,Low,18,0.8,3,14.7,Overcast
R05326,Singapore,Piraeus,Moderate,25,2.5,24,10.7,Rain
R05327,Dubai,Tokyo,Low,16,1.3,6,15.5,Overcast
R05328,Hong Kong,Shanghai,Moderate,30,2.4,21,10.7,Rain
R05329,Dubai,Buenos Aires,High,50,4.5,91,4.4,Storm
R05330,Hong Kong,Dubai,Moderate,29,2.6,23,8.8,Rain
R05331,Los Angeles,Sydney,High,46,5.0,81,4.3,Storm
R05332,Dubai,Shanghai,Low,14,1.1,4,16.2,Overcast
R05333,Hamburg,Buenos Aires,Low,17,0.8,4,14.7,Overcast
R05334,Hong Kong,London,High,49,4.4,71,4.3,Storm
R05335,Shanghai,Los Angeles,Low,16,1.2,6,15.9,Overcast
R05336,Dar es Salaam,Durban,Low,11,0.9,2,17.4,Fair
R05337,Santos,Los Angeles,Moderate,29,2.7,17,10.1,Rain
R05338,Melbourne,Singapore,Low,15,0.8,2,16.0,Fair
R05339,London,Auckland,Low,17,0.7,2,14.7,Fair
R05340,Chennai,Auckland,High,45,5.6,84,5.5,Storm
R05341,Santos,Felixstowe,Moderate,29,2.4,17,8.5,Rain
R05342,Melbourne,Dar es Salaam,Low,11,0.6,3,15.6,Fair
R05343,Hong Kong,Singapore,Low,16,1.2,5,15.0,Overcast
R05344,Mumbai,Singapore,Low,12,0.6,2,15.9,Fair
R05345,Dar es Salaam,Hong Kong,Moderate,25,2.0,27,8.5,Rain
R05346,New York,Felixstowe,Moderate,27,2.4,20,10.4,Rain
R05347,Vancouver,Istanbul,Moderate,28,2.1,15,10.7,Overcast
R05348,Auckland,Mumbai,High,43,4.1,74,5.1,Squall
R05349,Rotterdam,Kochi,High,39,4.3,55,5.9,Squall
R05350,Rotterdam,Shanghai,Low,13,1.0,5,17.6,Overcast
R05351,Shanghai,Mumbai,Low,12,1.0,5,14.7,Overcast
R05352,Chennai,Valencia,Low,16,1.2,3,15.5,Fair
R05353,Cape Town,Kochi,Low,11,0.8,3,18.0,Overcast
R05354,Vancouver,Kochi,Moderate,26,2.3,16,10.7,Rain
R05355,Buenos Aires,Istanbul,Low,17,0.8,6,15.7,Overcast
R05356,Tokyo,Melbourne,Low,17,0.9,5,16.3,Overcast
R05357,Kochi,Busan,Moderate,24,2.1,22,10.7,Rain
R05358,Sydney,Durban,Low,18,0.8,4,15.1,Overcast
R05359,Istanbul,Felixstowe,Moderate,30,2.5,25,9.1,Rain
R05360,New York,Istanbul,High,44,4.9,90,4.6,Squall
R05361,Melbourne,Piraeus,High,46,5.6,90,5.1,Storm
R05362,Jebel Ali,Colombo,High,39,5.1,68,4.2,Storm
R05363,Chennai,Buenos Aires,High,38,5.4,79,4.4,Storm
R05364,London,Dar es Salaam,Low,14,1.0,4,17.7,Overcast
R05365,Colombo,Mombasa,Low,16,1.0,2,16.3,Fair
R05366,Dar es Salaam,Durban,High,46,4.9,96,5.0,Storm
R05367,Istanbul,Hamburg,Low,19,1.3,3,14.3,Fair
R05368,Durban,Hamburg,Moderate,26,2.5,27,8.3,Rain
R05369,Vancouver,Tokyo,High,41,5.0,93,4.9,Storm
R05370,Santos,Colombo,High,40,4.0,61,5.3,Squall
R05371,Istanbul,Durban,Low,13,0.8,4,17.6,Overcast
R05372,Sydney,Hamburg,High,43,5.0,83,4.8,Squall
R05373,Mombasa,Sydney,High,48,4.4,82,6.2,Storm
R05374,Vancouver,Valencia,High,42,5.8,96,4.5,Storm
R05375,Melbourne,Piraeus,High,42,5.1,75,4.3,Storm
R05376,Mombasa,Hong Kong,Low,17,1.1,3,18.3,Fair
R05377,Dubai,Valencia,High,45,3.7,68,5.4,Squall
R05378,Durban,Santos,High,45,4.4,52,4.0,Storm
R05379,Valencia,Kochi,Low,16,0.9,5,15.5,Overcast
R05380,Rotterdam,Shanghai,Moderate,25,2.4,23,10.8,Rain
R05381,Busan,Hong Kong,High,45,4.3,79,5.6,Squall
R05382,Singapore,Cape Town,Low,13,1.1,4,15.3,Overcast
R05383,Chennai,Cape Town,High,46,4.9,59,5.7,Storm
R05384,Melbourne,Felixstowe,High,51,4.9,95,3.2,Storm
R05385,Sydney,Auckland,High,50,4.8,63,5.0,Storm
R05386,Tokyo,Auckland,Moderate,28,1.9,22,9.0,Rain
R05387,Jebel Ali,Vancouver,Moderate,27,2.1,19,8.7,Rain
R05388,Istanbul,Busan,High,44,4.8,74,5.0,Squall
R05389,Hamburg,Chennai,Moderate,29,2.1,14,10.1,Overcast
R05390,Sydney,Tokyo,Moderate,29,2.5,28,10.0,Rain
R05391,Hong Kong,Piraeus,High,40,4.7,76,3.9,Storm
R05392,Vancouver,Shanghai,Moderate,28,2.6,15,8.9,Overcast
R05393,Kochi,Melbourne,Low,13,0.7,4,18.1,Overcast
R05394,Jebel Ali,London,High,49,4.6,97,3.6,Storm
R05395,Rotterdam,Durban,Low,12,1.0,5,15.5,Overcast
R05396,Tokyo,Buenos Aires,Moderate,25,2.2,22,8.9,Rain
R05397,Dar es Salaam,Hong Kong,High,39,4.5,57,5.0,Squall
R05398,Kochi,Colombo,Low,13,0.9,3,17.5,Overcast
R05399,Shanghai,Vancouver,Low,14,1.1,5,17.3,Overcast
R05400,Melbourne,Jebel Ali,High,46,4.7,86,4.5,Storm
R05401,Mombasa,Busan,Moderate,29,2.0,15,10.1,Rain
R05402,Hong Kong,London,Low,16,1.0,5,15.6,Overcast
R05403,London,Dar es Salaam,High,42,5.0,67,5.1,Storm
R05404,Piraeus,Valencia,Low,16,1.1,5,15.9,Overcast
R05405,Dubai,Colombo,Moderate,27,2.0,13,10.2,Overcast
R05406,Shanghai,Dubai,High,46,4.0,93,5.2,Storm
R05407,Tokyo,Busan,Moderate,28,2.8,28,10.3,Rain
R05408,Melbourne,Jebel Ali,High,49,4.2,78,4.8,Storm
R05409,Istanbul,Singapore,Low,14,0.7,4,17.0,Overcast
R05410,Kochi,Dar es Salaam,Moderate,29,2.0,15,10.4,Overcast
R05411,Auckland,Istanbul,Low,17,1.2,3,15.2,Fair
R05412,Dar es Salaam,Mumbai,Low,16,1.0,2,15.1,Fair
R05413,Istanbul,Vancouver,Moderate,30,2.4,26,10.8,Rain
R05414,Felixstowe,Dubai,Moderate,25,2.2,15,8.7,Rain
R05415,Rotterdam,Auckland,Moderate,26,2.5,21,8.6,Rain
R05416,Tokyo,Shanghai,High,50,4.6,81,3.8,Storm
R05417,Kochi,Istanbul,Moderate,27,2.3,18,10.6,Rain
R05418,Hong Kong,Cape Town,Low,17,1.1,3,15.0,Overcast
R05419,Chennai,London,High,50,5.0,85,3.4,Storm
R05420,Istanbul,Los Angeles,Low,18,1.1,5,17.0,Overcast
R05421,Mumbai,Cape Town,High,38,5.1,85,5.6,Storm
R05422,Dubai,Los Angeles,High,43,5.3,81,5.3,Storm
R05423,Mombasa,Shanghai,High,38,4.8,53,4.5,Squall
R05424,Felixstowe,Sydney,Low,13,0.9,5,14.9,Overcast
R05425,Piraeus,Singapore,High,49,5.0,88,4.2,Storm
R05426,Dubai,Busan,High,43,5.6,82,3.7,Storm
R05427,Valencia,Buenos Aires,Moderate,31,2.7,23,9.2,Rain
R05428,Mumbai,London,High,46,4.7,81,5.1,Storm
R05429,New York,Hamburg,Moderate,26,2.7,26,10.7,Rain
R05430,Chennai,Jebel Ali,High,47,4.2,86,5.3,Storm
R05431,Busan,Shanghai,Moderate,27,2.4,25,10.1,Rain
R05432,Istanbul,Colombo,Moderate,29,2.1,14,10.1,Overcast
R05433,Piraeus,Auckland,Low,13,0.7,3,15.6,Fair
R05434,Rotterdam,Valencia,Moderate,31,2.5,21,8.0,Rain
RB05435,Mumbai,Kochi,High,46,4.9,51,4.1,Storm
RB05436,Mumbai,Singapore,Low,14,0.9,4,16.7,Overcast
RB05437,Mumbai,Singapore,Low,10,0.7,3,16.0,Overcast
RB05438,Mumbai,Singapore,Low,16,1.0,4,15.3,Overcast
RB05439,Mumbai,Rotterdam,High,49,4.1,90,4.9,Storm
RB05440,Mumbai,Rotterdam,High,43,5.6,79,5.6,Storm
RB05441,Mumbai,Rotterdam,High,50,5.5,81,3.8,Storm
RB05442,Mumbai,Vancouver,High,50,4.9,88,4.7,Storm
RB05443,Mumbai,Vancouver,High,44,4.9,88,5.5,Squall
RB05444,Mumbai,Vancouver,High,47,4.1,51,5.0,Storm
RB05445,Mumbai,Busan,Moderate,25,2.1,20,10.9,Rain
RB05446,Mumbai,Santos,Moderate,27,2.6,18,9.7,Rain
RB05447,Mumbai,Valencia,High,40,4.0,70,5.3,Squall
RB05448,Mumbai,Valencia,High,45,3.8,93,3.7,Storm
RB05449,Mumbai,Mombasa,Moderate,28,2.2,19,11.1,Rain
RB05450,Mumbai,Mombasa,Moderate,29,1.9,15,9.9,Overcast
RB05451,Auckland,Kochi,Low,14,1.0,4,15.6,Overcast
RB05452,Auckland,Kochi,Low,16,1.1,5,18.3,Overcast
RB05453,Auckland,Kochi,Low,12,1.0,5,16.4,Overcast
RB05454,Auckland,Kochi,Low,18,1.1,5,17.3,Overcast
RB05455,Mumbai,Hamburg,Moderate,29,2.7,26,9.6,Rain
RB05456,Mumbai,Hamburg,Moderate,27,2.5,16,10.3,Rain
RB05457,Mumbai,Hamburg,Moderate,31,2.6,23,9.9,Rain
RB05458,Chennai,Mumbai,High,41,5.1,72,5.5,Storm
RB05459,Chennai,Mumbai,High,42,4.7,63,6.0,Squall
RB05460,Chennai,Mumbai,High,43,4.9,62,4.0,Squall
RB05461,Chennai,Mumbai,High,38,4.4,61,4.3,Squall
RB05462,Mumbai,Hong Kong,High,50,4.1,70,3.5,Storm
RB05463,Mumbai,Hong Kong,High,46,5.3,63,5.7,Storm
RB05464,Mumbai,Hong Kong,High,52,4.6,60,5.0,Storm
RB05465,Piraeus,Hamburg,Moderate,28,2.3,22,9.9,Rain
RB05466,Piraeus,Hamburg,Moderate,25,2.3,14,10.1,Overcast
RB05467,Piraeus,Hamburg,Moderate,29,2.7,20,10.4,Rain
RB05468,Piraeus,Hamburg,Moderate,26,2.5,26,10.1,Rain
RB05469,Mumbai,Cape Town,High,40,5.1,58,4.8,Storm
RB05470,Mumbai,Cape Town,High,48,4.1,59,5.6,Storm
RB05471,Mumbai,Cape Town,High,49,3.7,56,5.3,Storm
RB05472,Mumbai,Buenos Aires,Low,14,1.1,4,17.0,Overcast
RB05473,Mumbai,Buenos Aires,Low,16,1.3,2,17.4,Fair
RB05474,Mumbai,Buenos Aires,Low,14,0.7,3,15.3,Overcast
RB05475,Mumbai,Auckland,Moderate,24,2.6,25,9.0,Rain
RB05476,Mumbai,Auckland,Moderate,25,2.5,19,10.9,Rain
RB05477,Mumbai,Auckland,Moderate,29,2.2,21,10.4,Rain
RB05478,Hong Kong,Mumbai,High,47,3.9,88,5.2,Storm
RB05479,Hong Kong,Mumbai,High,45,4.1,87,4.9,Squall
RB05480,Hong Kong,Mumbai,High,41,4.3,69,5.6,Squall
RB05481,Hong Kong,Mumbai,High,46,3.8,68,4.1,Storm
RB05482,Mumbai,Colombo,High,39,4.7,87,4.4,Squall
RB05483,Mumbai,London,High,50,5.3,99,5.2,Storm
RB05484,Melbourne,Shanghai,High,41,4.5,78,5.4,Squall
RB05485,Melbourne,Shanghai,High,38,4.5,70,5.8,Squall
RB05486,Melbourne,Shanghai,High,50,5.2,87,4.9,Storm
RB05487,Melbourne,Shanghai,High,45,4.0,62,3.9,Storm
RB05488,Melbourne,Mombasa,Low,16,0.8,3,15.7,Overcast
RB05489,Melbourne,Mombasa,Low,14,1.1,6,17.4,Overcast
RB05490,Melbourne,Mombasa,Low,13,1.1,5,17.5,Overcast
RB05491,Melbourne,Mombasa,Low,16,1.1,3,18.0,Fair
RB05492,Mumbai,Piraeus,High,41,5.3,78,5.3,Storm
RB05493,Mumbai,Piraeus,High,48,4.1,85,4.3,Storm
RB05494,Mumbai,Piraeus,High,42,5.5,63,5.5,Storm
RB05495,Singapore,Busan,High,41,4.2,61,5.5,Squall
RB05496,Singapore,Busan,High,46,3.8,82,5.7,Storm
RB05497,Singapore,Busan,High,42,4.0,59,5.9,Squall
RB05498,Singapore,Busan,High,38,3.8,86,6.0,Squall
RB05499,Mumbai,Jebel Ali,Low,12,0.9,3,16.5,Fair
RB05500,Mumbai,Jebel Ali,Low,16,0.7,5,14.7,Overcast
RB05501,Mumbai,Jebel Ali,Low,14,1.3,5,16.2,Overcast
RB05502,Shanghai,Felixstowe,Low,12,0.7,3,17.3,Overcast
RB05503,Shanghai,Felixstowe,Low,13,0.7,4,16.6,Overcast
RB05504,Shanghai,Felixstowe,Low,14,1.1,5,16.5,Overcast
RB05505,Shanghai,Felixstowe,Low,13,0.7,3,15.6,Overcast
RB05506,Mumbai,Sydney,High,41,4.5,90,4.4,Squall
RB05507,Mumbai,Sydney,High,45,5.1,55,5.1,Storm
RB05508,Rotterdam,Chennai,Moderate,27,2.8,16,9.4,Rain
RB05509,Rotterdam,Chennai,Moderate,26,2.2,25,8.8,Rain
RB05510,Rotterdam,Chennai,Moderate,31,2.8,23,8.8,Rain
RB05511,Rotterdam,Chennai,Moderate,29,2.4,17,10.4,Rain
RB05512,Mumbai,Los Angeles,Low,17,1.0,3,16.2,Overcast
RB05513,Mumbai,Los Angeles,Low,15,1.0,4,16.5,Overcast
RB05514,Mumbai,Los Angeles,Low,14,0.7,3,15.3,Fair
RB05515,Melbourne,Cape Town,Low,16,1.1,4,16.0,Overcast
RB05516,Melbourne,Cape Town,Low,12,1.0,2,17.9,Fair
RB05517,Melbourne,Cape Town,Low,11,0.7,4,17.3,Overcast
RB05518,Melbourne,Cape Town,Low,14,0.6,5,18.6,Overcast
RB05519,Chennai,Singapore,Low,10,0.6,3,17.0,Fair
RB05520,Chennai,Singapore,Low,10,0.5,4,16.8,Overcast
RB05521,Chennai,Singapore,Low,10,0.7,1,17.2,Fair
RB05522,Chennai,Rotterdam,Moderate,29,2.7,15,10.6,Rain
RB05523,Chennai,Vancouver,Moderate,28,2.1,16,8.5,Rain
RB05524,Chennai,Busan,Moderate,31,2.6,25,8.6,Rain
RB05525,Chennai,Busan,Moderate,28,2.3,23,9.9,Rain
RB05526,Chennai,Busan,Moderate,26,2.7,27,10.1,Rain
RB05527,Chennai,Santos,High,45,4.1,68,4.2,Storm
RB05528,Chennai,Santos,High,49,5.6,81,4.8,Storm
RB05529,Chennai,Valencia,Moderate,27,2.6,17,10.7,Rain
RB05530,Chennai,Valencia,Moderate,25,2.1,21,10.7,Rain
RB05531,Chennai,Valencia,Moderate,27,2.5,27,10.3,Rain
RB05532,Chennai,Istanbul,Moderate,27,2.3,21,10.1,Rain
RB05533,Chennai,Istanbul,Moderate,28,2.2,24,8.8,Rain
RB05534,Chennai,Istanbul,Moderate,29,2.1,24,9.4,Rain
RB05535,Valencia,Tokyo,High,42,4.2,72,3.8,Storm
RB05536,Valencia,Tokyo,High,43,4.4,60,3.5,Storm
RB05537,Valencia,Tokyo,High,43,4.5,95,4.9,Squall
RB05538,Valencia,Tokyo,High,40,4.6,72,4.9,Squall
RB05539,Chennai,Dubai,Low,14,1.1,5,15.1,Overcast
RB05540,Chennai,Hamburg,Moderate,27,2.4,22,9.6,Rain
RB05541,Chennai,Hamburg,Moderate,29,2.6,24,9.6,Rain
RB05542,Chennai,Hamburg,Moderate,27,2.4,17,8.9,Rain
RB05543,Chennai,Shanghai,Low,15,0.6,5,16.8,Overcast
RB05544,Chennai,Shanghai,Low,16,1.1,3,15.9,Overcast
RB05545,Chennai,Hong Kong,High,50,5.3,65,3.9,Storm
RB05546,Chennai,Durban,High,47,4.7,67,3.9,Storm
RB05547,Chennai,Cape Town,High,48,4.5,100,4.3,Storm
RB05548,Chennai,Cape Town,High,42,5.2,77,5.6,Storm
RB05549,Chennai,Buenos Aires,High,42,5.1,58,4.9,Storm
RB05550,Chennai,Buenos Aires,High,45,5.0,71,4.7,Storm
RB05551,Chennai,Auckland,Low,16,0.9,4,17.6,Overcast
RB05552,Chennai,Auckland,Low,14,1.0,4,14.9,Overcast
RB05553,Chennai,Auckland,Low,15,0.9,5,16.4,Overcast
RB05554,Chennai,Felixstowe,Low,13,0.7,5,16.9,Overcast
RB05555,Chennai,Felixstowe,Low,16,0.8,3,16.7,Overcast
RB05556,Chennai,Colombo,Low,13,0.8,1,16.0,Fair
RB05557,Chennai,Colombo,Low,12,1.0,4,17.1,Overcast
RB05558,Chennai,Colombo,Low,16,1.1,4,15.0,Overcast
RB05559,Chennai,London,High,43,4.5,51,5.7,Squall
RB05560,Chennai,London,High,46,3.9,58,4.7,Storm
RB05561,Chennai,London,High,47,4.9,91,4.3,Storm
RB05562,Chennai,Mumbai,High,43,4.0,49,6.4,Squall
RB05563,Chennai,Mumbai,High,38,4.5,61,4.6,Squall
RB05564,Chennai,Mumbai,High,37,4.8,52,4.8,Squall
RB05565,Chennai,Melbourne,Low,15,1.3,5,16.3,Overcast
RB05566,Chennai,Melbourne,Low,18,1.0,2,15.5,Fair
RB05567,Chennai,Melbourne,Low,14,1.3,4,16.8,Overcast
RB05568,Chennai,Piraeus,Moderate,28,2.5,15,10.6,Rain
RB05569,Chennai,Piraeus,Moderate,28,2.0,23,8.3,Rain
RB05570,Chennai,Piraeus,Moderate,29,2.1,23,8.4,Rain
RB05571,Dar es Salaam,Dubai,High,46,3.8,48,5.6,Storm
RB05572,Dar es Salaam,Dubai,High,47,3.7,82,4.6,Storm
RB05573,Dar es Salaam,Dubai,High,42,5.1,69,5.4,Storm
RB05574,Dar es Salaam,Dubai,High,43,3.7,78,5.0,Squall
RB05575,Chennai,Jebel Ali,High,45,4.9,58,4.5,Squall
RB05576,Chennai,Jebel Ali,High,46,5.0,56,5.5,Storm
RB05577,Chennai,Jebel Ali,High,48,5.3,93,4.4,Storm
RB05578,Chennai,Tokyo,Low,13,0.9,4,17.8,Overcast
RB05579,Chennai,Tokyo,Low,16,0.8,2,17.8,Fair
RB05580,Chennai,Tokyo,Low,16,1.1,1,15.7,Fair
RB05581,Colombo,Vancouver,Low,15,0.9,1,15.3,Fair
RB05582,Colombo,Vancouver,Low,11,1.0,4,15.8,Overcast
RB05583,Colombo,Vancouver,Low,14,0.8,5,15.4,Overcast
RB05584,Colombo,Vancouver,Low,16,1.1,2,18.3,Fair
RB05585,Santos,Piraeus,High,41,4.9,52,4.3,Squall
RB05586,Santos,Piraeus,High,50,5.2,87,4.9,Storm
RB05587,Santos,Piraeus,High,43,5.0,67,5.6,Storm
RB05588,Santos,Piraeus,High,46,3.8,50,4.2,Storm
RB05589,Chennai,Los Angeles,Moderate,26,2.4,17,10.0,Rain
RB05590,Chennai,Los Angeles,Moderate,28,1.9,23,11.2,Rain
RB05591,Chennai,Los Angeles,Moderate,25,2.5,21,10.0,Rain
RB05592,Mumbai,Kochi,High,42,4.5,87,4.4,Squall
RB05593,Mumbai,Kochi,High,44,4.1,52,6.3,Squall
RB05594,Mumbai,Kochi,High,37,5.1,82,5.2,Storm
RB05595,Mumbai,Kochi,High,46,4.7,84,4.8,Storm
RB05596,Los Angeles,Auckland,Moderate,28,2.3,19,10.3,Rain
RB05597,Los Angeles,Auckland,Moderate,28,2.5,22,10.8,Rain
RB05598,Los Angeles,Auckland,Moderate,30,2.6,19,9.1,Rain
RB05599,Los Angeles,Auckland,Moderate,26,2.7,26,9.9,Rain
RB05600,Hong Kong,Dar es Salaam,Low,18,0.9,3,15.7,Fair
RB05601,Hong Kong,Dar es Salaam,Low,16,0.8,4,15.2,Overcast
RB05602,Hong Kong,Dar es Salaam,Low,18,1.1,6,16.9,Overcast
RB05603,Hong Kong,Dar es Salaam,Low,15,0.7,3,17.2,Fair
RB05604,Kochi,Busan,Low,14,0.8,3,14.4,Fair
RB05605,Kochi,Busan,Low,14,1.2,6,17.4,Overcast
RB05606,Kochi,Busan,Low,14,0.9,5,16.0,Overcast
RB05607,Chennai,Shanghai,Low,12,0.6,2,15.2,Fair
RB05608,Chennai,Shanghai,Low,16,1.0,3,18.6,Overcast
RB05609,Chennai,Shanghai,Low,15,0.8,4,17.6,Overcast
RB05610,Chennai,Shanghai,Low,12,0.8,4,18.4,Overcast
RB05611,Buenos Aires,Valencia,Low,17,0.9,6,15.7,Overcast
RB05612,Buenos Aires,Valencia,Low,15,1.3,4,14.2,Overcast
RB05613,Buenos Aires,Valencia,Low,16,0.9,4,17.5,Overcast
RB05614,Buenos Aires,Valencia,Low,17,1.2,4,15.1,Overcast
RB05615,Chennai,Santos,High,43,5.6,79,4.1,Storm
RB05616,Chennai,Santos,High,47,5.3,94,5.8,Storm
RB05617,Chennai,Santos,High,40,5.1,82,5.0,Storm
RB05618,Chennai,Santos,High,41,4.9,62,4.0,Storm
RB05619,Piraeus,Cape Town,Low,13,0.8,4,16.5,Overcast
RB05620,Piraeus,Cape Town,Low,12,0.8,2,15.3,Fair
RB05621,Piraeus,Cape Town,Low,15,0.8,3,18.5,Fair
RB05622,Piraeus,Cape Town,Low,15,1.1,5,14.6,Overcast
RB05623,Hamburg,Piraeus,High,50,4.4,92,6.0,Storm
RB05624,Hamburg,Piraeus,High,40,4.5,68,4.0,Storm
RB05625,Hamburg,Piraeus,High,39,5.2,56,5.8,Storm
RB05626,Hamburg,Piraeus,High,44,5.3,58,5.9,Storm
RB05627,Kochi,Hamburg,Moderate,28,2.1,21,9.8,Rain
RB05628,Kochi,Shanghai,Moderate,31,2.3,22,9.2,Rain
RB05629,Kochi,Shanghai,Moderate,28,2.1,16,9.4,Rain
RB05630,Kochi,Shanghai,Moderate,27,2.3,27,8.3,Rain
RB05631,Kochi,Hong Kong,High,43,5.0,66,4.7,Storm
RB05632,Kochi,Hong Kong,High,38,4.6,57,4.3,Squall
RB05633,Kochi,Hong Kong,High,43,4.3,47,5.5,Squall
RB05634,Kochi,Durban,High,40,4.4,79,5.7,Squall
RB05635,Kochi,Durban,High,47,4.6,78,5.5,Storm
RB05636,London,Istanbul,High,44,4.2,70,5.0,Squall
RB05637,London,Istanbul,High,50,4.3,66,4.9,Storm
RB05638,London,Istanbul,High,44,5.4,87,3.6,Storm
RB05639,London,Istanbul,High,46,4.6,82,4.0,Storm
RB05640,Kochi,Buenos Aires,Moderate,25,2.2,15,8.8,Rain
RB05641,Kochi,Buenos Aires,Moderate,25,2.5,14,8.8,Overcast
RB05642,Dubai,Chennai,Moderate,24,2.6,20,9.2,Rain
RB05643,Dubai,Chennai,Moderate,27,2.0,23,8.6,Rain
RB05644,Dubai,Chennai,Moderate,26,2.0,18,8.8,Rain
RB05645,Dubai,Chennai,Moderate,28,2.2,23,9.3,Rain
RB05646,Kochi,Felixstowe,High,45,5.1,69,4.0,Storm
RB05647,Kochi,Felixstowe,High,51,4.2,78,5.7,Storm
RB05648,Kochi,London,Low,13,1.3,3,16.4,Fair
RB05649,Kochi,London,Low,18,1.1,2,14.9,Fair
RB05650,Kochi,Mumbai,High,38,4.9,55,3.9,Storm
RB05651,Kochi,Mumbai,High,43,4.3,64,5.8,Squall
RB05652,Mombasa,New York,Moderate,26,2.5,24,9.3,Rain
RB05653,Mombasa,New York,Moderate,30,2.4,15,10.1,Rain
RB05654,Mombasa,New York,Moderate,31,2.5,26,10.7,Rain
RB05655,Mombasa,New York,Moderate,27,2.3,18,9.9,Rain
RB05656,Hamburg,Shanghai,Low,15,1.1,3,15.6,Fair
RB05657,Hamburg,Shanghai,Low,16,0.8,4,16.7,Overcast
RB05658,Hamburg,Shanghai,Low,18,0.9,4,15.3,Overcast
RB05659,Hamburg,Shanghai,Low,19,1.3,3,15.8,Overcast
RB05660,Kochi,Piraeus,Moderate,29,2.6,21,8.3,Rain
RB05661,Kochi,Piraeus,Moderate,27,2.4,25,8.2,Rain
RB05662,Kochi,Dar es Salaam,Moderate,24,2.4,20,10.7,Rain
RB05663,Kochi,Dar es Salaam,Moderate,26,2.0,18,9.0,Rain
RB05664,Kochi,Dar es Salaam,Moderate,25,2.0,11,10.7,Overcast
RB05665,Kochi,Jebel Ali,Moderate,24,2.1,24,9.4,Rain
RB05666,Kochi,Jebel Ali,Moderate,28,2.3,13,8.9,Overcast
RB05667,Kochi,Jebel Ali,Moderate,29,1.9,18,9.9,Rain
RB05668,Vancouver,Busan,Moderate,27,2.1,18,10.8,Rain
RB05669,Vancouver,Busan,Moderate,26,2.5,23,9.7,Rain
RB05670,Vancouver,Busan,Moderate,30,2.4,22,10.0,Rain
RB05671,Vancouver,Busan,Moderate,27,2.0,15,8.8,Rain
RB05672,Kochi,Sydney,High,43,4.5,61,4.0,Storm
RB05673,Kochi,Sydney,High,41,5.1,58,4.9,Storm
RB05674,Kochi,Sydney,High,40,5.3,95,5.1,Storm
RB05675,Shanghai,Jebel Ali,High,52,4.5,99,3.3,Storm
RB05676,Shanghai,Jebel Ali,High,46,4.3,69,3.4,Storm
RB05677,Shanghai,Jebel Ali,High,50,5.7,77,4.3,Storm
RB05678,Shanghai,Jebel Ali,High,43,5.4,70,3.6,Storm
RB05679,Auckland,Mumbai,High,47,5.4,66,4.5,Storm
RB05680,Auckland,Mumbai,High,48,5.5,97,3.9,Storm
RB05681,Auckland,Mumbai,High,48,4.4,94,4.1,Storm
RB05682,Auckland,Mumbai,High,50,4.8,66,3.5,Storm
RB05683,Durban,New York,High,40,3.8,67,4.5,Squall
RB05684,Durban,New York,High,39,4.0,63,3.8,Storm
RB05685,Durban,New York,High,49,4.7,79,6.1,Storm
RB05686,Durban,New York,High,42,4.7,90,4.9,Squall
RB05687,Colombo,Singapore,High,47,4.4,47,4.8,Storm
RB05688,Colombo,Singapore,High,35,4.8,67,6.4,Squall
RB05689,Colombo,Rotterdam,High,44,4.9,55,4.4,Squall
RB05690,Colombo,Vancouver,Low,14,1.0,5,14.9,Overcast
RB05691,Colombo,Vancouver,Low,13,1.1,4,15.6,Overcast
RB05692,Colombo,Busan,High,45,4.6,62,5.2,Squall
RB05693,Colombo,Busan,High,50,5.3,95,4.2,Storm
RB05694,Colombo,Busan,High,48,4.3,56,3.4,Storm
RB05695,Colombo,Santos,High,51,5.3,95,4.2,Storm
RB05696,Colombo,Santos,High,42,4.3,80,4.9,Squall
RB05697,Colombo,Santos,High,44,5.3,96,5.4,Storm
RB05698,Colombo,Valencia,Low,12,1.0,1,17.9,Fair
RB05699,Colombo,Valencia,Low,16,0.9,2,18.8,Fair
RB05700,Colombo,Valencia,Low,17,1.0,4,18.8,Overcast
RB05701,Colombo,Istanbul,Moderate,27,2.2,18,9.3,Rain
RB05702,Colombo,Istanbul,Moderate,27,2.6,22,10.4,Rain
RB05703,Colombo,Mombasa,Low,11,0.7,4,19.0,Overcast
RB05704,Melbourne,Chennai,High,50,4.1,71,5.3,Storm
RB05705,Melbourne,Chennai,High,48,5.0,55,4.5,Storm
RB05706,Melbourne,Chennai,High,48,4.4,60,5.0,Storm
RB05707,Melbourne,Chennai,High,45,4.6,63,4.8,Squall
RB05708,Colombo,Hamburg,High,46,5.4,91,4.6,Storm
RB05709,Colombo,Hamburg,High,41,5.3,65,4.3,Storm
RB05710,Colombo,Shanghai,Moderate,30,2.4,21,10.4,Rain
RB05711,Colombo,Hong Kong,Moderate,25,2.4,16,9.3,Rain
RB05712,Colombo,Hong Kong,Moderate,24,2.1,18,10.7,Rain
RB05713,Colombo,Hong Kong,Moderate,28,2.6,19,9.8,Rain
RB05714,Felixstowe,Singapore,Moderate,26,2.5,17,10.1,Rain
RB05715,Felixstowe,Singapore,Moderate,30,2.6,25,10.8,Rain
RB05716,Felixstowe,Singapore,Moderate,30,2.3,20,10.0,Rain
RB05717,Felixstowe,Singapore,Moderate,29,2.7,15,10.5,Overcast
RB05718,Colombo,Cape Town,High,45,5.3,92,6.1,Storm
RB05719,Colombo,Cape Town,High,48,4.6,68,5.6,Storm
RB05720,Singapore,Dubai,Moderate,27,2.7,17,9.7,Rain
RB05721,Singapore,Dubai,Moderate,29,2.6,18,8.6,Rain
RB05722,Singapore,Dubai,Moderate,26,2.3,19,10.1,Rain
RB05723,Singapore,Dubai,Moderate,26,2.0,19,9.2,Rain
RB05724,Colombo,Auckland,Moderate,28,2.5,18,9.4,Rain
RB05725,Colombo,Auckland,Moderate,25,2.5,16,9.5,Rain
RB05726,Colombo,Auckland,Moderate,29,2.1,17,9.2,Rain
RB05727,Colombo,London,Low,17,0.8,6,17.6,Overcast
RB05728,Colombo,London,Low,13,0.9,4,13.8,Overcast
RB05729,Colombo,London,Low,18,1.0,6,14.6,Overcast
RB05730,Colombo,Mumbai,Low,15,0.8,3,15.2,Fair
RB05731,Colombo,Mumbai,Low,14,0.8,4,15.3,Overcast
RB05732,Colombo,Chennai,High,50,4.8,77,4.7,Storm
RB05733,Colombo,Chennai,High,42,5.2,66,4.0,Storm
RB05734,Colombo,Chennai,High,51,5.4,82,4.1,Storm
RB05735,Colombo,Melbourne,Low,14,1.1,3,14.8,Overcast
RB05736,Colombo,Piraeus,High,45,4.8,78,4.9,Squall
RB05737,Colombo,Dar es Salaam,Low,11,1.0,1,19.2,Fair
RB05738,Colombo,Dar es Salaam,Low,16,0.9,4,19.1,Overcast
RB05739,Colombo,Jebel Ali,High,38,4.0,57,4.3,Squall
RB05740,Colombo,Jebel Ali,High,44,4.9,66,4.3,Squall
RB05741,Colombo,Jebel Ali,High,48,3.9,78,5.1,Storm
RB05742,Colombo,Tokyo,High,38,4.4,69,5.5,Squall
RB05743,Colombo,Tokyo,High,44,4.8,77,5.0,Squall
RB05744,Colombo,Sydney,High,49,4.7,66,4.7,Storm
RB05745,Colombo,Sydney,High,42,4.8,86,3.8,Storm
RB05746,Colombo,Sydney,High,42,4.2,73,5.6,Squall
RB05747,Busan,Istanbul,High,48,4.3,85,5.0,Storm
RB05748,Busan,Istanbul,High,41,5.5,57,3.8,Storm
RB05749,Busan,Istanbul,High,45,4.1,86,5.3,Storm
RB05750,Busan,Istanbul,High,51,5.3,97,4.8,Storm
RB05751,Colombo,Los Angeles,High,49,4.3,46,5.7,Storm
RB05752,Colombo,Los Angeles,High,48,4.1,57,6.3,Storm
RB05753,Colombo,Los Angeles,High,46,4.7,55,4.2,Storm
RB05754,Singapore,Kochi,High,41,4.4,50,5.0,Squall
RB05755,Singapore,Kochi,High,44,5.2,62,4.9,Storm
RB05756,Singapore,Kochi,High,48,4.8,84,5.1,Storm
RB05757,Singapore,Rotterdam,Low,18,1.3,5,16.0,Overcast
RB05758,Singapore,Rotterdam,Low,12,1.1,5,16.0,Overcast
RB05759,Singapore,Rotterdam,Low,17,1.2,3,17.7,Fair
RB05760,Singapore,Vancouver,Low,12,1.0,2,17.4,Fair
RB05761,Singapore,Vancouver,Low,13,1.0,3,17.4,Fair
RB05762,Singapore,Vancouver,Low,14,1.1,3,17.1,Fair
RB05763,Singapore,Busan,High,38,5.0,54,3.9,Storm
RB05764,Singapore,Busan,High,38,4.6,67,5.5,Squall
RB05765,Singapore,Busan,High,40,5.2,62,5.8,Storm
RB05766,Singapore,Santos,Moderate,30,2.7,23,10.9,Rain
RB05767,Singapore,Santos,Moderate,25,2.3,25,10.2,Rain
RB05768,Singapore,Santos,Moderate,29,2.5,16,9.9,Rain
RB05769,Kochi,Piraeus,Moderate,29,2.1,27,10.6,Rain
RB05770,Kochi,Piraeus,Moderate,27,2.4,26,10.0,Rain
RB05771,Kochi,Piraeus,Moderate,31,2.3,28,10.5,Rain
RB05772,Kochi,Piraeus,Moderate,31,2.8,25,9.8,Rain
RB05773,Singapore,Istanbul,Low,14,1.1,5,16.2,Overcast
RB05774,Singapore,Istanbul,Low,13,0.8,2,18.3,Fair
RB05775,Shanghai,New York,High,51,4.9,85,5.0,Storm
RB05776,Shanghai,New York,High,52,4.6,85,4.7,Storm
RB05777,Shanghai,New York,High,45,5.7,76,4.3,Storm
RB05778,Shanghai,New York,High,52,4.3,94,4.5,Storm
RB05779,Singapore,Dubai,Moderate,30,2.3,24,8.9,Rain
RB05780,Singapore,Dubai,Moderate,25,2.6,20,10.9,Rain
RB05781,Singapore,Dubai,Moderate,28,2.4,17,10.1,Rain
RB05782,Sydney,Dubai,High,41,4.5,62,3.8,Storm
RB05783,Sydney,Dubai,High,45,5.0,56,5.6,Storm
RB05784,Sydney,Dubai,High,50,4.4,71,5.6,Storm
RB05785,Sydney,Dubai,High,42,4.5,53,4.7,Squall
RB05786,Busan,Mombasa,Low,17,0.6,2,16.8,Fair
RB05787,Busan,Mombasa,Low,12,1.1,2,17.9,Fair
RB05788,Busan,Mombasa,Low,17,0.7,3,14.7,Overcast
RB05789,Busan,Mombasa,Low,17,0.8,5,15.9,Overcast
RB05790,Singapore,Durban,Moderate,25,1.9,14,10.4,Overcast
RB05791,Singapore,Durban,Moderate,26,2.3,20,10.7,Rain
RB05792,Singapore,Cape Town,High,45,5.5,91,4.4,Storm
RB05793,Singapore,Cape Town,High,49,5.0,91,5.5,Storm
RB05794,Melbourne,Jebel Ali,High,47,5.7,94,3.8,Storm
RB05795,Melbourne,Jebel Ali,High,52,4.7,93,4.5,Storm
RB05796,Melbourne,Jebel Ali,High,41,4.5,71,4.0,Squall
RB05797,Melbourne,Jebel Ali,High,41,4.2,71,4.6,Squall
RB05798,Singapore,Auckland,High,48,4.6,84,4.0,Storm
RB05799,Singapore,Auckland,High,40,4.4,51,4.5,Squall
RB05800,Felixstowe,Buenos Aires,High,50,5.3,91,5.0,Storm
RB05801,Felixstowe,Buenos Aires,High,47,5.0,72,3.4,Storm
RB05802,Felixstowe,Buenos Aires,High,42,5.5,93,4.6,Storm
RB05803,Felixstowe,Buenos Aires,High,45,5.4,69,5.3,Storm
RB05804,Singapore,Colombo,Moderate,26,2.2,12,9.1,Overcast
RB05805,Singapore,Colombo,Moderate,28,2.2,14,9.4,Overcast
RB05806,Singapore,Colombo,Moderate,27,1.9,24,9.6,Rain
RB05807,Mumbai,Colombo,Moderate,26,2.4,20,9.1,Rain
RB05808,Mumbai,Colombo,Moderate,25,2.4,19,9.7,Rain
RB05809,Mumbai,Colombo,Moderate,26,2.6,17,10.4,Rain
RB05810,Mumbai,Colombo,Moderate,25,2.2,18,9.3,Rain
RB05811,Singapore,Mumbai,Low,11,0.9,4,17.5,Overcast
RB05812,Singapore,Mumbai,Low,12,0.9,4,18.6,Overcast
RB05813,Singapore,Chennai,Moderate,25,2.4,18,9.5,Rain
RB05814,Singapore,Chennai,Moderate,26,2.3,21,11.0,Rain
RB05815,Singapore,Chennai,Moderate,25,2.1,26,9.9,Rain
RB05816,Hong Kong,Colombo,Low,14,0.9,6,17.3,Overcast
RB05817,Hong Kong,Colombo,Low,15,0.7,5,14.8,Overcast
RB05818,Hong Kong,Colombo,Low,11,0.8,3,17.3,Fair
RB05819,Hong Kong,Colombo,Low,15,1.2,4,14.6,Overcast
RB05820,Piraeus,Busan,Moderate,28,2.3,23,9.9,Rain
RB05821,Piraeus,Busan,Moderate,26,2.3,19,9.0,Rain
RB05822,Piraeus,Busan,Moderate,26,2.4,22,9.9,Rain
RB05823,Piraeus,Busan,Moderate,30,2.3,26,9.9,Rain
RB05824,Auckland,Tokyo,High,46,4.6,99,4.5,Storm
RB05825,Auckland,Tokyo,High,53,4.9,93,3.5,Storm
RB05826,Auckland,Tokyo,High,45,5.3,71,4.6,Storm
RB05827,Auckland,Tokyo,High,49,5.4,71,3.3,Storm
RB05828,Singapore,Tokyo,Moderate,30,2.4,21,8.6,Rain
RB05829,Singapore,Tokyo,Moderate,27,2.4,21,8.9,Rain
RB05830,Singapore,Tokyo,Moderate,27,2.5,16,9.8,Rain
RB05831,Jebel Ali,Tokyo,Low,13,0.9,6,14.8,Overcast
RB05832,Jebel Ali,Tokyo,Low,16,1.1,4,16.8,Overcast
RB05833,Jebel Ali,Tokyo,Low,13,0.7,3,17.7,Fair
RB05834,Jebel Ali,Tokyo,Low,15,0.7,4,15.0,Overcast
RB05835,Singapore,New York,Moderate,27,2.8,16,8.6,Rain
RB05836,Singapore,New York,Moderate,31,2.3,25,9.2,Rain
RB05837,Singapore,Los Angeles,High,50,4.4,77,5.5,Storm
RB05838,Singapore,Los Angeles,High,47,4.3,94,3.5,Storm
RB05839,Singapore,Los Angeles,High,44,5.5,92,4.7,Storm
RB05840,Dubai,Kochi,Moderate,24,2.1,12,9.4,Overcast
RB05841,Dubai,Singapore,Moderate,28,2.0,21,9.4,Rain
RB05842,Dubai,Singapore,Moderate,28,2.0,18,9.2,Rain
RB05843,Dubai,Rotterdam,Moderate,30,2.7,23,10.7,Rain
RB05844,Dubai,Rotterdam,Moderate,26,2.2,24,10.6,Rain
RB05845,Dubai,Rotterdam,Moderate,28,2.5,19,10.4,Rain
RB05846,Dubai,Vancouver,Low,16,1.0,5,16.1,Overcast
RB05847,Dubai,Busan,Low,12,0.7,6,17.9,Overcast
RB05848,Dubai,Busan,Low,17,1.2,3,17.0,Overcast
RB05849,Dubai,Santos,High,47,4.1,70,3.3,Storm
RB05850,Dubai,Santos,High,46,4.3,89,3.4,Storm
RB05851,Dubai,Valencia,Moderate,28,2.0,19,9.2,Rain
RB05852,Dubai,Istanbul,High,51,5.5,98,5.1,Storm
RB05853,Dubai,Istanbul,High,52,5.5,77,4.0,Storm
RB05854,Dubai,Istanbul,High,45,5.0,96,5.4,Storm
RB05855,Dubai,Mombasa,Low,14,0.7,1,17.3,Fair
RB05856,Dubai,Mombasa,Low,14,1.0,2,16.2,Fair
RB05857,Dubai,Shanghai,High,41,5.4,63,4.4,Storm
RB05858,Dubai,Shanghai,High,42,4.8,82,4.7,Squall
RB05859,Dubai,Hong Kong,High,44,4.7,55,5.9,Squall
RB05860,Dubai,Hong Kong,High,38,3.9,78,6.1,Squall
RB05861,Dubai,Hong Kong,High,46,4.4,74,6.2,Storm
RB05862,Dubai,Durban,Low,18,0.9,3,17.7,Overcast
RB05863,Dubai,Durban,Low,17,1.2,2,15.2,Fair
RB05864,Dubai,Cape Town,Low,17,0.8,4,17.5,Overcast
RB05865,Dubai,Cape Town,Low,15,1.1,4,15.7,Overcast
RB05866,Dubai,Cape Town,Low,12,1.3,3,14.1,Fair
RB05867,Tokyo,London,Low,11,1.0,5,14.7,Overcast
RB05868,Tokyo,London,Low,11,0.9,4,16.8,Overcast
RB05869,Tokyo,London,Low,12,1.2,2,18.4,Fair
RB05870,Tokyo,London,Low,17,0.9,3,18.4,Fair
RB05871,Tokyo,Piraeus,Low,12,1.2,4,16.0,Overcast
RB05872,Tokyo,Piraeus,Low,12,1.0,4,16.9,Overcast
RB05873,Tokyo,Piraeus,Low,13,0.8,6,14.8,Overcast
RB05874,Tokyo,Piraeus,Low,15,1.0,3,17.6,Overcast
RB05875,Dubai,Felixstowe,Low,12,1.2,3,16.8,Fair
RB05876,Dubai,Felixstowe,Low,12,1.0,4,15.6,Overcast
RB05877,Dubai,Felixstowe,Low,11,1.1,4,16.7,Overcast
RB05878,Dubai,Colombo,Low,16,0.8,2,17.5,Fair
RB05879,Dubai,Colombo,Low,12,0.7,4,15.3,Overcast
RB05880,Dubai,London,Moderate,29,2.3,22,9.8,Rain
RB05881,Dubai,London,Moderate,30,2.3,24,9.6,Rain
RB05882,Dubai,London,Moderate,26,2.9,30,9.3,Rain
RB05883,Busan,Dubai,Low,13,1.3,4,15.9,Overcast
RB05884,Busan,Dubai,Low,12,0.9,5,14.9,Overcast
RB05885,Busan,Dubai,Low,12,1.1,5,16.3,Overcast
RB05886,Busan,Dubai,Low,14,0.8,2,17.0,Fair
RB05887,Dubai,Chennai,Moderate,28,2.4,14,9.3,Overcast
RB05888,Dubai,Chennai,Moderate,26,2.4,18,10.3,Rain
RB05889,Dubai,Melbourne,Low,11,0.7,5,17.4,Overcast
RB05890,Dubai,Melbourne,Low,12,1.1,5,14.4,Overcast
RB05891,Dubai,Melbourne,Low,13,0.7,3,15.9,Overcast
RB05892,Dubai,Piraeus,Moderate,25,2.1,25,10.3,Rain
RB05893,Dubai,Piraeus,Moderate,30,2.7,24,10.1,Rain
RB05894,Hong Kong,Cape Town,High,44,4.4,88,4.0,Storm
RB05895,Hong Kong,Cape Town,High,46,4.8,74,4.0,Storm
RB05896,Hong Kong,Cape Town,High,40,4.4,85,4.9,Squall
RB05897,Hong Kong,Cape Town,High,51,5.4,74,4.2,Storm
RB05898,Vancouver,Hamburg,Low,12,0.8,3,14.5,Fair
RB05899,Vancouver,Hamburg,Low,16,0.8,4,17.9,Overcast
RB05900,Vancouver,Hamburg,Low,14,1.2,4,14.3,Overcast
RB05901,Vancouver,Hamburg,Low,17,0.9,4,17.5,Overcast
RB05902,Singapore,Kochi,High,45,4.8,56,3.8,Storm
RB05903,Singapore,Kochi,High,46,4.5,88,4.2,Storm
RB05904,Singapore,Kochi,High,40,4.0,55,5.2,Squall
RB05905,Singapore,Kochi,High,48,4.7,84,6.0,Storm
RB05906,Tokyo,Los Angeles,Moderate,29,2.6,18,8.6,Rain
RB05907,Tokyo,Los Angeles,Moderate,28,2.5,16,9.9,Rain
RB05908,Tokyo,Los Angeles,Moderate,28,2.0,22,10.2,Rain
RB05909,Tokyo,Los Angeles,Moderate,25,2.6,24,9.1,Rain
RB05910,Dubai,New York,Low,13,1.1,5,16.5,Overcast
RB05911,Dubai,New York,Low,11,0.8,2,16.6,Fair
RB05912,Dubai,New York,Low,16,0.8,5,16.1,Overcast
RB05913,Dubai,Los Angeles,Moderate,28,2.0,14,10.7,Overcast
RB05914,Dubai,Los Angeles,Moderate,29,2.5,12,11.1,Overcast
RB05915,Dubai,Los Angeles,Moderate,24,1.8,21,9.8,Rain
RB05916,Jebel Ali,Kochi,High,46,5.3,92,3.8,Storm
RB05917,Dar es Salaam,Hong Kong,Moderate,26,2.2,16,8.6,Rain
RB05918,Dar es Salaam,Hong Kong,Moderate,26,2.6,20,10.9,Rain
RB05919,Dar es Salaam,Hong Kong,Moderate,25,2.5,15,9.4,Overcast
RB05920,Dar es Salaam,Hong Kong,Moderate,30,2.1,15,10.4,Rain
RB05921,Jebel Ali,Rotterdam,Moderate,25,2.1,21,9.4,Rain
RB05922,Jebel Ali,Rotterdam,Moderate,26,2.0,17,9.3,Rain
RB05923,Cape Town,Colombo,Low,15,0.8,4,16.1,Overcast
RB05924,Cape Town,Colombo,Low,17,1.2,4,15.6,Overcast
RB05925,Cape Town,Colombo,Low,17,1.2,3,15.5,Overcast
RB05926,Cape Town,Colombo,Low,12,0.9,5,17.7,Overcast
RB05927,Sydney,Rotterdam,Low,12,0.9,3,15.9,Overcast
RB05928,Sydney,Rotterdam,Low,15,0.8,5,16.2,Overcast
RB05929,Sydney,Rotterdam,Low,17,1.0,3,16.3,Overcast
RB05930,Sydney,Rotterdam,Low,13,0.8,4,15.8,Overcast
RB05931,Jebel Ali,Santos,Low,12,0.9,2,17.1,Fair
RB05932,Jebel Ali,Santos,Low,10,0.9,4,16.1,Overcast
RB05933,Jebel Ali,Santos,Low,15,0.9,1,18.1,Fair
RB05934,Jebel Ali,Valencia,High,41,4.2,93,5.2,Squall
RB05935,Jebel Ali,Valencia,High,47,5.0,80,4.3,Storm
RB05936,Jebel Ali,Istanbul,High,40,5.3,90,3.3,Storm
RB05937,Jebel Ali,Istanbul,High,42,4.7,82,5.6,Squall
RB05938,Jebel Ali,Istanbul,High,41,4.1,72,5.5,Squall
RB05939,Jebel Ali,Mombasa,Low,16,1.0,5,18.2,Overcast
RB05940,Jebel Ali,Mombasa,Low,17,1.0,2,15.1,Fair
RB05941,Jebel Ali,Mombasa,Low,15,0.9,5,15.2,Overcast
RB05942,Jebel Ali,Dubai,High,43,4.9,77,3.8,Storm
RB05943,Jebel Ali,Dubai,High,46,5.3,72,5.2,Storm
RB05944,Jebel Ali,Hamburg,Moderate,27,2.5,27,10.0,Rain
RB05945,Jebel Ali,Hamburg,Moderate,31,2.6,26,10.3,Rain
RB05946,Jebel Ali,Hamburg,Moderate,29,2.5,27,9.2,Rain
RB05947,Durban,Dar es Salaam,High,39,4.7,58,5.7,Squall
RB05948,Durban,Dar es Salaam,High,39,4.8,61,4.0,Squall
RB05949,Durban,Dar es Salaam,High,40,3.7,46,5.9,Squall
RB05950,Durban,Dar es Salaam,High,47,3.8,77,5.1,Storm
RB05951,Busan,Shanghai,High,46,4.6,64,3.6,Storm
RB05952,Busan,Shanghai,High,50,4.9,97,4.6,Storm
RB05953,Busan,Shanghai,High,48,4.6,67,3.7,Storm
RB05954,Busan,Shanghai,High,42,5.3,71,4.1,Storm
RB05955,Colombo,Piraeus,High,47,4.3,61,5.4,Storm
RB05956,Colombo,Piraeus,High,42,4.6,71,4.1,Squall
RB05957,Colombo,Piraeus,High,38,4.7,71,4.1,Squall
RB05958,Colombo,Piraeus,High,42,4.3,71,5.3,Squall
RB05959,Auckland,Tokyo,High,41,5.7,87,5.5,Storm
RB05960,Auckland,Tokyo,High,42,5.4,75,4.7,Storm
RB05961,Auckland,Tokyo,High,41,4.3,94,4.5,Squall
RB05962,Auckland,Tokyo,High,42,4.8,94,4.5,Squall
RB05963,Santos,Tokyo,Low,11,1.1,5,15.4,Overcast
RB05964,Santos,Tokyo,Low,13,0.9,2,14.9,Fair
RB05965,Santos,Tokyo,Low,13,0.9,4,15.6,Overcast
RB05966,Santos,Tokyo,Low,13,0.7,4,15.2,Overcast
RB05967,Hong Kong,Felixstowe,Low,18,0.9,3,16.2,Fair
RB05968,Hong Kong,Felixstowe,Low,16,1.1,4,18.0,Overcast
RB05969,Hong Kong,Felixstowe,Low,15,1.0,4,15.8,Overcast
RB05970,Hong Kong,Felixstowe,Low,18,1.3,6,16.3,Overcast
RB05971,Jebel Ali,Felixstowe,High,49,5.7,76,5.0,Storm
RB05972,Jebel Ali,Felixstowe,High,43,4.5,70,3.4,Storm
RB05973,Jebel Ali,Colombo,Low,15,1.0,2,17.1,Fair
RB05974,Jebel Ali,Colombo,Low,15,1.2,4,15.5,Overcast
RB05975,Jebel Ali,Colombo,Low,14,0.8,4,15.5,Overcast
RB05976,Jebel Ali,London,Moderate,27,2.2,25,9.7,Rain
RB05977,Jebel Ali,London,Moderate,29,2.7,18,8.4,Rain
RB05978,Jebel Ali,London,Moderate,31,2.1,21,8.1,Rain
RB05979,New York,Dubai,High,47,5.1,85,3.6,Storm
RB05980,New York,Dubai,High,49,3.9,94,5.0,Storm
RB05981,New York,Dubai,High,43,5.0,77,5.2,Squall
RB05982,New York,Dubai,High,40,5.5,57,3.8,Storm
RB05983,Istanbul,Tokyo,High,43,5.0,79,5.4,Storm
RB05984,Istanbul,Tokyo,High,45,4.1,63,5.2,Storm
RB05985,Istanbul,Tokyo,High,51,4.1,72,4.2,Storm
RB05986,Istanbul,Tokyo,High,51,5.6,71,4.9,Storm
RB05987,Busan,Durban,High,44,4.9,94,4.3,Squall
RB05988,Busan,Durban,High,47,4.8,91,4.8,Storm
RB05989,Busan,Durban,High,46,5.0,76,4.7,Storm
RB05990,Busan,Durban,High,45,5.0,76,3.6,Storm
RB05991,Jebel Ali,Piraeus,High,40,5.4,77,4.6,Storm
RB05992,Jebel Ali,Piraeus,High,41,5.3,65,3.9,Storm
RB05993,Jebel Ali,Dar es Salaam,High,41,4.1,72,4.8,Squall
RB05994,Jebel Ali,Dar es Salaam,High,44,5.1,65,6.0,Storm
RB05995,Jebel Ali,Tokyo,Low,15,0.7,3,16.9,Overcast
RB05996,Jebel Ali,Sydney,Moderate,26,2.4,26,9.5,Rain
RB05997,Jebel Ali,Sydney,Moderate,30,2.7,20,9.2,Rain
RB05998,Jebel Ali,Sydney,Moderate,26,2.7,20,10.3,Rain
RB05999,Vancouver,Jebel Ali,Low,17,0.8,3,16.9,Overcast
RB06000,Vancouver,Jebel Ali,Low,14,1.0,5,16.8,Overcast
RB06001,Vancouver,Jebel Ali,Low,14,1.0,4,15.5,Overcast
RB06002,Vancouver,Jebel Ali,Low,16,1.0,5,16.4,Overcast
RB06003,Jebel Ali,Los Angeles,High,43,4.1,74,5.0,Squall
RB06004,Jebel Ali,Los Angeles,High,49,5.3,94,5.5,Storm
RB06005,Jebel Ali,Los Angeles,High,43,4.8,76,5.1,Squall
RB06006,Tokyo,New York,Low,14,0.9,5,14.8,Overcast
RB06007,Tokyo,New York,Low,15,1.0,5,15.7,Overcast
RB06008,Tokyo,New York,Low,16,0.8,3,15.2,Fair
RB06009,Tokyo,New York,Low,16,0.9,2,14.4,Fair
RB06010,Rotterdam,Singapore,High,42,4.5,69,4.2,Squall
RB06011,Rotterdam,Vancouver,High,49,5.5,80,3.6,Storm
RB06012,Rotterdam,Vancouver,High,42,5.0,73,5.2,Storm
RB06013,Rotterdam,Vancouver,High,48,4.0,68,3.6,Storm
RB06014,Cape Town,Vancouver,Low,15,0.9,5,14.0,Overcast
RB06015,Cape Town,Vancouver,Low,17,1.0,5,13.7,Overcast
RB06016,Cape Town,Vancouver,Low,15,1.2,5,15.8,Overcast
RB06017,Cape Town,Vancouver,Low,16,0.8,3,14.6,Fair
RB06018,Rotterdam,Santos,Moderate,26,2.0,19,9.5,Rain
RB06019,Rotterdam,Santos,Moderate,27,2.3,21,10.0,Rain
RB06020,Rotterdam,Istanbul,High,52,5.7,64,4.2,Storm
RB06021,Rotterdam,Istanbul,High,44,5.3,93,4.0,Storm
RB06022,Rotterdam,Istanbul,High,48,4.5,94,5.1,Storm
RB06023,Colombo,Rotterdam,High,42,4.4,84,5.0,Squall
RB06024,Colombo,Rotterdam,High,50,5.0,74,4.5,Storm
RB06025,Colombo,Rotterdam,High,42,4.1,80,4.1,Squall
RB06026,Colombo,Rotterdam,High,42,5.1,73,5.0,Storm
RB06027,Rotterdam,Dubai,High,43,5.0,88,5.6,Squall
RB06028,Rotterdam,Dubai,High,50,4.9,91,4.8,Storm
RB06029,Rotterdam,Dubai,High,47,4.3,73,5.1,Storm
RB06030,Buenos Aires,Durban,High,45,3.8,56,3.8,Storm
RB06031,Buenos Aires,Durban,High,44,5.3,61,4.0,Storm
RB06032,Buenos Aires,Durban,High,38,4.7,70,6.0,Squall
RB06033,Buenos Aires,Durban,High,42,4.6,68,5.7,Squall
RB06034,Rotterdam,Shanghai,Low,14,0.8,2,15.0,Fair
RB06035,Rotterdam,Shanghai,Low,12,1.1,2,15.6,Fair
RB06036,Rotterdam,Shanghai,Low,16,1.3,4,17.8,Overcast
RB06037,Colombo,Dar es Salaam,Low,14,0.8,4,15.4,Overcast
RB06038,Colombo,Dar es Salaam,Low,13,1.0,3,18.1,Fair
RB06039,Colombo,Dar es Salaam,Low,12,0.8,4,17.6,Overcast
RB06040,Colombo,Dar es Salaam,Low,12,0.7,4,17.1,Overcast
RB06041,Rotterdam,Durban,Low,15,1.1,3,15.2,Overcast
RB06042,Rotterdam,Durban,Low,16,1.2,3,16.0,Fair
RB06043,Rotterdam,Durban,Low,13,1.3,2,17.7,Fair
RB06044,Auckland,Istanbul,Moderate,30,2.5,24,9.5,Rain
RB06045,Auckland,Istanbul,Moderate,26,2.3,17,8.6,Rain
RB06046,Auckland,Istanbul,Moderate,25,2.5,18,9.9,Rain
RB06047,Auckland,Istanbul,Moderate,28,2.2,28,9.8,Rain
RB06048,Colombo,Valencia,Low,14,1.1,3,16.4,Fair
RB06049,Colombo,Valencia,Low,14,1.0,3,17.9,Fair
RB06050,Colombo,Valencia,Low,16,0.6,2,15.7,Fair
RB06051,Colombo,Valencia,Low,11,0.6,5,15.8,Overcast
RB06052,Buenos Aires,Dubai,Low,13,0.7,2,18.0,Fair
RB06053,Buenos Aires,Dubai,Low,17,0.7,6,15.2,Overcast
RB06054,Buenos Aires,Dubai,Low,15,0.8,2,16.5,Fair
RB06055,Buenos Aires,Dubai,Low,17,0.9,3,16.2,Fair
RB06056,Rotterdam,Mumbai,High,49,4.0,91,3.4,Storm
RB06057,Rotterdam,Mumbai,High,42,4.2,76,5.2,Squall
RB06058,Rotterdam,Chennai,Moderate,26,2.7,24,10.3,Rain
RB06059,Rotterdam,Chennai,Moderate,31,2.6,28,9.7,Rain
RB06060,Rotterdam,Chennai,Moderate,30,2.1,18,9.1,Rain
RB06061,Rotterdam,Melbourne,Moderate,27,2.5,23,8.7,Rain
RB06062,Rotterdam,Melbourne,Moderate,29,2.3,20,10.6,Rain
RB06063,Piraeus,Valencia,Moderate,26,2.1,19,11.0,Rain
RB06064,Piraeus,Valencia,Moderate,29,1.9,23,8.8,Rain
RB06065,Piraeus,Valencia,Moderate,25,2.7,20,11.1,Rain
RB06066,Piraeus,Valencia,Moderate,26,2.0,22,10.0,Rain
RB06067,Rotterdam,Jebel Ali,Moderate,27,2.5,23,8.2,Rain
RB06068,Rotterdam,Jebel Ali,Moderate,25,2.4,17,8.7,Rain
RB06069,Busan,Valencia,Low,17,0.8,4,15.3,Overcast
RB06070,Busan,Valencia,Low,13,0.8,4,14.9,Overcast
RB06071,Busan,Valencia,Low,12,0.7,6,15.8,Overcast
RB06072,Busan,Valencia,Low,16,0.9,2,18.2,Fair
RB06073,Rotterdam,Jebel Ali,Moderate,30,2.5,18,9.6,Rain
RB06074,Rotterdam,Jebel Ali,Moderate,27,2.6,26,9.3,Rain
RB06075,Rotterdam,Jebel Ali,Moderate,28,2.5,17,8.3,Rain
RB06076,Rotterdam,Jebel Ali,Moderate,31,2.2,17,10.4,Rain
RB06077,Rotterdam,Los Angeles,Moderate,26,2.6,18,9.9,Rain
RB06078,Hamburg,Kochi,High,50,5.4,89,5.3,Storm
RB06079,Hamburg,Kochi,High,48,4.4,52,6.0,Storm
RB06080,Hamburg,Kochi,High,49,4.7,86,4.4,Storm
RB06081,Hamburg,Singapore,Moderate,26,2.3,23,10.4,Rain
RB06082,Hamburg,Singapore,Moderate,28,2.6,19,9.3,Rain
RB06083,Hamburg,Rotterdam,High,51,4.9,82,4.0,Storm
RB06084,Melbourne,Hong Kong,Low,17,0.8,6,17.9,Overcast
RB06085,Melbourne,Hong Kong,Low,14,0.9,3,16.2,Overcast
RB06086,Melbourne,Hong Kong,Low,16,0.8,2,16.1,Fair
RB06087,Melbourne,Hong Kong,Low,13,0.7,4,14.1,Overcast
RB06088,Istanbul,Singapore,High,44,4.5,54,5.0,Squall
RB06089,Istanbul,Singapore,High,40,5.4,59,5.2,Storm
RB06090,Istanbul,Singapore,High,49,5.5,60,4.4,Storm
RB06091,Istanbul,Singapore,High,45,4.6,78,4.5,Storm
RB06092,Hamburg,Santos,High,48,4.4,56,4.5,Storm
RB06093,Hamburg,Santos,High,43,5.4,79,5.9,Storm
RB06094,Hamburg,Santos,High,39,4.5,87,5.1,Squall
RB06095,Rotterdam,Tokyo,High,45,4.8,81,4.2,Storm
RB06096,Rotterdam,Tokyo,High,47,5.1,70,3.5,Storm
RB06097,Rotterdam,Tokyo,High,41,5.3,69,5.3,Storm
RB06098,Rotterdam,Tokyo,High,46,4.7,78,5.9,Storm
RB06099,Hamburg,Istanbul,High,44,4.4,92,3.7,Storm
RB06100,Hamburg,Istanbul,High,41,5.2,58,4.5,Storm
RB06101,Hamburg,Istanbul,High,43,4.7,65,5.7,Squall
RB06102,Hong Kong,Colombo,High,43,4.7,55,5.4,Squall
RB06103,Hong Kong,Colombo,High,38,5.3,85,4.9,Storm
RB06104,Hong Kong,Colombo,High,43,4.0,74,4.9,Squall
RB06105,Hong Kong,Colombo,High,46,4.6,75,4.8,Storm
RB06106,Hamburg,Dubai,High,39,5.3,85,3.8,Storm
RB06107,Hamburg,Dubai,High,50,4.9,86,3.5,Storm
RB06108,Hamburg,Dubai,High,48,5.6,71,4.5,Storm
RB06109,Hamburg,Shanghai,High,51,4.3,77,3.0,Storm
RB06110,Hamburg,Shanghai,High,52,4.3,65,4.9,Storm
RB06111,Hamburg,Hong Kong,High,47,4.4,85,4.0,Storm
RB06112,Hamburg,Hong Kong,High,41,4.7,98,3.8,Storm
RB06113,Hamburg,Hong Kong,High,48,5.6,76,4.2,Storm
RB06114,Hamburg,Durban,High,45,5.3,69,3.8,Storm
RB06115,Hamburg,Cape Town,Low,15,1.2,4,15.0,Overcast
RB06116,Hamburg,Cape Town,Low,18,1.0,6,15.1,Overcast
RB06117,Tokyo,Mombasa,Moderate,25,1.9,20,9.6,Rain
RB06118,Tokyo,Mombasa,Moderate,29,2.0,12,10.1,Overcast
RB06119,Tokyo,Mombasa,Moderate,25,2.6,20,9.6,Rain
RB06120,Tokyo,Mombasa,Moderate,26,1.9,14,9.9,Overcast
RB06121,Mombasa,Rotterdam,Moderate,29,2.5,20,9.0,Rain
RB06122,Mombasa,Rotterdam,Moderate,26,2.4,23,10.1,Rain
RB06123,Mombasa,Rotterdam,Moderate,28,1.9,15,9.3,Rain
RB06124,Mombasa,Rotterdam,Moderate,26,1.9,12,9.5,Overcast
RB06125,Hamburg,Felixstowe,Low,16,1.0,5,15.3,Overcast
RB06126,Hamburg,Felixstowe,Low,16,1.3,4,17.9,Overcast
RB06127,Hamburg,Felixstowe,Low,18,1.2,3,16.0,Fair
RB06128,Hamburg,Colombo,Moderate,31,2.6,22,10.3,Rain
RB06129,Hamburg,Colombo,Moderate,28,2.1,22,10.5,Rain
RB06130,Hamburg,Colombo,Moderate,30,2.1,27,9.1,Rain
RB06131,Vancouver,Hamburg,Moderate,31,2.3,30,8.8,Rain
RB06132,Vancouver,Hamburg,Moderate,31,2.3,22,8.0,Rain
RB06133,Vancouver,Hamburg,Moderate,27,2.3,27,9.7,Rain
RB06134,Vancouver,Hamburg,Moderate,31,2.6,20,8.5,Rain
RB06135,Hamburg,Mumbai,Moderate,25,2.5,27,9.4,Rain
RB06136,Hamburg,Mumbai,Moderate,27,2.2,17,8.7,Rain
RB06137,Hamburg,Mumbai,Moderate,27,2.5,27,8.3,Rain
RB06138,Hamburg,Chennai,Low,16,0.8,2,15.8,Fair
RB06139,Hamburg,Chennai,Low,14,0.8,2,14.9,Fair
RB06140,Hamburg,Chennai,Low,13,1.0,3,17.0,Fair
RB06141,Hamburg,Melbourne,High,48,4.6,86,3.8,Storm
RB06142,Hamburg,Melbourne,High,41,4.5,77,4.9,Squall
RB06143,Hamburg,Piraeus,Moderate,25,2.1,18,10.2,Rain
RB06144,Hamburg,Dar es Salaam,High,42,4.7,90,5.0,Squall
RB06145,Hamburg,Dar es Salaam,High,45,4.3,74,4.4,Squall
RB06146,Hong Kong,Mombasa,Moderate,25,2.4,25,9.8,Rain
RB06147,Hong Kong,Mombasa,Moderate,25,2.1,14,10.5,Overcast
RB06148,Hong Kong,Mombasa,Moderate,29,1.9,21,10.9,Rain
RB06149,Hong Kong,Mombasa,Moderate,27,2.3,24,10.9,Rain
RB06150,Hamburg,Tokyo,Low,17,1.2,5,15.4,Overcast
RB06151,Hamburg,Sydney,Low,15,1.2,4,14.0,Overcast
RB06152,Hamburg,Sydney,Low,18,1.0,4,16.1,Overcast
RB06153,Hamburg,New York,High,42,4.6,67,4.2,Squall
RB06154,Hamburg,New York,High,46,5.6,68,5.3,Storm
RB06155,Hamburg,Los Angeles,High,40,5.1,66,5.6,Storm
RB06156,Hamburg,Los Angeles,High,46,4.9,68,3.7,Storm
RB06157,Hamburg,Los Angeles,High,47,5.2,57,5.7,Storm
RB06158,Istanbul,Tokyo,Moderate,27,2.8,29,8.6,Rain
RB06159,Istanbul,Tokyo,Moderate,28,2.1,23,8.3,Rain
RB06160,Istanbul,Tokyo,Moderate,31,2.5,20,8.4,Rain
RB06161,Istanbul,Tokyo,Moderate,27,2.2,26,8.3,Rain
RB06162,London,Singapore,Low,12,0.8,4,16.6,Overcast
RB06163,London,Singapore,Low,16,0.8,4,17.2,Overcast
RB06164,London,Singapore,Low,11,0.6,4,15.8,Overcast
RB06165,London,Rotterdam,Low,15,1.3,6,16.5,Overcast
RB06166,London,Rotterdam,Low,17,0.9,5,17.0,Overcast
RB06167,London,Rotterdam,Low,19,1.2,3,16.4,Fair
RB06168,London,Vancouver,Low,12,1.1,2,18.2,Fair
RB06169,London,Vancouver,Low,14,0.9,4,16.6,Overcast
RB06170,London,Vancouver,Low,12,0.7,2,18.0,Fair
RB06171,Melbourne,Hong Kong,Low,11,1.2,2,17.8,Fair
RB06172,Melbourne,Hong Kong,Low,12,1.1,4,18.5,Overcast
RB06173,Melbourne,Hong Kong,Low,15,1.0,2,17.4,Fair
RB06174,Melbourne,Hong Kong,Low,12,1.1,5,15.1,Overcast
RB06175,London,Santos,Moderate,28,1.9,17,9.2,Rain
RB06176,London,Santos,Moderate,30,1.9,19,9.5,Rain
RB06177,London,Santos,Moderate,28,2.4,21,10.0,Rain
RB06178,London,Valencia,Low,15,1.4,6,15.1,Overcast
RB06179,London,Valencia,Low,19,1.2,3,17.0,Fair
RB06180,London,Valencia,Low,15,0.9,4,15.2,Overcast
RB06181,London,Istanbul,High,42,5.0,96,5.0,Storm
RB06182,London,Istanbul,High,47,4.7,84,3.3,Storm
RB06183,London,Istanbul,High,44,4.7,58,4.7,Squall
RB06184,London,Mombasa,Moderate,29,2.3,16,8.6,Rain
RB06185,London,Mombasa,Moderate,30,2.5,24,9.1,Rain
RB06186,Buenos Aires,Hong Kong,High,49,5.1,67,3.6,Storm
RB06187,Buenos Aires,Hong Kong,High,50,5.3,70,4.4,Storm
RB06188,Buenos Aires,Hong Kong,High,47,4.4,89,3.8,Storm
RB06189,Buenos Aires,Hong Kong,High,42,5.5,67,5.7,Storm
RB06190,London,Hamburg,High,46,4.6,93,3.1,Storm
RB06191,London,Hamburg,High,48,5.1,88,5.1,Storm
RB06192,London,Hamburg,High,44,5.1,71,3.4,Storm
RB06193,London,Shanghai,Moderate,30,2.1,24,9.5,Rain
RB06194,London,Shanghai,Moderate,26,2.3,25,9.1,Rain
RB06195,London,Shanghai,Moderate,30,2.7,24,10.7,Rain
RB06196,London,Hong Kong,Low,17,1.1,3,14.5,Fair
RB06197,London,Hong Kong,Low,15,1.2,4,15.6,Overcast
RB06198,London,Durban,Low,19,1.3,3,13.6,Fair
RB06199,London,Durban,Low,17,1.0,3,15.7,Fair
RB06200,London,Durban,Low,18,1.0,3,15.9,Overcast
RB06201,Busan,Sydney,Moderate,30,2.8,26,10.3,Rain
RB06202,Busan,Sydney,Moderate,26,2.3,28,8.6,Rain
RB06203,Busan,Sydney,Moderate,26,2.3,16,8.7,Rain
RB06204,Busan,Sydney,Moderate,28,2.1,18,8.8,Rain
RB06205,London,Buenos Aires,High,41,4.0,81,3.8,Storm
RB06206,Tokyo,Buenos Aires,Moderate,24,2.6,19,9.5,Rain
RB06207,Tokyo,Buenos Aires,Moderate,26,2.5,25,9.2,Rain
RB06208,Tokyo,Buenos Aires,Moderate,29,2.2,19,9.9,Rain
RB06209,Tokyo,Buenos Aires,Moderate,26,2.5,15,8.9,Rain
RB06210,London,Felixstowe,Low,13,0.8,3,15.1,Fair
RB06211,London,Felixstowe,Low,11,0.7,4,17.4,Overcast
RB06212,London,Colombo,Low,12,0.6,4,15.0,Overcast
RB06213,London,Colombo,Low,14,1.1,5,16.8,Overcast
RB06214,London,Mumbai,Moderate,27,2.3,22,10.4,Rain
RB06215,London,Mumbai,Moderate,31,2.0,15,9.1,Overcast
RB06216,London,Melbourne,Moderate,26,2.7,21,9.2,Rain
RB06217,London,Piraeus,Moderate,27,2.1,18,9.1,Rain
RB06218,London,Piraeus,Moderate,29,2.7,16,9.7,Rain
RB06219,London,Piraeus,Moderate,25,2.0,14,8.4,Overcast
RB06220,London,Dar es Salaam,Low,12,1.0,3,18.1,Overcast
RB06221,London,Dar es Salaam,Low,11,0.8,3,16.2,Overcast
RB06222,Dubai,Los Angeles,Moderate,27,1.9,12,10.4,Overcast
RB06223,Dubai,Los Angeles,Moderate,30,2.1,18,8.9,Rain
RB06224,Dubai,Los Angeles,Moderate,26,2.4,18,10.2,Rain
RB06225,Dubai,Los Angeles,Moderate,29,2.4,24,10.5,Rain
RB06226,Buenos Aires,Dubai,Moderate,27,2.8,23,9.4,Rain
RB06227,Buenos Aires,Dubai,Moderate,26,2.5,29,10.1,Rain
RB06228,Buenos Aires,Dubai,Moderate,30,2.5,19,9.6,Rain
RB06229,Buenos Aires,Dubai,Moderate,29,2.7,25,9.4,Rain
RB06230,Hong Kong,Los Angeles,Moderate,28,2.5,24,10.6,Rain
RB06231,Hong Kong,Los Angeles,Moderate,26,2.4,18,9.2,Rain
RB06232,Hong Kong,Los Angeles,Moderate,26,2.1,27,10.9,Rain
RB06233,Hong Kong,Los Angeles,Moderate,28,2.3,22,8.5,Rain
RB06234,London,New York,High,50,5.0,56,4.9,Storm
RB06235,London,New York,High,44,4.4,74,5.6,Squall
RB06236,London,New York,High,45,5.2,93,4.6,Storm
RB06237,London,Los Angeles,High,50,5.2,77,3.2,Storm
RB06238,London,Los Angeles,High,52,5.7,86,4.3,Storm
RB06239,London,Los Angeles,High,48,4.5,68,5.5,Storm
RB06240,Mumbai,Santos,Moderate,26,2.6,23,11.2,Rain
RB06241,Mumbai,Santos,Moderate,25,2.1,17,10.1,Rain
RB06242,Mumbai,Santos,Moderate,27,1.9,22,9.6,Rain
RB06243,Mumbai,Santos,Moderate,26,2.2,16,10.9,Rain
RB06244,Istanbul,Singapore,High,40,4.2,66,5.3,Squall
RB06245,Istanbul,Singapore,High,44,5.4,78,5.8,Storm
RB06246,Istanbul,Singapore,High,48,4.2,71,5.0,Storm
RB06247,Istanbul,Singapore,High,50,4.7,79,5.4,Storm
RB06248,Dar es Salaam,Hamburg,Moderate,27,2.4,15,10.7,Rain
RB06249,Dar es Salaam,Hamburg,Moderate,28,2.6,28,9.3,Rain
RB06250,Dar es Salaam,Hamburg,Moderate,26,2.1,23,9.9,Rain
RB06251,Dar es Salaam,Hamburg,Moderate,26,2.5,28,10.1,Rain
RB06252,Mombasa,Busan,High,41,4.8,84,4.9,Squall
RB06253,Mombasa,Busan,High,39,4.3,83,5.2,Squall
RB06254,Mombasa,Busan,High,38,4.4,74,5.0,Squall
RB06255,Mombasa,Busan,High,42,4.9,79,4.3,Squall
RB06256,Sydney,Valencia,High,42,5.1,89,4.4,Storm
RB06257,Sydney,Valencia,High,48,5.5,65,3.1,Storm
RB06258,Sydney,Valencia,High,43,5.1,75,4.9,Storm
RB06259,Sydney,Valencia,High,43,4.6,65,5.2,Squall
RB06260,New York,Santos,High,41,4.9,67,4.6,Squall
RB06261,New York,Santos,High,41,5.5,59,4.0,Storm
RB06262,New York,Istanbul,High,47,4.4,96,4.0,Storm
RB06263,New York,Istanbul,High,50,5.2,87,4.7,Storm
RB06264,New York,Mombasa,High,44,4.6,92,3.6,Storm
RB06265,New York,Mombasa,High,48,5.5,64,4.7,Storm
RB06266,New York,Mombasa,High,47,5.2,94,3.3,Storm
RB06267,New York,Hamburg,Low,12,0.9,3,16.8,Overcast
RB06268,New York,Hamburg,Low,11,1.1,3,15.9,Fair
RB06269,New York,Hamburg,Low,17,1.2,5,15.2,Overcast
RB06270,New York,Shanghai,High,49,5.4,78,3.9,Storm
RB06271,New York,Shanghai,High,47,4.4,59,4.5,Storm
RB06272,Valencia,London,Moderate,28,2.6,17,8.9,Rain
RB06273,Valencia,London,Moderate,27,2.8,21,9.7,Rain
RB06274,Valencia,London,Moderate,29,2.3,23,9.3,Rain
RB06275,Valencia,London,Moderate,32,2.2,26,9.8,Rain
RB06276,New York,Durban,High,51,5.5,90,4.0,Storm
RB06277,New York,Durban,High,50,5.5,72,4.6,Storm
RB06278,New York,Durban,High,47,4.3,101,5.3,Storm
RB06279,New York,Cape Town,High,41,5.1,60,5.0,Storm
RB06280,New York,Cape Town,High,51,4.6,80,5.7,Storm
RB06281,Mumbai,Istanbul,High,44,4.8,58,4.8,Squall
RB06282,Mumbai,Istanbul,High,51,5.2,67,4.3,Storm
RB06283,Mumbai,Istanbul,High,44,5.0,86,3.5,Storm
RB06284,Mumbai,Istanbul,High,41,5.4,71,5.5,Storm
RB06285,New York,Auckland,High,47,5.0,63,4.9,Storm
RB06286,New York,Auckland,High,48,3.8,52,4.4,Storm
RB06287,New York,Auckland,High,43,5.1,76,5.4,Storm
RB06288,New York,Felixstowe,Moderate,30,2.3,28,8.4,Rain
RB06289,New York,Felixstowe,Moderate,30,2.3,20,8.8,Rain
RB06290,New York,Felixstowe,Moderate,29,2.2,16,8.8,Rain
RB06291,New York,Colombo,Moderate,27,2.2,16,10.6,Rain
RB06292,New York,Colombo,Moderate,30,2.2,26,10.1,Rain
RB06293,New York,London,Low,17,0.8,3,15.3,Overcast
RB06294,New York,London,Low,15,1.0,4,16.5,Overcast
RB06295,New York,London,Low,16,1.2,5,16.2,Overcast
RB06296,Dar es Salaam,Colombo,High,42,5.2,58,5.3,Storm
RB06297,Dar es Salaam,Colombo,High,51,4.7,92,3.9,Storm
RB06298,Dar es Salaam,Colombo,High,46,4.5,85,4.5,Storm
RB06299,Dar es Salaam,Colombo,High,44,5.4,68,5.4,Storm
RB06300,Hong Kong,Rotterdam,Moderate,26,2.8,23,8.6,Rain
RB06301,Hong Kong,Rotterdam,Moderate,29,2.6,19,8.6,Rain
RB06302,Hong Kong,Rotterdam,Moderate,27,2.3,28,10.0,Rain
RB06303,Hong Kong,Rotterdam,Moderate,30,2.2,30,9.1,Rain
RB06304,New York,Melbourne,Moderate,26,2.1,20,10.6,Rain
RB06305,New York,Melbourne,Moderate,26,2.0,23,10.7,Rain
RB06306,New York,Piraeus,Moderate,25,2.6,21,9.7,Rain
RB06307,New York,Piraeus,Moderate,29,2.5,17,9.3,Rain
RB06308,New York,Piraeus,Moderate,28,2.6,18,10.5,Rain
RB06309,New York,Jebel Ali,High,45,4.9,67,4.0,Storm
RB06310,New York,Tokyo,Moderate,27,2.4,18,10.7,Rain
RB06311,New York,Tokyo,Moderate,30,2.5,29,8.5,Rain
RB06312,New York,Sydney,Moderate,26,2.3,22,10.6,Rain
RB06313,New York,Sydney,Moderate,28,2.0,26,10.1,Rain
RB06314,New York,Sydney,Moderate,28,2.0,26,9.1,Rain
RB06315,New York,Los Angeles,Moderate,26,2.3,26,9.0,Rain
RB06316,New York,Los Angeles,Moderate,29,2.1,16,9.0,Rain
RB06317,New York,Los Angeles,Moderate,25,2.1,15,8.9,Overcast
RB06318,Buenos Aires,Dubai,Moderate,26,2.2,19,9.1,Rain
RB06319,Buenos Aires,Dubai,Moderate,29,2.3,24,9.3,Rain
RB06320,Buenos Aires,Dubai,Moderate,27,2.3,28,8.9,Rain
RB06321,Buenos Aires,Dubai,Moderate,26,2.2,23,9.8,Rain
RB06322,New York,Santos,High,48,4.5,61,4.8,Storm
RB06323,New York,Santos,High,50,5.0,88,3.3,Storm
RB06324,New York,Santos,High,50,5.3,68,4.8,Storm
RB06325,New York,Santos,High,51,4.6,83,3.2,Storm
RB06326,Los Angeles,Rotterdam,Low,16,1.2,3,14.6,Fair
RB06327,Los Angeles,Rotterdam,Low,18,0.8,3,17.4,Fair
RB06328,Los Angeles,Rotterdam,Low,18,1.0,5,15.1,Overcast
RB06329,Shanghai,Dar es Salaam,Moderate,28,2.0,14,9.4,Overcast
RB06330,Shanghai,Dar es Salaam,Moderate,27,2.0,16,9.1,Rain
RB06331,Shanghai,Dar es Salaam,Moderate,29,2.4,18,9.5,Rain
RB06332,Shanghai,Dar es Salaam,Moderate,29,2.2,25,10.2,Rain
RB06333,Buenos Aires,Los Angeles,Moderate,27,2.3,21,10.0,Rain
RB06334,Buenos Aires,Los Angeles,Moderate,30,2.2,15,10.2,Overcast
RB06335,Buenos Aires,Los Angeles,Moderate,28,2.4,20,10.3,Rain
RB06336,Buenos Aires,Los Angeles,Moderate,27,2.3,20,10.1,Rain
RB06337,Dubai,Colombo,Low,13,1.0,4,15.3,Overcast
RB06338,Dubai,Colombo,Low,14,1.1,4,18.4,Overcast
RB06339,Dubai,Colombo,Low,12,0.6,2,18.4,Fair
RB06340,Dubai,Colombo,Low,15,1.0,4,14.9,Overcast
RB06341,Los Angeles,Valencia,High,48,5.0,63,3.9,Storm
RB06342,Los Angeles,Valencia,High,46,4.5,80,4.3,Storm
RB06343,Los Angeles,Istanbul,High,45,4.4,81,5.3,Storm
RB06344,Los Angeles,Istanbul,High,41,4.6,97,5.2,Squall
RB06345,Los Angeles,Istanbul,High,46,4.5,92,4.6,Storm
RB06346,Los Angeles,Mombasa,Low,13,1.0,4,16.6,Overcast
RB06347,Los Angeles,Mombasa,Low,16,1.1,5,18.0,Overcast
RB06348,Los Angeles,Mombasa,Low,18,0.8,5,16.0,Overcast
RB06349,Los Angeles,Dubai,High,41,4.9,81,5.1,Squall
RB06350,Los Angeles,Dubai,High,50,5.5,91,4.5,Storm
RB06351,Los Angeles,Dubai,High,52,4.7,102,3.5,Storm
RB06352,Dubai,Busan,Low,16,1.1,2,14.7,Fair
RB06353,Dubai,Busan,Low,12,1.0,5,17.6,Overcast
RB06354,Dubai,Busan,Low,12,1.0,4,17.6,Overcast
RB06355,Dubai,Busan,Low,15,1.0,2,15.4,Fair
RB06356,Los Angeles,Shanghai,Moderate,30,2.2,19,9.6,Rain
RB06357,Los Angeles,Shanghai,Moderate,30,2.7,14,10.6,Overcast
RB06358,Los Angeles,Shanghai,Moderate,30,2.0,26,8.8,Rain
RB06359,Los Angeles,Hong Kong,Low,14,0.8,2,17.7,Fair
RB06360,Los Angeles,Hong Kong,Low,15,1.1,5,17.0,Overcast
RB06361,Los Angeles,Durban,Low,17,0.9,6,16.6,Overcast
RB06362,Mombasa,Chennai,Moderate,27,2.1,23,9.3,Rain
RB06363,Mombasa,Chennai,Moderate,29,2.3,24,11.1,Rain
RB06364,Mombasa,Chennai,Moderate,28,2.0,16,8.9,Rain
RB06365,Mombasa,Chennai,Moderate,25,1.9,19,10.3,Rain
RB06366,Los Angeles,Buenos Aires,Moderate,30,2.2,19,10.6,Rain
RB06367,Los Angeles,Auckland,Moderate,26,2.5,19,10.6,Rain
RB06368,Los Angeles,Auckland,Moderate,26,2.3,25,8.8,Rain
RB06369,Los Angeles,Auckland,Moderate,25,2.1,23,8.8,Rain
RB06370,Los Angeles,Felixstowe,Moderate,28,2.2,19,9.6,Rain
RB06371,Dar es Salaam,Tokyo,Low,16,1.2,5,16.7,Overcast
RB06372,Dar es Salaam,Tokyo,Low,12,1.0,5,17.2,Overcast
RB06373,Dar es Salaam,Tokyo,Low,15,1.2,3,15.5,Overcast
RB06374,Dar es Salaam,Tokyo,Low,14,1.2,4,17.0,Overcast
RB06375,Los Angeles,London,Low,14,1.0,6,14.4,Overcast
RB06376,Los Angeles,London,Low,16,1.1,2,17.7,Fair
RB06377,Los Angeles,London,Low,17,0.9,5,15.1,Overcast
RB06378,Dubai,Los Angeles,Moderate,28,2.3,14,10.1,Overcast
RB06379,Dubai,Los Angeles,Moderate,29,1.9,13,10.2,Overcast
RB06380,Dubai,Los Angeles,Moderate,25,2.6,19,11.0,Rain
RB06381,Dubai,Los Angeles,Moderate,28,2.3,24,9.8,Rain
RB06382,Los Angeles,Chennai,Low,15,1.2,5,16.2,Overcast
RB06383,Los Angeles,Melbourne,High,44,4.7,76,5.4,Squall
RB06384,Los Angeles,Melbourne,High,42,4.3,74,4.3,Squall
RB06385,Los Angeles,Melbourne,High,46,5.4,55,5.5,Storm
RB06386,Los Angeles,Piraeus,Moderate,31,2.6,21,9.7,Rain
RB06387,Los Angeles,Piraeus,Moderate,25,2.4,28,9.6,Rain
RB06388,Hong Kong,Cape Town,High,44,4.2,53,5.0,Squall
RB06389,Hong Kong,Cape Town,High,48,5.4,71,3.9,Storm
RB06390,Hong Kong,Cape Town,High,42,5.3,76,4.1,Storm
RB06391,Hong Kong,Cape Town,High,47,5.4,61,5.2,Storm
RB06392,Rotterdam,Vancouver,High,42,4.1,64,5.7,Squall
RB06393,Rotterdam,Vancouver,High,43,4.0,73,4.4,Squall
RB06394,Rotterdam,Vancouver,High,46,4.8,82,3.5,Storm
RB06395,Rotterdam,Vancouver,High,48,5.6,72,5.4,Storm
RB06396,Los Angeles,Tokyo,High,50,4.6,56,4.7,Storm
RB06397,Los Angeles,Sydney,High,42,4.0,59,3.5,Storm
RB06398,Los Angeles,New York,High,53,4.9,78,4.3,Storm
RB06399,Los Angeles,New York,High,48,4.9,67,4.4,Storm
RB06400,Los Angeles,New York,High,53,5.7,97,4.9,Storm
RB06401,Istanbul,Hamburg,Low,13,1.1,4,15.3,Overcast
RB06402,Istanbul,Hamburg,Low,18,1.2,2,14.7,Fair
RB06403,Istanbul,Hamburg,Low,18,0.9,5,15.4,Overcast
RB06404,Istanbul,Hamburg,Low,17,1.0,3,15.3,Fair
RB06405,Vancouver,Singapore,Low,12,0.8,3,14.9,Overcast
RB06406,Vancouver,Singapore,Low,15,0.9,3,18.4,Fair
RB06407,Vancouver,Singapore,Low,14,0.7,5,18.6,Overcast
RB06408,Vancouver,Rotterdam,High,42,5.0,80,4.1,Storm
RB06409,Vancouver,Rotterdam,High,51,5.6,75,3.5,Storm
RB06410,Vancouver,Busan,Moderate,29,2.5,26,10.4,Rain
RB06411,Vancouver,Santos,Low,18,0.9,4,17.9,Overcast
RB06412,Vancouver,Santos,Low,12,1.0,2,15.3,Fair
RB06413,Vancouver,Santos,Low,14,1.2,4,17.4,Overcast
RB06414,Felixstowe,Dar es Salaam,Moderate,25,2.4,20,8.5,Rain
RB06415,Felixstowe,Dar es Salaam,Moderate,25,2.1,19,9.0,Rain
RB06416,Felixstowe,Dar es Salaam,Moderate,25,2.2,19,9.4,Rain
RB06417,Felixstowe,Dar es Salaam,Moderate,26,2.7,24,9.6,Rain
RB06418,Vancouver,Istanbul,Moderate,28,2.3,15,10.8,Rain
RB06419,Vancouver,Istanbul,Moderate,27,2.6,26,10.5,Rain
RB06420,Vancouver,Istanbul,Moderate,28,2.0,25,9.0,Rain
RB06421,Istanbul,Singapore,Low,14,0.7,4,16.3,Overcast
RB06422,Istanbul,Singapore,Low,15,1.0,2,15.9,Fair
RB06423,Istanbul,Singapore,Low,14,1.2,5,17.0,Overcast
RB06424,Istanbul,Singapore,Low,17,1.1,2,17.6,Fair
RB06425,Tokyo,Durban,High,46,4.5,84,6.1,Storm
RB06426,Tokyo,Durban,High,46,4.5,53,5.1,Storm
RB06427,Tokyo,Durban,High,47,5.3,89,5.9,Storm
RB06428,Tokyo,Durban,High,48,5.1,70,5.7,Storm
RB06429,Chennai,Piraeus,Moderate,28,2.2,23,8.2,Rain
RB06430,Chennai,Piraeus,Moderate,28,2.7,23,10.6,Rain
RB06431,Chennai,Piraeus,Moderate,27,2.7,28,8.2,Rain
RB06432,Chennai,Piraeus,Moderate,29,2.2,20,8.8,Rain
RB06433,Vancouver,Hong Kong,Moderate,27,2.1,26,10.8,Rain
RB06434,Vancouver,Hong Kong,Moderate,29,2.0,17,8.6,Rain
RB06435,Vancouver,Durban,Moderate,26,2.5,20,9.7,Rain
RB06436,Vancouver,Durban,Moderate,29,2.3,18,8.3,Rain
RB06437,Vancouver,Durban,Moderate,31,2.2,20,7.9,Rain
RB06438,Mombasa,Chennai,Moderate,29,2.6,26,9.3,Rain
RB06439,Mombasa,Chennai,Moderate,28,2.7,21,9.2,Rain
RB06440,Mombasa,Chennai,Moderate,26,2.6,20,8.4,Rain
RB06441,Mombasa,Chennai,Moderate,26,2.3,19,9.3,Rain
RB06442,Vancouver,Buenos Aires,High,52,4.6,90,4.9,Storm
RB06443,Rotterdam,Durban,Low,15,1.2,5,17.5,Overcast
RB06444,Rotterdam,Durban,Low,17,0.9,3,14.4,Fair
RB06445,Rotterdam,Durban,Low,15,1.2,2,16.7,Fair
RB06446,Rotterdam,Durban,Low,17,0.9,6,18.0,Overcast
RB06447,Colombo,Tokyo,High,44,4.2,85,4.4,Squall
RB06448,Colombo,Tokyo,High,49,5.0,81,4.3,Storm
RB06449,Colombo,Tokyo,High,43,3.8,84,6.2,Squall
RB06450,Colombo,Tokyo,High,42,4.3,85,5.7,Squall
RB06451,Vancouver,Colombo,High,42,4.8,90,4.0,Squall
RB06452,Dar es Salaam,Hong Kong,Moderate,30,2.6,17,10.4,Rain
RB06453,Dar es Salaam,Hong Kong,Moderate,27,2.3,15,8.9,Rain
RB06454,Dar es Salaam,Hong Kong,Moderate,29,2.3,17,9.6,Rain
RB06455,Dar es Salaam,Hong Kong,Moderate,26,2.0,17,9.3,Rain
RB06456,Sydney,Shanghai,Moderate,26,2.4,25,9.6,Rain
RB06457,Sydney,Shanghai,Moderate,25,1.9,15,9.7,Overcast
RB06458,Sydney,Shanghai,Moderate,27,2.4,25,10.4,Rain
RB06459,Sydney,Shanghai,Moderate,26,2.7,13,11.1,Overcast
RB06460,Melbourne,Auckland,Low,14,0.7,3,15.5,Fair
RB06461,Melbourne,Auckland,Low,16,0.8,4,17.0,Overcast
RB06462,Melbourne,Auckland,Low,14,1.1,4,16.2,Overcast
RB06463,Melbourne,Auckland,Low,17,1.1,4,15.3,Overcast
RB06464,Los Angeles,Durban,Low,14,1.1,3,17.7,Overcast
RB06465,Los Angeles,Durban,Low,12,0.8,3,14.7,Overcast
RB06466,Los Angeles,Durban,Low,14,1.2,3,17.7,Overcast
RB06467,Los Angeles,Durban,Low,17,1.1,4,14.9,Overcast
RB06468,Vancouver,Piraeus,Moderate,29,2.7,21,8.4,Rain
RB06469,Vancouver,Piraeus,Moderate,26,2.8,20,9.1,Rain
RB06470,Vancouver,Piraeus,Moderate,30,2.7,20,8.6,Rain
RB06471,Vancouver,Jebel Ali,Low,18,1.0,5,16.6,Overcast
RB06472,Vancouver,Jebel Ali,Low,15,0.7,2,17.9,Fair
RB06473,Vancouver,Tokyo,High,51,4.3,72,5.6,Storm
RB06474,Vancouver,Tokyo,High,50,4.9,80,5.0,Storm
RB06475,Vancouver,Tokyo,High,46,4.3,65,4.1,Storm
RB06476,Vancouver,Sydney,High,41,4.2,76,5.2,Squall
RB06477,Vancouver,Sydney,High,42,4.5,57,5.3,Squall
RB06478,Vancouver,Sydney,High,42,5.0,58,5.6,Storm
RB06479,Vancouver,New York,High,42,4.1,64,3.7,Storm
RB06480,Vancouver,Los Angeles,Moderate,28,2.7,18,8.5,Rain
RB06481,Shanghai,Singapore,Low,15,1.1,3,18.5,Fair
RB06482,Shanghai,Singapore,Low,11,1.0,2,16.5,Fair
RB06483,Shanghai,Rotterdam,High,47,5.1,69,3.8,Storm
RB06484,Shanghai,Rotterdam,High,50,4.6,101,5.0,Storm
RB06485,Shanghai,Vancouver,High,41,4.6,81,5.3,Squall
RB06486,Shanghai,Vancouver,High,45,5.3,88,4.3,Storm
RB06487,Shanghai,Busan,High,50,4.6,63,4.1,Storm
RB06488,Shanghai,Busan,High,46,4.2,78,4.7,Storm
RB06489,Shanghai,Busan,High,51,4.7,64,3.8,Storm
RB06490,Shanghai,Santos,High,50,5.4,95,5.8,Storm
RB06491,Shanghai,Valencia,Moderate,24,2.4,14,8.5,Overcast
RB06492,Shanghai,Istanbul,Low,11,0.6,4,16.7,Overcast
RB06493,Shanghai,Istanbul,Low,11,0.7,2,15.7,Fair
RB06494,Kochi,Sydney,High,49,4.5,63,5.8,Storm
RB06495,Kochi,Sydney,High,43,5.1,65,3.6,Storm
RB06496,Kochi,Sydney,High,52,4.8,74,4.1,Storm
RB06497,Kochi,Sydney,High,41,4.2,69,4.4,Squall
RB06498,Los Angeles,Valencia,High,44,5.5,67,4.5,Storm
RB06499,Los Angeles,Valencia,High,48,5.1,74,3.7,Storm
RB06500,Los Angeles,Valencia,High,44,5.0,73,4.0,Storm
RB06501,Los Angeles,Valencia,High,44,5.5,92,3.5,Storm
RB06502,Mumbai,Colombo,Moderate,26,2.3,20,11.0,Rain
RB06503,Mumbai,Colombo,Moderate,30,2.0,15,11.0,Overcast
RB06504,Mumbai,Colombo,Moderate,28,2.0,25,10.2,Rain
RB06505,Mumbai,Colombo,Moderate,27,2.4,27,10.1,Rain
RB06506,Shanghai,Hong Kong,Moderate,27,2.4,24,10.4,Rain
RB06507,Shanghai,Hong Kong,Moderate,29,2.1,28,9.2,Rain
RB06508,Shanghai,Hong Kong,Moderate,31,2.5,19,9.0,Rain
RB06509,Shanghai,Durban,Moderate,30,2.7,27,9.8,Rain
RB06510,Shanghai,Durban,Moderate,28,2.4,15,8.3,Rain
RB06511,Shanghai,Durban,Moderate,28,2.3,22,8.9,Rain
RB06512,Shanghai,Cape Town,High,43,5.5,59,3.7,Storm
RB06513,Shanghai,Cape Town,High,44,4.3,84,5.5,Squall
RB06514,Vancouver,Busan,Moderate,28,2.6,15,10.6,Rain
RB06515,Vancouver,Busan,Moderate,29,2.2,18,9.0,Rain
RB06516,Vancouver,Busan,Moderate,28,2.3,18,9.5,Rain
RB06517,Vancouver,Busan,Moderate,29,2.7,24,10.4,Rain
RB06518,Shanghai,Auckland,High,47,4.1,74,5.2,Storm
RB06519,Shanghai,Auckland,High,49,4.5,59,4.6,Storm
RB06520,Shanghai,Felixstowe,Low,15,1.1,5,17.1,Overcast
RB06521,Shanghai,Felixstowe,Low,17,1.0,3,17.2,Overcast
RB06522,Shanghai,Felixstowe,Low,15,1.2,3,15.7,Overcast
RB06523,Shanghai,Colombo,Low,14,1.1,2,15.7,Fair
RB06524,Shanghai,Colombo,Low,13,0.7,6,14.8,Overcast
RB06525,Shanghai,London,Low,13,0.9,4,17.4,Overcast
RB06526,Shanghai,London,Low,16,0.9,3,17.9,Fair
RB06527,Shanghai,London,Low,12,0.8,3,16.7,Fair
RB06528,Shanghai,Mumbai,High,39,4.4,77,3.9,Storm
RB06529,Shanghai,Mumbai,High,43,5.2,70,6.0,Storm
RB06530,Shanghai,Mumbai,High,46,5.0,49,4.9,Storm
RB06531,Shanghai,Chennai,Low,18,0.7,5,17.1,Overcast
RB06532,Shanghai,Chennai,Low,13,1.2,4,14.7,Overcast
RB06533,Shanghai,Chennai,Low,14,1.1,6,14.5,Overcast
RB06534,Shanghai,Melbourne,High,41,4.0,83,4.9,Squall
RB06535,Shanghai,Melbourne,High,51,4.7,77,4.4,Storm
RB06536,Shanghai,Melbourne,High,40,5.1,73,5.0,Storm
RB06537,Buenos Aires,Durban,Low,13,0.8,4,16.7,Overcast
RB06538,Buenos Aires,Durban,Low,13,1.1,3,16.4,Overcast
RB06539,Buenos Aires,Durban,Low,17,1.0,5,16.7,Overcast
RB06540,Buenos Aires,Durban,Low,11,0.9,2,16.7,Fair
RB06541,Shanghai,Dar es Salaam,Low,16,0.7,3,15.5,Overcast
RB06542,Shanghai,Jebel Ali,High,50,4.3,97,4.8,Storm
RB06543,Shanghai,Jebel Ali,High,46,4.3,66,4.5,Storm
RB06544,Busan,Kochi,Low,17,1.0,4,14.9,Overcast
RB06545,Busan,Kochi,Low,14,1.2,5,14.8,Overcast
RB06546,Busan,Kochi,Low,18,0.7,2,15.4,Fair
RB06547,Busan,Kochi,Low,15,0.9,4,17.5,Overcast
RB06548,Shanghai,Sydney,Moderate,28,2.0,18,9.1,Rain
RB06549,Shanghai,Sydney,Moderate,26,2.4,17,9.4,Rain
RB06550,Shanghai,Sydney,Moderate,27,2.0,15,9.0,Rain
RB06551,New York,Santos,High,44,5.4,83,5.2,Storm
RB06552,New York,Santos,High,49,4.5,74,5.1,Storm
RB06553,New York,Santos,High,44,5.5,65,3.6,Storm
RB06554,New York,Santos,High,45,5.5,79,4.6,Storm
RB06555,Hong Kong,Kochi,Low,11,1.1,2,18.4,Fair
RB06556,Hong Kong,Kochi,Low,14,1.2,3,16.6,Overcast
RB06557,Hong Kong,Singapore,High,46,4.4,75,4.8,Storm
RB06558,Hong Kong,Singapore,High,38,3.8,77,4.7,Squall
RB06559,Hong Kong,Rotterdam,Low,14,0.8,6,14.8,Overcast
RB06560,Hong Kong,Rotterdam,Low,17,1.2,6,15.8,Overcast
RB06561,Hong Kong,Vancouver,High,50,4.0,58,5.0,Storm
RB06562,Hong Kong,Vancouver,High,47,4.0,75,3.4,Storm
RB06563,Hong Kong,Busan,High,43,3.8,67,4.1,Squall
RB06564,Hong Kong,Busan,High,47,3.9,89,4.5,Storm
RB06565,Hong Kong,Busan,High,43,5.0,67,4.5,Squall
RB06566,Shanghai,New York,Moderate,26,2.4,28,10.0,Rain
RB06567,Shanghai,New York,Moderate,27,2.8,28,8.3,Rain
RB06568,Shanghai,New York,Moderate,30,2.1,17,8.2,Rain
RB06569,Shanghai,New York,Moderate,27,2.1,24,9.6,Rain
RB06570,Hong Kong,Valencia,High,45,4.9,52,4.3,Storm
RB06571,Hong Kong,Valencia,High,49,4.0,82,5.9,Storm
RB06572,Hong Kong,Valencia,High,49,4.0,70,5.4,Storm
RB06573,Hong Kong,Istanbul,Moderate,30,2.6,16,9.9,Rain
RB06574,Hong Kong,Dubai,Low,16,1.2,5,17.3,Overcast
RB06575,Hong Kong,Dubai,Low,17,1.2,3,14.6,Overcast
RB06576,Hong Kong,Dubai,Low,15,0.8,3,14.0,Fair
RB06577,Hong Kong,Hamburg,Moderate,29,2.6,19,9.9,Rain
RB06578,Hong Kong,Hamburg,Moderate,27,2.4,27,8.4,Rain
RB06579,Hong Kong,Hamburg,Moderate,27,2.6,21,8.2,Rain
RB06580,Hong Kong,Shanghai,High,46,4.7,86,5.8,Storm
RB06581,Hong Kong,Shanghai,High,49,3.7,66,4.6,Storm
RB06582,Hong Kong,Shanghai,High,47,4.4,64,5.2,Storm
RB06583,Durban,Busan,High,41,5.6,98,4.7,Storm
RB06584,Durban,Busan,High,47,4.4,60,4.0,Storm
RB06585,Durban,Busan,High,46,5.3,80,3.9,Storm
RB06586,Durban,Busan,High,48,5.5,63,3.7,Storm
RB06587,Hong Kong,Cape Town,Low,17,1.0,4,18.4,Overcast
RB06588,Hong Kong,Buenos Aires,Moderate,26,2.3,22,8.5,Rain
RB06589,Hong Kong,Buenos Aires,Moderate,30,2.2,15,8.4,Rain
RB06590,Hong Kong,Buenos Aires,Moderate,31,2.1,18,9.3,Rain
RB06591,Dubai,Hamburg,High,47,4.0,84,5.0,Storm
RB06592,Dubai,Hamburg,High,45,4.5,87,5.0,Storm
RB06593,Dubai,Hamburg,High,45,4.3,55,3.8,Storm
RB06594,Dubai,Hamburg,High,41,5.5,70,4.4,Storm
RB06595,Hong Kong,Felixstowe,Low,12,1.0,5,15.5,Overcast
RB06596,Hong Kong,Felixstowe,Low,19,1.1,5,15.0,Overcast
RB06597,Hong Kong,Colombo,Moderate,27,2.0,26,9.7,Rain
RB06598,Hong Kong,London,Low,17,0.9,5,16.2,Overcast
RB06599,Hong Kong,London,Low,14,1.0,4,16.2,Overcast
RB06600,Hong Kong,Mumbai,Moderate,24,1.9,22,10.3,Rain
RB06601,Hong Kong,Mumbai,Moderate,29,1.9,17,10.2,Rain
RB06602,Buenos Aires,Valencia,Low,17,1.3,6,14.1,Overcast
RB06603,Buenos Aires,Valencia,Low,16,1.2,3,13.7,Fair
RB06604,Buenos Aires,Valencia,Low,15,1.0,3,14.1,Overcast
RB06605,Buenos Aires,Valencia,Low,16,0.8,4,15.2,Overcast
RB06606,Istanbul,Felixstowe,Low,14,1.0,4,14.4,Overcast
RB06607,Istanbul,Felixstowe,Low,18,1.0,3,14.9,Fair
RB06608,Istanbul,Felixstowe,Low,17,1.3,4,14.7,Overcast
RB06609,Istanbul,Felixstowe,Low,19,0.9,6,16.9,Overcast
RB06610,Hong Kong,Piraeus,High,48,4.9,85,4.5,Storm
RB06611,Hong Kong,Piraeus,High,48,4.2,64,4.0,Storm
RB06612,Hong Kong,Dar es Salaam,Low,12,0.9,1,17.5,Fair
RB06613,Tokyo,Hamburg,Low,16,1.1,3,14.8,Fair
RB06614,Tokyo,Hamburg,Low,16,0.9,3,17.3,Overcast
RB06615,Tokyo,Hamburg,Low,13,0.8,3,14.6,Fair
RB06616,Tokyo,Hamburg,Low,19,0.8,3,16.2,Fair
RB06617,Chennai,London,High,39,5.3,88,4.4,Storm
RB06618,Chennai,London,High,46,4.0,87,5.6,Storm
RB06619,Chennai,London,High,48,4.3,87,4.0,Storm
RB06620,Chennai,London,High,39,5.4,75,5.5,Storm
RB06621,Hong Kong,Sydney,Moderate,24,2.2,21,11.1,Rain
RB06622,Hong Kong,Sydney,Moderate,27,2.2,20,9.6,Rain
RB06623,Hong Kong,Sydney,Moderate,25,2.7,15,9.7,Overcast
RB06624,Hong Kong,Istanbul,Moderate,29,2.4,19,9.9,Rain
RB06625,Hong Kong,Istanbul,Moderate,28,2.1,26,8.7,Rain
RB06626,Hong Kong,Istanbul,Moderate,26,2.5,24,10.8,Rain
RB06627,Hong Kong,Istanbul,Moderate,30,2.4,22,9.0,Rain
RB06628,Hong Kong,Los Angeles,Moderate,25,2.1,26,9.6,Rain
RB06629,Hong Kong,Los Angeles,Moderate,28,2.4,25,9.4,Rain
RB06630,Hong Kong,Los Angeles,Moderate,28,2.3,21,10.2,Rain
RB06631,Busan,Kochi,Moderate,27,2.4,19,10.7,Rain
RB06632,Busan,Singapore,Low,10,0.9,4,18.2,Overcast
RB06633,Busan,Rotterdam,High,49,4.7,78,3.2,Storm
RB06634,Busan,Rotterdam,High,53,5.3,65,4.3,Storm
RB06635,Chennai,Los Angeles,Moderate,29,1.9,15,11.2,Rain
RB06636,Chennai,Los Angeles,Moderate,28,2.4,17,9.7,Rain
RB06637,Chennai,Los Angeles,Moderate,24,2.3,23,9.0,Rain
RB06638,Chennai,Los Angeles,Moderate,29,2.6,23,11.1,Rain
RB06639,Sydney,Rotterdam,Low,12,0.7,4,15.3,Overcast
RB06640,Sydney,Rotterdam,Low,11,1.1,3,14.6,Overcast
RB06641,Sydney,Rotterdam,Low,14,0.7,2,15.0,Fair
RB06642,Sydney,Rotterdam,Low,17,0.9,5,14.5,Overcast
RB06643,Busan,Valencia,Low,15,0.7,4,14.6,Overcast
RB06644,Busan,Valencia,Low,16,1.0,2,16.5,Fair
RB06645,Busan,Valencia,Low,14,0.9,2,17.4,Fair
RB06646,Busan,Istanbul,Moderate,28,2.6,22,8.8,Rain
RB06647,Busan,Istanbul,Moderate,31,2.3,22,8.4,Rain
RB06648,Busan,Mombasa,Low,13,1.2,2,17.9,Fair
RB06649,Busan,Mombasa,Low,14,0.9,5,16.7,Overcast
RB06650,Busan,Hamburg,Moderate,26,2.0,20,10.6,Rain
RB06651,Busan,Hamburg,Moderate,25,2.2,25,9.7,Rain
RB06652,Busan,Hamburg,Moderate,27,2.3,22,10.3,Rain
RB06653,Busan,Shanghai,High,49,4.8,97,5.5,Storm
RB06654,Busan,Hong Kong,Low,12,1.3,5,17.8,Overcast
RB06655,Busan,Hong Kong,Low,17,1.2,3,16.1,Fair
RB06656,Busan,Durban,High,47,5.6,73,5.0,Storm
RB06657,Busan,Durban,High,41,5.0,97,5.0,Squall
RB06658,Busan,Cape Town,High,42,5.4,95,4.3,Storm
RB06659,Busan,Cape Town,High,41,4.4,77,4.0,Storm
RB06660,Busan,Cape Town,High,46,4.7,68,5.5,Storm
RB06661,Dar es Salaam,Dubai,Moderate,28,2.1,15,10.1,Overcast
RB06662,Dar es Salaam,Dubai,Moderate,29,2.3,21,10.9,Rain
RB06663,Dar es Salaam,Dubai,Moderate,27,1.9,17,10.5,Rain
RB06664,Dar es Salaam,Dubai,Moderate,26,2.6,13,9.1,Overcast
RB06665,Los Angeles,Durban,Low,11,1.2,4,14.6,Overcast
RB06666,Los Angeles,Durban,Low,12,0.7,4,17.9,Overcast
RB06667,Los Angeles,Durban,Low,14,1.1,3,16.2,Fair
RB06668,Los Angeles,Durban,Low,18,0.9,3,17.1,Overcast
RB06669,Busan,Felixstowe,High,43,4.3,87,4.5,Squall
RB06670,Busan,Felixstowe,High,43,5.0,81,4.9,Storm
RB06671,Busan,Felixstowe,High,42,4.6,70,5.5,Squall
RB06672,Busan,Colombo,Low,17,0.9,5,17.1,Overcast
RB06673,Busan,Colombo,Low,12,1.2,2,16.5,Fair
RB06674,Busan,Colombo,Low,17,0.8,4,16.4,Overcast
RB06675,Busan,London,High,48,4.3,64,3.5,Storm
RB06676,Busan,London,High,47,5.7,79,5.5,Storm
RB06677,Busan,London,High,46,4.7,87,3.7,Storm
RB06678,Vancouver,Hong Kong,High,40,3.9,71,4.5,Squall
RB06679,Vancouver,Hong Kong,High,40,5.1,74,5.3,Storm
RB06680,Vancouver,Hong Kong,High,47,4.7,56,4.9,Storm
RB06681,Vancouver,Hong Kong,High,46,3.9,72,4.1,Storm
RB06682,Santos,Shanghai,Moderate,25,2.1,12,10.2,Overcast
RB06683,Santos,Shanghai,Moderate,26,2.3,25,10.9,Rain
RB06684,Santos,Shanghai,Moderate,25,2.4,21,9.7,Rain
RB06685,Santos,Shanghai,Moderate,25,2.0,20,9.3,Rain
RB06686,Jebel Ali,Felixstowe,High,51,4.5,97,3.1,Storm
RB06687,Jebel Ali,Felixstowe,High,49,4.7,71,4.6,Storm
RB06688,Jebel Ali,Felixstowe,High,45,4.8,95,4.9,Squall
RB06689,Jebel Ali,Felixstowe,High,44,5.2,72,4.6,Storm
RB06690,Chennai,Durban,High,45,4.9,62,5.0,Squall
RB06691,Chennai,Durban,High,49,5.3,67,3.2,Storm
RB06692,Chennai,Durban,High,49,4.5,80,4.1,Storm
RB06693,Chennai,Durban,High,52,4.1,68,3.6,Storm
RB06694,Busan,Dar es Salaam,Low,14,1.1,3,18.1,Overcast
RB06695,Busan,Dar es Salaam,Low,16,0.7,3,15.2,Overcast
RB06696,Busan,Jebel Ali,Moderate,26,2.2,16,9.1,Rain
RB06697,Busan,Jebel Ali,Moderate,31,2.7,25,10.6,Rain
RB06698,Busan,Jebel Ali,Moderate,31,2.2,18,10.7,Rain
RB06699,Cape Town,Busan,Low,14,1.1,1,15.6,Fair
RB06700,Cape Town,Busan,Low,12,0.9,4,16.6,Overcast
RB06701,Cape Town,Busan,Low,11,1.0,4,15.9,Overcast
RB06702,Cape Town,Busan,Low,15,0.6,4,15.1,Overcast
RB06703,Busan,Los Angeles,High,39,5.2,61,4.5,Storm
RB06704,Busan,Los Angeles,High,50,5.4,74,4.6,Storm
RB06705,Tokyo,Kochi,Moderate,30,2.3,15,10.3,Overcast
RB06706,Tokyo,Kochi,Moderate,29,2.0,19,9.7,Rain
RB06707,Tokyo,Kochi,Moderate,28,2.2,17,8.8,Rain
RB06708,Mombasa,Istanbul,Moderate,26,2.3,18,8.8,Rain
RB06709,Mombasa,Istanbul,Moderate,27,2.5,14,9.8,Overcast
RB06710,Mombasa,Istanbul,Moderate,28,2.2,20,10.6,Rain
RB06711,Mombasa,Istanbul,Moderate,26,2.1,25,8.7,Rain
RB06712,Los Angeles,Auckland,Moderate,26,2.7,24,8.9,Rain
RB06713,Los Angeles,Auckland,Moderate,29,2.4,16,10.3,Rain
RB06714,Los Angeles,Auckland,Moderate,27,2.2,26,10.7,Rain
RB06715,Los Angeles,Auckland,Moderate,27,2.5,21,10.6,Rain
RB06716,Tokyo,Vancouver,Moderate,26,2.7,17,10.7,Rain
RB06717,Tokyo,Vancouver,Moderate,28,2.1,20,10.8,Rain
RB06718,Tokyo,Vancouver,Moderate,27,2.4,24,10.7,Rain
RB06719,Tokyo,Busan,High,39,4.4,62,3.8,Storm
RB06720,Tokyo,Busan,High,46,4.3,66,4.0,Storm
RB06721,Tokyo,Busan,High,46,5.1,63,3.5,Storm
RB06722,Busan,Rotterdam,Moderate,29,2.3,19,8.4,Rain
RB06723,Busan,Rotterdam,Moderate,27,2.8,28,9.5,Rain
RB06724,Busan,Rotterdam,Moderate,32,2.9,25,8.2,Rain
RB06725,Busan,Rotterdam,Moderate,27,2.1,20,8.8,Rain
RB06726,Tokyo,Mombasa,Moderate,24,2.5,25,9.6,Rain
RB06727,Tokyo,Mombasa,Moderate,27,2.1,15,9.3,Overcast
RB06728,Tokyo,Mombasa,Moderate,26,2.4,18,11.0,Rain
RB06729,Tokyo,Mombasa,Moderate,27,2.3,23,10.2,Rain
RB06730,Dar es Salaam,Felixstowe,Low,13,0.8,6,16.6,Overcast
RB06731,Dar es Salaam,Felixstowe,Low,14,1.2,4,17.4,Overcast
RB06732,Dar es Salaam,Felixstowe,Low,13,1.0,3,14.1,Overcast
RB06733,Dar es Salaam,Felixstowe,Low,14,1.0,5,16.5,Overcast
RB06734,Tokyo,Mombasa,Low,13,0.7,5,18.1,Overcast
RB06735,Tokyo,Dubai,Moderate,25,2.4,17,10.2,Rain
RB06736,Tokyo,Dubai,Moderate,26,2.1,18,10.5,Rain
RB06737,Tokyo,Hamburg,Low,14,1.1,5,17.4,Overcast
RB06738,Durban,New York,High,49,5.1,85,3.9,Storm
RB06739,Durban,New York,High,38,4.1,82,3.9,Storm
RB06740,Durban,New York,High,42,4.5,69,5.0,Squall
RB06741,Durban,New York,High,41,5.3,55,4.0,Storm
RB06742,Tokyo,Durban,High,46,4.3,87,5.8,Storm
RB06743,Tokyo,Cape Town,Low,19,1.2,6,15.3,Overcast
RB06744,Tokyo,Cape Town,Low,15,0.8,5,14.8,Overcast
RB06745,Tokyo,Cape Town,Low,14,1.3,5,15.6,Overcast
RB06746,Tokyo,Auckland,Moderate,25,2.0,16,10.0,Rain
RB06747,Tokyo,Auckland,Moderate,25,2.6,15,8.7,Rain
RB06748,Tokyo,Auckland,Moderate,26,2.3,16,10.5,Rain
RB06749,Melbourne,Colombo,Low,12,0.9,2,16.2,Fair
RB06750,Melbourne,Colombo,Low,17,0.9,2,17.4,Fair
RB06751,Melbourne,Colombo,Low,11,0.8,5,14.5,Overcast
RB06752,Melbourne,Colombo,Low,14,0.7,4,17.4,Overcast
RB06753,Cape Town,Mombasa,High,44,5.4,70,3.4,Storm
RB06754,Cape Town,Mombasa,High,41,4.8,96,3.9,Storm
RB06755,Cape Town,Mombasa,High,43,5.0,59,3.8,Storm
RB06756,Cape Town,Mombasa,High,43,5.4,90,3.9,Storm
RB06757,Tokyo,London,Moderate,30,2.6,17,10.0,Rain
RB06758,Rotterdam,Piraeus,High,50,4.9,96,4.1,Storm
RB06759,Rotterdam,Piraeus,High,43,4.5,84,4.2,Squall
RB06760,Rotterdam,Piraeus,High,50,5.6,75,3.8,Storm
RB06761,Rotterdam,Piraeus,High,48,5.1,87,3.8,Storm
RB06762,Tokyo,Chennai,Low,16,0.6,2,17.6,Fair
RB06763,Tokyo,Melbourne,High,45,4.6,96,3.3,Storm
RB06764,Tokyo,Melbourne,High,41,5.2,62,3.7,Storm
RB06765,Tokyo,Melbourne,High,50,4.6,60,3.8,Storm
RB06766,Tokyo,Piraeus,Moderate,30,2.4,17,9.1,Rain
RB06767,Tokyo,Piraeus,Moderate,29,2.6,21,8.6,Rain
RB06768,Los Angeles,Valencia,Low,15,1.0,3,14.9,Fair
RB06769,Los Angeles,Valencia,Low,16,1.3,5,16.0,Overcast
RB06770,Los Angeles,Valencia,Low,15,1.2,5,16.7,Overcast
RB06771,Los Angeles,Valencia,Low,14,1.2,5,17.9,Overcast
RB06772,Hamburg,Los Angeles,High,45,4.7,72,4.4,Squall
RB06773,Hamburg,Los Angeles,High,48,4.0,60,4.6,Storm
RB06774,Hamburg,Los Angeles,High,40,5.0,84,5.5,Squall
RB06775,Hamburg,Los Angeles,High,50,4.2,59,5.4,Storm
RB06776,Singapore,Auckland,High,42,5.1,71,6.2,Storm
RB06777,Singapore,Auckland,High,45,4.4,81,6.1,Squall
RB06778,Singapore,Auckland,High,49,4.6,51,5.5,Storm
RB06779,Singapore,Auckland,High,41,3.7,65,6.0,Squall
RB06780,Tokyo,New York,Low,15,0.9,4,15.5,Overcast
RB06781,Tokyo,New York,Low,18,0.9,6,15.9,Overcast
RB06782,Tokyo,Los Angeles,Moderate,26,2.5,24,9.4,Rain
RB06783,Tokyo,Los Angeles,Moderate,29,2.6,25,9.2,Rain
RB06784,Tokyo,Los Angeles,Moderate,27,2.6,21,8.5,Rain
RB06785,Sydney,Kochi,High,49,4.7,70,5.3,Storm
RB06786,Sydney,Kochi,High,39,3.8,86,3.9,Storm
RB06787,Sydney,Kochi,High,43,4.4,53,6.0,Squall
RB06788,Sydney,Singapore,Low,14,0.7,4,15.9,Overcast
RB06789,Sydney,Singapore,Low,12,0.8,3,17.3,Overcast
RB06790,Sydney,Rotterdam,Low,13,0.7,2,15.3,Fair
RB06791,Sydney,Vancouver,High,49,5.0,63,4.8,Storm
RB06792,Sydney,Vancouver,High,44,4.4,87,5.0,Squall
RB06793,Sydney,Vancouver,High,44,5.3,73,4.8,Storm
RB06794,Sydney,Busan,High,46,4.9,91,4.2,Storm
RB06795,Sydney,Busan,High,46,4.2,94,3.8,Storm
RB06796,Sydney,Busan,High,41,5.5,70,4.6,Storm
RB06797,Sydney,Santos,High,47,5.3,92,4.0,Storm
RB06798,Sydney,Santos,High,46,4.7,71,4.5,Storm
RB06799,Sydney,Valencia,High,41,5.1,83,3.3,Storm
RB06800,Sydney,Valencia,High,44,5.0,73,3.4,Storm
RB06801,Sydney,Valencia,High,52,4.9,70,4.4,Storm
RB06802,Sydney,Istanbul,Moderate,27,2.3,23,9.9,Rain
RB06803,Sydney,Istanbul,Moderate,27,2.1,21,8.4,Rain
RB06804,Sydney,Istanbul,Moderate,30,2.7,24,9.5,Rain
RB06805,Sydney,Mombasa,Low,14,1.2,5,16.6,Overcast
RB06806,Sydney,Mombasa,Low,11,1.0,2,16.3,Fair
RB06807,Sydney,Mombasa,Low,16,1.2,2,17.9,Fair
RB06808,Sydney,Dubai,Moderate,27,2.1,14,10.4,Overcast
RB06809,Sydney,Dubai,Moderate,30,2.6,15,10.9,Rain
RB06810,Sydney,Hamburg,High,53,4.6,82,5.5,Storm
RB06811,Sydney,Shanghai,Moderate,28,2.2,23,8.8,Rain
RB06812,Sydney,Shanghai,Moderate,29,2.3,13,9.5,Overcast
RB06813,Sydney,Shanghai,Moderate,30,2.1,19,11.1,Rain
RB06814,Valencia,Cape Town,High,51,4.1,97,4.9,Storm
RB06815,Valencia,Cape Town,High,50,5.4,94,5.2,Storm
RB06816,Valencia,Cape Town,High,42,5.5,79,5.1,Storm
RB06817,Valencia,Cape Town,High,43,5.3,58,5.2,Storm
RB06818,Cape Town,Vancouver,Low,17,0.8,5,16.7,Overcast
RB06819,Cape Town,Vancouver,Low,13,1.0,6,14.4,Overcast
RB06820,Cape Town,Vancouver,Low,17,0.9,3,16.5,Overcast
RB06821,Cape Town,Vancouver,Low,16,1.0,6,17.0,Overcast
RB06822,Sydney,Cape Town,Moderate,30,2.6,15,9.7,Overcast
RB06823,Sydney,Cape Town,Moderate,29,1.9,15,10.1,Overcast
RB06824,Sydney,Cape Town,Moderate,24,2.6,13,10.7,Overcast
RB06825,Hong Kong,Rotterdam,Low,17,1.0,6,15.1,Overcast
RB06826,Hong Kong,Rotterdam,Low,14,0.8,6,13.6,Overcast
RB06827,Hong Kong,Rotterdam,Low,16,1.1,5,16.5,Overcast
RB06828,Hong Kong,Rotterdam,Low,15,1.0,3,16.3,Overcast
RB06829,Mumbai,Colombo,Moderate,30,2.0,14,10.7,Overcast
RB06830,Mumbai,Colombo,Moderate,25,2.5,25,10.2,Rain
RB06831,Mumbai,Colombo,Moderate,28,2.6,25,10.9,Rain
RB06832,Mumbai,Colombo,Moderate,28,2.0,13,10.6,Overcast
RB06833,Sydney,Felixstowe,High,47,5.0,89,3.9,Storm
RB06834,Sydney,Felixstowe,High,42,4.3,76,5.5,Squall
RB06835,Sydney,Felixstowe,High,43,4.9,62,5.9,Squall
RB06836,London,Los Angeles,High,42,5.5,95,4.1,Storm
RB06837,London,Los Angeles,High,51,4.6,86,3.1,Storm
RB06838,London,Los Angeles,High,48,4.8,101,4.3,Storm
RB06839,London,Los Angeles,High,50,5.7,74,4.0,Storm
RB06840,Sydney,London,Moderate,31,2.6,29,9.2,Rain
RB06841,Sydney,London,Moderate,26,2.7,24,10.3,Rain
RB06842,London,Shanghai,Moderate,30,2.4,19,10.2,Rain
RB06843,London,Shanghai,Moderate,29,2.0,22,9.8,Rain
RB06844,London,Shanghai,Moderate,28,2.2,25,8.9,Rain
RB06845,London,Shanghai,Moderate,29,2.8,19,10.4,Rain
RB06846,Sydney,Chennai,Low,13,0.9,3,14.7,Fair
RB06847,Sydney,Chennai,Low,14,0.9,2,17.2,Fair
RB06848,Sydney,Chennai,Low,14,1.0,5,17.6,Overcast
RB06849,Istanbul,Tokyo,High,48,4.1,56,5.4,Storm
RB06850,Istanbul,Tokyo,High,42,4.4,74,5.4,Squall
RB06851,Istanbul,Tokyo,High,47,5.3,78,3.3,Storm
RB06852,Istanbul,Tokyo,High,40,5.0,70,4.7,Storm
RB06853,Sydney,Piraeus,Moderate,29,2.0,16,8.5,Rain
RB06854,Sydney,Piraeus,Moderate,29,2.3,27,10.5,Rain
RB06855,Sydney,Piraeus,Moderate,25,2.2,23,10.8,Rain
RB06856,Sydney,Dar es Salaam,High,44,5.3,65,3.9,Storm
RB06857,Sydney,Dar es Salaam,High,46,5.3,61,4.7,Storm
RB06858,Sydney,Jebel Ali,High,41,4.5,71,5.1,Squall
RB06859,Sydney,Jebel Ali,High,42,5.0,78,4.5,Squall
RB06860,Sydney,Jebel Ali,High,50,5.4,70,4.6,Storm
RB06861,Jebel Ali,Dar es Salaam,High,42,4.6,60,5.8,Squall
RB06862,Jebel Ali,Dar es Salaam,High,42,4.2,56,4.0,Storm
RB06863,Jebel Ali,Dar es Salaam,High,49,3.8,85,4.7,Storm
RB06864,Jebel Ali,Dar es Salaam,High,46,4.7,74,4.3,Storm
RB06865,Sydney,New York,Moderate,26,2.3,13,8.9,Overcast
RB06866,Sydney,New York,Moderate,29,2.6,21,9.2,Rain
RB06867,Sydney,New York,Moderate,27,1.9,14,9.6,Overcast
RB06868,Sydney,Los Angeles,High,41,4.1,69,3.4,Storm
RB06869,Sydney,Los Angeles,High,50,4.4,71,4.6,Storm
RB06870,Sydney,Los Angeles,High,46,4.1,97,3.2,Storm
RB06871,Melbourne,Kochi,High,46,4.8,82,3.8,Storm
RB06872,Melbourne,Kochi,High,49,4.2,62,5.7,Storm
RB06873,Melbourne,Kochi,High,43,4.8,64,5.5,Squall
RB06874,Melbourne,Singapore,Low,13,0.6,5,15.6,Overcast
RB06875,Hong Kong,Istanbul,Moderate,29,2.1,18,9.6,Rain
RB06876,Hong Kong,Istanbul,Moderate,28,2.3,15,9.1,Rain
RB06877,Hong Kong,Istanbul,Moderate,28,2.3,19,9.6,Rain
RB06878,Hong Kong,Istanbul,Moderate,28,2.4,25,9.7,Rain
RB06879,Melbourne,Vancouver,High,50,5.3,59,5.8,Storm
RB06880,Melbourne,Vancouver,High,47,4.0,85,4.1,Storm
RB06881,Melbourne,Busan,Moderate,25,2.5,20,10.2,Rain
RB06882,Kochi,Colombo,Low,15,0.7,3,18.7,Overcast
RB06883,Kochi,Colombo,Low,13,0.9,1,15.4,Fair
RB06884,Kochi,Colombo,Low,15,1.0,3,17.0,Fair
RB06885,Kochi,Colombo,Low,16,0.7,2,16.5,Fair
RB06886,Melbourne,Valencia,Moderate,30,2.7,21,10.7,Rain
RB06887,Buenos Aires,Istanbul,Low,13,1.1,6,16.5,Overcast
RB06888,Buenos Aires,Istanbul,Low,18,1.3,3,13.9,Overcast
RB06889,Buenos Aires,Istanbul,Low,14,1.2,3,14.6,Fair
RB06890,Buenos Aires,Istanbul,Low,17,1.0,3,16.5,Fair
RB06891,Melbourne,Mombasa,Low,14,1.1,4,14.5,Overcast
RB06892,Melbourne,Mombasa,Low,13,1.2,2,18.2,Fair
RB06893,Melbourne,Mombasa,Low,13,0.7,5,15.5,Overcast
RB06894,Melbourne,Dubai,High,50,4.7,58,4.9,Storm
RB06895,Melbourne,Dubai,High,42,4.4,84,5.1,Squall
RB06896,Melbourne,Dubai,High,41,4.6,58,4.5,Squall
RB06897,Hamburg,Piraeus,High,43,4.6,68,3.5,Storm
RB06898,Hamburg,Piraeus,High,41,4.4,94,4.8,Squall
RB06899,Hamburg,Piraeus,High,48,3.9,85,4.1,Storm
RB06900,Hamburg,Piraeus,High,44,4.5,86,5.4,Squall
RB06901,Melbourne,Shanghai,High,49,4.7,88,5.6,Storm
RB06902,Melbourne,Shanghai,High,44,4.1,65,5.1,Squall
RB06903,Melbourne,Durban,Moderate,31,2.8,28,10.3,Rain
RB06904,Melbourne,Durban,Moderate,26,2.2,21,10.3,Rain
RB06905,Melbourne,Buenos Aires,High,43,4.0,54,4.3,Squall
RB06906,Melbourne,Buenos Aires,High,42,4.8,62,4.5,Squall
RB06907,Melbourne,Buenos Aires,High,46,4.7,88,5.1,Storm
RB06908,Melbourne,Auckland,High,50,5.2,72,5.4,Storm
RB06909,Melbourne,Felixstowe,Low,12,1.0,3,14.8,Overcast
RB06910,Melbourne,Felixstowe,Low,15,0.8,3,16.3,Fair
RB06911,Melbourne,Felixstowe,Low,12,0.8,5,15.6,Overcast
RB06912,Melbourne,Colombo,Low,15,1.1,3,15.7,Fair
RB06913,Melbourne,Colombo,Low,13,1.2,3,16.6,Fair
RB06914,Melbourne,London,Moderate,28,2.2,19,10.2,Rain
RB06915,Melbourne,London,Moderate,25,2.7,21,10.3,Rain
RB06916,Melbourne,London,Moderate,25,2.8,28,10.0,Rain
RB06917,Rotterdam,Tokyo,High,49,4.8,87,4.8,Storm
RB06918,Rotterdam,Tokyo,High,40,4.2,62,4.4,Squall
RB06919,Rotterdam,Tokyo,High,43,4.4,86,3.6,Storm
RB06920,Rotterdam,Tokyo,High,40,5.0,86,4.7,Squall
RB06921,Melbourne,Chennai,High,49,5.0,61,4.7,Storm
RB06922,Melbourne,Chennai,High,44,3.9,89,4.6,Squall
RB06923,Melbourne,Piraeus,Low,18,0.8,3,15.2,Fair
RB06924,Melbourne,Piraeus,Low,15,0.9,5,16.3,Overcast
RB06925,Melbourne,Piraeus,Low,12,0.8,5,17.3,Overcast
RB06926,Melbourne,Dar es Salaam,Low,17,0.9,4,17.5,Overcast
RB06927,Melbourne,Dar es Salaam,Low,16,0.9,2,17.3,Fair
RB06928,Melbourne,Dar es Salaam,Low,15,0.8,2,16.8,Fair
RB06929,Melbourne,Jebel Ali,High,50,5.7,92,4.6,Storm
RB06930,Durban,Felixstowe,Low,12,1.0,2,17.7,Fair
RB06931,Durban,Felixstowe,Low,12,1.2,5,18.0,Overcast
RB06932,Durban,Felixstowe,Low,12,1.2,4,17.2,Overcast
RB06933,Durban,Felixstowe,Low,17,1.2,3,15.6,Overcast
RB06934,Melbourne,Sydney,Moderate,28,2.3,17,10.2,Rain
RB06935,Melbourne,Sydney,Moderate,30,2.0,17,10.7,Rain
RB06936,Melbourne,Sydney,Moderate,25,2.4,22,10.6,Rain
RB06937,Melbourne,New York,High,42,4.5,74,4.8,Squall
RB06938,New York,Valencia,Moderate,31,2.6,27,10.4,Rain
RB06939,New York,Valencia,Moderate,28,2.7,28,9.2,Rain
RB06940,New York,Valencia,Moderate,26,2.1,19,10.4,Rain
RB06941,New York,Valencia,Moderate,28,2.7,18,10.3,Rain
RB06942,Durban,Kochi,Moderate,25,2.5,21,9.9,Rain
RB06943,Durban,Kochi,Moderate,24,2.2,16,10.5,Rain
RB06944,Durban,Singapore,High,42,4.0,73,4.1,Squall
RB06945,Durban,Singapore,High,45,5.2,55,5.2,Storm
RB06946,Melbourne,Sydney,Moderate,29,2.5,17,9.1,Rain
RB06947,Melbourne,Sydney,Moderate,29,2.7,13,10.5,Overcast
RB06948,Melbourne,Sydney,Moderate,25,2.6,13,10.2,Overcast
RB06949,Melbourne,Sydney,Moderate,26,2.4,21,9.6,Rain
RB06950,Hong Kong,Mombasa,Moderate,28,2.1,14,10.2,Overcast
RB06951,Hong Kong,Mombasa,Moderate,24,2.6,14,8.9,Overcast
RB06952,Hong Kong,Mombasa,Moderate,29,1.8,15,10.6,Rain
RB06953,Hong Kong,Mombasa,Moderate,25,2.2,17,10.8,Rain
RB06954,Durban,Busan,Low,18,1.2,3,14.1,Overcast
RB06955,Mumbai,Kochi,Low,14,0.7,4,15.6,Overcast
RB06956,Mumbai,Kochi,Low,10,1.1,5,15.9,Overcast
RB06957,Mumbai,Kochi,Low,17,1.1,3,18.4,Fair
RB06958,Mumbai,Kochi,Low,13,1.1,4,15.1,Overcast
RB06959,Melbourne,Kochi,High,47,4.5,69,4.3,Storm
RB06960,Melbourne,Kochi,High,45,5.4,68,3.9,Storm
RB06961,Melbourne,Kochi,High,48,5.0,66,5.8,Storm
RB06962,Melbourne,Kochi,High,47,4.6,85,4.4,Storm
RB06963,Durban,Hamburg,Moderate,29,2.4,14,8.8,Overcast
RB06964,Durban,Hamburg,Moderate,29,2.7,27,10.0,Rain
RB06965,Durban,Hamburg,Moderate,28,2.4,20,8.6,Rain
RB06966,Durban,Shanghai,Moderate,28,2.1,17,8.2,Rain
RB06967,Durban,Shanghai,Moderate,30,2.4,21,10.2,Rain
RB06968,Durban,Hong Kong,High,46,4.9,84,5.2,Storm
RB06969,Durban,Cape Town,High,46,3.9,59,4.4,Storm
RB06970,Durban,Cape Town,High,40,4.6,64,5.6,Squall
RB06971,Durban,Cape Town,High,48,4.3,80,5.8,Storm
RB06972,Valencia,Chennai,High,48,3.9,68,5.5,Storm
RB06973,Valencia,Chennai,High,43,4.5,92,4.6,Squall
RB06974,Valencia,Chennai,High,47,4.5,86,3.7,Storm
RB06975,Valencia,Chennai,High,41,5.2,89,5.6,Storm
RB06976,Hong Kong,Cape Town,Low,16,1.0,4,17.9,Overcast
RB06977,Hong Kong,Cape Town,Low,14,0.7,4,18.4,Overcast
RB06978,Hong Kong,Cape Town,Low,17,0.9,3,14.8,Fair
RB06979,Hong Kong,Cape Town,Low,14,0.9,3,16.6,Overcast
RB06980,Durban,Felixstowe,Moderate,27,2.1,20,8.9,Rain
RB06981,Durban,Felixstowe,Moderate,28,2.1,22,10.5,Rain
RB06982,Durban,Colombo,Low,14,0.6,2,17.3,Fair
RB06983,Durban,Colombo,Low,13,0.7,5,16.2,Overcast
RB06984,Durban,Colombo,Low,12,0.8,4,16.9,Overcast
RB06985,Durban,London,Low,12,1.1,3,13.8,Overcast
RB06986,Durban,London,Low,12,1.3,3,15.8,Fair
RB06987,Durban,London,Low,17,0.8,2,14.0,Fair
RB06988,Durban,Mumbai,High,43,4.5,69,5.2,Squall
RB06989,Durban,Mumbai,High,46,4.6,51,5.5,Storm
RB06990,Durban,Mumbai,High,42,5.1,88,5.8,Storm
RB06991,Durban,Chennai,Moderate,30,2.4,20,10.1,Rain
RB06992,Durban,Chennai,Moderate,26,2.3,25,10.0,Rain
RB06993,Durban,Melbourne,High,48,4.6,52,4.2,Storm
RB06994,Durban,Melbourne,High,39,4.6,57,3.7,Storm
RB06995,Durban,Melbourne,High,48,5.1,88,4.4,Storm
RB06996,Durban,Piraeus,Moderate,27,2.0,17,9.3,Rain
RB06997,Durban,Piraeus,Moderate,26,2.5,25,8.9,Rain
RB06998,Durban,Piraeus,Moderate,28,2.2,23,10.1,Rain
RB06999,Durban,Dar es Salaam,High,48,4.7,78,6.0,Storm
RB07000,Busan,Hong Kong,Low,15,0.9,3,16.1,Overcast
RB07001,Busan,Hong Kong,Low,13,1.3,6,14.9,Overcast
RB07002,Busan,Hong Kong,Low,18,1.2,5,17.0,Overcast
RB07003,Busan,Hong Kong,Low,13,0.8,6,16.0,Overcast
RB07004,Durban,Tokyo,High,39,5.0,70,5.8,Storm
RB07005,Durban,Tokyo,High,41,5.0,53,3.7,Storm
RB07006,Felixstowe,Hong Kong,High,48,5.1,69,5.8,Storm
RB07007,Felixstowe,Hong Kong,High,50,5.2,66,3.6,Storm
RB07008,Felixstowe,Hong Kong,High,46,5.5,53,4.0,Storm
RB07009,Felixstowe,Hong Kong,High,41,4.7,71,3.7,Storm
RB07010,Durban,New York,Moderate,26,2.5,23,10.7,Rain
RB07011,Durban,New York,Moderate,25,2.1,26,9.0,Rain
RB07012,Durban,Los Angeles,Low,16,1.0,3,17.5,Fair
RB07013,Durban,Los Angeles,Low,14,1.1,4,15.5,Overcast
RB07014,Durban,Los Angeles,Low,12,1.1,2,15.0,Fair
RB07015,Cape Town,Kochi,High,50,5.0,67,4.9,Storm
RB07016,Cape Town,Kochi,High,46,4.7,77,3.9,Storm
RB07017,Cape Town,Kochi,High,49,4.9,70,5.3,Storm
RB07018,Melbourne,Singapore,Low,13,1.1,4,18.6,Overcast
RB07019,Melbourne,Singapore,Low,15,0.6,1,16.0,Fair
RB07020,Melbourne,Singapore,Low,17,0.7,3,16.2,Overcast
RB07021,Melbourne,Singapore,Low,15,0.9,4,18.8,Overcast
RB07022,Melbourne,Auckland,High,50,5.4,57,5.3,Storm
RB07023,Melbourne,Auckland,High,44,4.1,93,5.5,Squall
RB07024,Melbourne,Auckland,High,43,5.3,73,4.9,Storm
RB07025,Melbourne,Auckland,High,44,5.0,62,5.2,Squall
RB07026,Cape Town,Vancouver,Low,13,1.0,4,14.1,Overcast
RB07027,Cape Town,Busan,Low,12,0.7,5,15.8,Overcast
RB07028,Cape Town,Busan,Low,14,1.0,2,15.0,Fair
RB07029,Cape Town,Santos,Low,12,1.1,4,17.7,Overcast
RB07030,Cape Town,Santos,Low,18,0.8,6,17.6,Overcast
RB07031,Cape Town,Santos,Low,18,1.1,4,14.2,Overcast
RB07032,Cape Town,Valencia,Moderate,28,2.5,20,9.1,Rain
RB07033,Cape Town,Valencia,Moderate,31,2.5,24,10.5,Rain
RB07034,Vancouver,Colombo,Moderate,28,2.1,24,9.7,Rain
RB07035,Vancouver,Colombo,Moderate,30,2.6,15,9.3,Rain
RB07036,Vancouver,Colombo,Moderate,26,2.4,27,9.4,Rain
RB07037,Vancouver,Colombo,Moderate,27,2.7,25,9.6,Rain
RB07038,Cape Town,Mombasa,High,44,5.4,93,4.0,Storm
RB07039,Cape Town,Mombasa,High,49,4.1,85,3.4,Storm
RB07040,Cape Town,Mombasa,High,40,4.6,75,5.1,Squall
RB07041,Cape Town,Hamburg,Moderate,27,2.7,20,9.5,Rain
RB07042,Cape Town,Hamburg,Moderate,29,2.8,26,8.0,Rain
RB07043,Cape Town,Shanghai,Moderate,25,1.9,22,10.9,Rain
RB07044,Cape Town,Shanghai,Moderate,29,2.3,22,9.9,Rain
RB07045,Cape Town,Hong Kong,Moderate,28,2.5,17,8.4,Rain
RB07046,Cape Town,Hong Kong,Moderate,29,2.7,19,10.0,Rain
RB07047,Cape Town,Durban,Low,17,1.2,4,17.1,Overcast
RB07048,Cape Town,Durban,Low,13,0.8,3,17.4,Fair
RB07049,Cape Town,Durban,Low,15,0.8,5,15.6,Overcast
RB07050,Cape Town,Buenos Aires,High,47,4.4,71,3.8,Storm
RB07051,Cape Town,Buenos Aires,High,38,5.0,63,3.9,Storm
RB07052,Istanbul,Hamburg,Low,17,1.2,3,14.7,Overcast
RB07053,Istanbul,Hamburg,Low,13,1.0,3,16.4,Fair
RB07054,Istanbul,Hamburg,Low,13,1.2,6,14.9,Overcast
RB07055,Istanbul,Hamburg,Low,16,1.0,4,15.5,Overcast
RB07056,Cape Town,Felixstowe,Low,12,0.9,2,14.6,Fair
RB07057,Cape Town,Felixstowe,Low,12,1.2,4,16.8,Overcast
RB07058,Cape Town,Felixstowe,Low,17,1.0,5,16.3,Overcast
RB07059,Cape Town,Colombo,Low,15,0.9,3,15.0,Overcast
RB07060,Cape Town,Colombo,Low,14,1.1,4,16.1,Overcast
RB07061,Cape Town,Colombo,Low,13,1.2,4,14.2,Overcast
RB07062,Cape Town,London,Moderate,30,2.5,18,10.4,Rain
RB07063,Cape Town,London,Moderate,29,2.4,28,9.4,Rain
RB07064,Istanbul,Dar es Salaam,Moderate,25,2.7,26,10.3,Rain
RB07065,Istanbul,Dar es Salaam,Moderate,25,2.3,26,10.8,Rain
RB07066,Istanbul,Dar es Salaam,Moderate,30,2.7,21,9.9,Rain
RB07067,Istanbul,Dar es Salaam,Moderate,30,2.1,27,10.7,Rain
RB07068,Sydney,Hamburg,Low,19,1.1,6,15.1,Overcast
RB07069,Sydney,Hamburg,Low,14,1.3,6,14.4,Overcast
RB07070,Sydney,Hamburg,Low,13,1.1,3,17.1,Overcast
RB07071,Sydney,Hamburg,Low,19,1.4,4,17.0,Overcast
RB07072,Cape Town,Melbourne,Moderate,28,2.5,26,9.8,Rain
RB07073,Cape Town,Melbourne,Moderate,27,2.5,15,9.8,Overcast
RB07074,Cape Town,Melbourne,Moderate,25,2.1,26,8.6,Rain
RB07075,Cape Town,Piraeus,Moderate,26,2.6,22,10.3,Rain
RB07076,Cape Town,Piraeus,Moderate,31,2.6,23,10.7,Rain
RB07077,Cape Town,Dar es Salaam,High,41,4.2,50,4.6,Squall
RB07078,Cape Town,Dar es Salaam,High,45,4.1,73,4.9,Squall
RB07079,Cape Town,Dar es Salaam,High,45,5.4,68,6.0,Storm
RB07080,Cape Town,Jebel Ali,High,49,4.7,58,4.5,Storm
RB07081,Cape Town,Jebel Ali,High,44,4.0,99,5.1,Squall
RB07082,Cape Town,Jebel Ali,High,49,4.3,76,5.4,Storm
RB07083,Cape Town,Tokyo,High,39,4.3,57,5.9,Squall
RB07084,Cape Town,Tokyo,High,50,5.2,80,4.1,Storm
RB07085,Cape Town,Tokyo,High,48,4.3,84,4.9,Storm
RB07086,Cape Town,Sydney,Moderate,30,2.5,25,10.1,Rain
RB07087,Cape Town,Sydney,Moderate,28,2.4,20,9.2,Rain
RB07088,Cape Town,Sydney,Moderate,29,2.7,23,8.6,Rain
RB07089,Cape Town,New York,High,49,4.3,93,5.3,Storm
RB07090,Cape Town,New York,High,44,5.2,57,5.0,Storm
RB07091,Cape Town,New York,High,48,5.5,70,5.1,Storm
RB07092,Cape Town,Los Angeles,High,44,5.1,97,5.6,Storm
RB07093,Cape Town,Los Angeles,High,45,5.4,75,5.2,Storm
RB07094,New York,Valencia,High,43,4.6,98,4.5,Squall
RB07095,New York,Valencia,High,43,4.5,59,4.4,Squall
RB07096,New York,Valencia,High,45,4.8,87,3.5,Storm
RB07097,New York,Valencia,High,50,5.0,66,5.2,Storm
RB07098,Santos,Singapore,Moderate,25,2.6,15,8.8,Overcast
RB07099,Santos,Singapore,Moderate,26,2.3,19,10.0,Rain
RB07100,Santos,Singapore,Moderate,27,2.4,19,9.1,Rain
RB07101,Santos,Rotterdam,High,44,5.0,56,4.6,Squall
RB07102,Santos,Rotterdam,High,46,4.4,68,3.9,Storm
RB07103,Singapore,Dubai,Moderate,26,2.6,22,9.0,Rain
RB07104,Singapore,Dubai,Moderate,26,2.3,18,10.2,Rain
RB07105,Singapore,Dubai,Moderate,28,2.6,16,8.7,Rain
RB07106,Singapore,Dubai,Moderate,27,2.7,19,9.6,Rain
RB07107,Sydney,Chennai,Low,13,1.0,3,17.0,Overcast
RB07108,Sydney,Chennai,Low,16,1.0,4,18.3,Overcast
RB07109,Sydney,Chennai,Low,17,1.2,4,17.8,Overcast
RB07110,Sydney,Chennai,Low,15,0.9,5,15.4,Overcast
RB07111,Santos,Istanbul,Moderate,25,2.1,23,10.4,Rain
RB07112,Santos,Istanbul,Moderate,27,2.3,16,9.7,Rain
RB07113,Mombasa,Buenos Aires,Low,12,0.9,4,18.7,Overcast
RB07114,Mombasa,Buenos Aires,Low,15,0.6,4,18.0,Overcast
RB07115,Mombasa,Buenos Aires,Low,16,0.9,5,16.5,Overcast
RB07116,Mombasa,Buenos Aires,Low,16,0.9,2,16.2,Fair
RB07117,Chennai,Santos,Moderate,25,2.3,21,9.0,Rain
RB07118,Chennai,Santos,Moderate,25,2.0,25,10.2,Rain
RB07119,Chennai,Santos,Moderate,26,2.6,15,9.3,Overcast
RB07120,Chennai,Santos,Moderate,29,2.7,27,10.3,Rain
RB07121,Rotterdam,Piraeus,Low,11,1.1,2,16.3,Fair
RB07122,Rotterdam,Piraeus,Low,12,1.0,3,17.7,Fair
RB07123,Rotterdam,Piraeus,Low,13,0.8,2,17.6,Fair
RB07124,Rotterdam,Piraeus,Low,12,0.9,2,16.4,Fair
RB07125,Santos,Shanghai,Moderate,26,1.8,20,8.9,Rain
RB07126,Santos,Shanghai,Moderate,29,2.5,23,10.9,Rain
RB07127,Santos,Shanghai,Moderate,24,2.1,13,9.5,Overcast
RB07128,Istanbul,Felixstowe,Low,15,1.2,3,13.6,Overcast
RB07129,Istanbul,Felixstowe,Low,16,0.8,6,14.6,Overcast
RB07130,Istanbul,Felixstowe,Low,17,1.3,5,16.4,Overcast
RB07131,Istanbul,Felixstowe,Low,13,1.0,6,15.3,Overcast
RB07132,Santos,Durban,Moderate,30,2.7,20,10.4,Rain
RB07133,Santos,Durban,Moderate,28,2.4,18,10.1,Rain
RB07134,Santos,Cape Town,High,42,4.3,87,6.1,Squall
RB07135,Santos,Cape Town,High,45,5.1,59,3.7,Storm
RB07136,Santos,Cape Town,High,43,5.0,71,5.2,Storm
RB07137,Melbourne,Hong Kong,Low,11,1.0,3,17.4,Overcast
RB07138,Melbourne,Hong Kong,Low,11,0.9,2,16.4,Fair
RB07139,Melbourne,Hong Kong,Low,13,0.6,5,15.3,Overcast
RB07140,Melbourne,Hong Kong,Low,12,1.2,4,14.9,Overcast
RB07141,Santos,Auckland,High,49,4.9,82,4.6,Storm
RB07142,Shanghai,Valencia,Moderate,26,2.0,18,9.5,Rain
RB07143,Shanghai,Valencia,Moderate,25,2.1,21,9.7,Rain
RB07144,Shanghai,Valencia,Moderate,25,2.1,21,8.7,Rain
RB07145,Shanghai,Valencia,Moderate,26,2.3,27,10.6,Rain
RB07146,Melbourne,Busan,Moderate,29,2.0,19,8.8,Rain
RB07147,Melbourne,Busan,Moderate,26,2.5,21,10.9,Rain
RB07148,Melbourne,Busan,Moderate,28,2.4,15,8.8,Overcast
RB07149,Melbourne,Busan,Moderate,27,2.5,19,9.2,Rain
RB07150,Santos,London,Moderate,26,2.2,29,8.2,Rain
RB07151,Santos,London,Moderate,29,2.5,16,9.9,Rain
RB07152,Santos,London,Moderate,28,2.8,27,8.6,Rain
RB07153,Dar es Salaam,Singapore,Moderate,28,2.1,18,10.2,Rain
RB07154,Dar es Salaam,Singapore,Moderate,29,2.3,14,10.1,Overcast
RB07155,Dar es Salaam,Singapore,Moderate,23,2.0,13,11.3,Overcast
RB07156,Dar es Salaam,Singapore,Moderate,27,2.4,19,10.7,Rain
RB07157,Rotterdam,Jebel Ali,Moderate,30,2.6,24,8.3,Rain
RB07158,Rotterdam,Jebel Ali,Moderate,26,2.3,20,9.1,Rain
RB07159,Rotterdam,Jebel Ali,Moderate,27,2.6,23,8.1,Rain
RB07160,Rotterdam,Jebel Ali,Moderate,27,2.4,22,8.4,Rain
RB07161,Santos,Melbourne,Low,11,1.1,1,17.5,Fair
RB07162,Santos,Melbourne,Low,13,0.6,2,17.8,Fair
RB07163,Santos,Melbourne,Low,12,0.7,5,18.4,Overcast
RB07164,Santos,Piraeus,High,47,5.2,62,5.5,Storm
RB07165,Santos,Piraeus,High,43,4.0,49,4.3,Squall
RB07166,Santos,Dar es Salaam,Low,14,1.1,5,17.1,Overcast
RB07167,Santos,Dar es Salaam,Low,13,0.7,4,17.1,Overcast
RB07168,Santos,Dar es Salaam,Low,15,0.8,5,15.2,Overcast
RB07169,Santos,Jebel Ali,Moderate,29,2.4,25,8.9,Rain
RB07170,Santos,Jebel Ali,Moderate,27,2.0,26,10.4,Rain
RB07171,Santos,Jebel Ali,Moderate,30,2.7,15,9.4,Rain
RB07172,Santos,Tokyo,Moderate,25,2.0,22,9.8,Rain
RB07173,Santos,Sydney,High,45,5.0,93,4.2,Storm
RB07174,Santos,Sydney,High,52,4.2,95,4.5,Storm
RB07175,Santos,New York,High,40,5.2,60,4.2,Storm
RB07176,Santos,New York,High,39,4.6,73,4.0,Storm
RB07177,Santos,New York,High,42,5.1,80,5.8,Storm
RB07178,Santos,Los Angeles,High,46,4.6,93,4.6,Storm
RB07179,Santos,Los Angeles,High,48,4.1,73,3.8,Storm
RB07180,Buenos Aires,Kochi,High,51,4.9,85,4.2,Storm
RB07181,Buenos Aires,Kochi,High,49,5.2,91,4.5,Storm
RB07182,Buenos Aires,Singapore,Moderate,25,2.7,15,9.6,Overcast
RB07183,Buenos Aires,Singapore,Moderate,28,2.2,27,10.2,Rain
RB07184,Buenos Aires,Rotterdam,High,46,4.9,72,5.2,Storm
RB07185,Buenos Aires,Rotterdam,High,50,4.3,81,5.7,Storm
RB07186,Cape Town,Valencia,Low,18,0.8,5,14.5,Overcast
RB07187,Cape Town,Valencia,Low,16,1.1,5,17.3,Overcast
RB07188,Cape Town,Valencia,Low,13,1.2,3,15.7,Overcast
RB07189,Cape Town,Valencia,Low,17,0.8,2,15.4,Fair
RB07190,Buenos Aires,Busan,Moderate,30,2.1,15,11.0,Rain
RB07191,Buenos Aires,Busan,Moderate,29,2.5,17,10.8,Rain
RB07192,Buenos Aires,Santos,High,47,5.4,74,3.7,Storm
RB07193,Buenos Aires,Santos,High,41,4.8,61,3.6,Storm
RB07194,Buenos Aires,Santos,High,51,4.5,97,3.5,Storm
RB07195,Buenos Aires,Valencia,Low,19,0.9,5,14.6,Overcast
RB07196,Buenos Aires,Istanbul,Low,15,1.0,5,15.0,Overcast
RB07197,Buenos Aires,Istanbul,Low,14,0.7,3,16.2,Fair
RB07198,Buenos Aires,Mombasa,High,50,3.8,70,5.3,Storm
RB07199,Buenos Aires,Dubai,Moderate,26,2.1,16,8.8,Rain
RB07200,Buenos Aires,Dubai,Moderate,27,2.7,27,9.7,Rain
RB07201,Buenos Aires,Hamburg,High,49,4.4,93,5.0,Storm
RB07202,Buenos Aires,Hamburg,High,47,4.4,86,4.2,Storm
RB07203,Buenos Aires,Shanghai,Moderate,28,2.4,24,9.9,Rain
RB07204,Buenos Aires,Shanghai,Moderate,26,2.3,17,10.4,Rain
RB07205,Buenos Aires,Shanghai,Moderate,27,2.6,20,8.4,Rain
RB07206,Buenos Aires,Hong Kong,High,45,5.2,73,4.5,Storm
RB07207,Buenos Aires,Durban,High,42,4.5,54,5.2,Squall
RB07208,Buenos Aires,Durban,High,46,5.2,79,5.5,Storm
RB07209,Jebel Ali,Dubai,High,50,4.2,76,4.6,Storm
RB07210,Jebel Ali,Dubai,High,39,5.2,82,3.6,Storm
RB07211,Jebel Ali,Dubai,High,43,4.6,79,5.3,Squall
RB07212,Jebel Ali,Dubai,High,48,5.2,70,4.9,Storm
RB07213,Sydney,Hamburg,High,50,4.3,63,4.6,Storm
RB07214,Sydney,Hamburg,High,49,5.2,66,3.8,Storm
RB07215,Sydney,Hamburg,High,41,4.7,65,3.6,Storm
RB07216,Sydney,Hamburg,High,51,4.8,73,5.3,Storm
RB07217,Buenos Aires,Felixstowe,Moderate,31,2.6,26,8.8,Rain
RB07218,Mumbai,Buenos Aires,Low,15,0.8,3,17.0,Fair
RB07219,Mumbai,Buenos Aires,Low,14,0.7,2,15.0,Fair
RB07220,Mumbai,Buenos Aires,Low,14,1.2,3,17.2,Overcast
RB07221,Mumbai,Buenos Aires,Low,17,0.8,4,17.8,Overcast
RB07222,Vancouver,Hong Kong,High,39,5.3,83,5.4,Storm
RB07223,Vancouver,Hong Kong,High,40,4.8,74,5.8,Squall
RB07224,Vancouver,Hong Kong,High,49,4.8,73,3.7,Storm
RB07225,Vancouver,Hong Kong,High,43,5.2,65,4.7,Storm
RB07226,Buenos Aires,Mumbai,Low,16,0.7,6,15.5,Overcast
RB07227,Buenos Aires,Mumbai,Low,18,0.8,5,17.7,Overcast
RB07228,Buenos Aires,Mumbai,Low,13,1.0,2,15.1,Fair
RB07229,Buenos Aires,Chennai,High,43,4.7,67,5.6,Squall
RB07230,Buenos Aires,Chennai,High,45,5.5,83,5.5,Storm
RB07231,Buenos Aires,Melbourne,Low,17,0.9,5,15.4,Overcast
RB07232,Buenos Aires,Melbourne,Low,17,1.0,2,18.3,Fair
RB07233,Dar es Salaam,Colombo,Low,11,1.0,2,16.6,Fair
RB07234,Dar es Salaam,Colombo,Low,16,1.1,4,17.6,Overcast
RB07235,Dar es Salaam,Colombo,Low,17,0.7,3,15.7,Overcast
RB07236,Dar es Salaam,Colombo,Low,14,0.7,2,17.3,Fair
RB07237,Rotterdam,Vancouver,High,49,4.1,86,4.5,Storm
RB07238,Rotterdam,Vancouver,High,46,5.6,93,3.9,Storm
RB07239,Rotterdam,Vancouver,High,51,5.6,71,4.0,Storm
RB07240,Rotterdam,Vancouver,High,44,5.3,68,3.8,Storm
RB07241,Buenos Aires,Jebel Ali,Moderate,26,2.2,16,9.6,Rain
RB07242,Buenos Aires,Jebel Ali,Moderate,27,2.4,22,8.2,Rain
RB07243,Buenos Aires,Jebel Ali,Moderate,30,2.7,19,9.1,Rain
RB07244,Istanbul,Tokyo,High,51,5.5,95,5.3,Storm
RB07245,Istanbul,Tokyo,High,46,5.5,59,5.6,Storm
RB07246,Istanbul,Tokyo,High,40,4.3,72,5.7,Squall
RB07247,Istanbul,Tokyo,High,50,4.2,58,4.7,Storm
RB07248,Buenos Aires,Sydney,Low,15,1.2,2,14.9,Fair
RB07249,Buenos Aires,Sydney,Low,12,1.1,5,16.2,Overcast
RB07250,Buenos Aires,New York,High,49,3.9,55,4.2,Storm
RB07251,Buenos Aires,New York,High,47,4.0,78,3.8,Storm
RB07252,Buenos Aires,Los Angeles,Moderate,29,2.1,21,9.2,Rain
RB07253,Buenos Aires,Los Angeles,Moderate,25,2.5,21,8.5,Rain
RB07254,Buenos Aires,Los Angeles,Moderate,25,2.3,22,10.1,Rain
RB07255,Valencia,Kochi,Low,17,1.1,2,17.1,Fair
RB07256,Valencia,Kochi,Low,12,0.9,4,14.2,Overcast
RB07257,Valencia,Kochi,Low,16,0.9,6,16.4,Overcast
RB07258,Valencia,Singapore,Low,18,1.2,3,17.6,Fair
RB07259,Valencia,Rotterdam,Moderate,29,2.6,19,9.6,Rain
RB07260,Colombo,Felixstowe,High,44,4.2,80,4.5,Squall
RB07261,Colombo,Felixstowe,High,50,4.2,60,3.8,Storm
RB07262,Colombo,Felixstowe,High,45,4.0,55,5.1,Storm
RB07263,Colombo,Felixstowe,High,49,4.3,57,5.7,Storm
RB07264,Sydney,Chennai,Low,13,0.8,6,15.0,Overcast
RB07265,Sydney,Chennai,Low,14,0.9,4,17.7,Overcast
RB07266,Sydney,Chennai,Low,14,0.7,3,15.9,Fair
RB07267,Sydney,Chennai,Low,14,1.2,5,15.7,Overcast
RB07268,Kochi,Durban,Moderate,28,2.2,26,9.9,Rain
RB07269,Kochi,Durban,Moderate,27,2.3,16,10.1,Rain
RB07270,Kochi,Durban,Moderate,28,2.2,18,9.8,Rain
RB07271,Kochi,Durban,Moderate,25,2.1,22,10.7,Rain
RB07272,Valencia,Istanbul,High,49,3.9,84,4.9,Storm
RB07273,Valencia,Istanbul,High,47,4.2,50,3.8,Storm
RB07274,Valencia,Istanbul,High,50,4.3,83,5.8,Storm
RB07275,Santos,London,Moderate,31,2.2,24,9.5,Rain
RB07276,Santos,London,Moderate,29,2.4,19,9.6,Rain
RB07277,Santos,London,Moderate,29,2.2,18,8.4,Rain
RB07278,Santos,London,Moderate,28,2.8,21,10.2,Rain
RB07279,Valencia,Dubai,High,49,5.5,61,4.5,Storm
RB07280,Valencia,Dubai,High,40,4.3,57,4.5,Squall
RB07281,Valencia,Dubai,High,40,4.2,58,3.9,Storm
RB07282,Tokyo,Cape Town,Low,19,0.8,5,17.3,Overcast
RB07283,Tokyo,Cape Town,Low,17,1.2,6,16.0,Overcast
RB07284,Tokyo,Cape Town,Low,19,0.8,3,13.6,Fair
RB07285,Tokyo,Cape Town,Low,14,1.4,5,16.5,Overcast
RB07286,Mombasa,Istanbul,Moderate,26,2.3,18,8.8,Rain
RB07287,Mombasa,Istanbul,Moderate,29,2.7,21,10.2,Rain
RB07288,Mombasa,Istanbul,Moderate,25,2.2,27,9.3,Rain
RB07289,Mombasa,Istanbul,Moderate,30,2.0,14,9.2,Overcast
RB07290,Valencia,Hong Kong,Low,12,0.8,4,15.8,Overcast
RB07291,Valencia,Hong Kong,Low,18,1.2,3,17.3,Fair
RB07292,Valencia,Durban,Low,12,1.0,5,16.0,Overcast
RB07293,Valencia,Durban,Low,17,0.9,3,17.8,Fair
RB07294,Valencia,Durban,Low,17,0.7,2,17.7,Fair
RB07295,Valencia,Cape Town,High,52,5.1,70,5.3,Storm
RB07296,Valencia,Cape Town,High,46,5.5,92,4.6,Storm
RB07297,Shanghai,Busan,High,44,5.1,72,5.9,Storm
RB07298,Shanghai,Busan,High,39,3.9,82,5.8,Squall
RB07299,Shanghai,Busan,High,43,4.6,67,5.5,Squall
RB07300,Shanghai,Busan,High,44,5.2,81,4.7,Storm
RB07301,Valencia,Auckland,Low,14,1.2,4,14.8,Overcast
RB07302,Valencia,Auckland,Low,12,0.9,5,18.4,Overcast
RB07303,Valencia,Felixstowe,Low,18,1.1,4,15.9,Overcast
RB07304,Valencia,Felixstowe,Low,15,1.0,5,16.8,Overcast
RB07305,Los Angeles,Valencia,Low,14,1.2,3,15.0,Overcast
RB07306,Los Angeles,Valencia,Low,16,0.8,2,14.6,Fair
RB07307,Los Angeles,Valencia,Low,15,1.3,4,17.2,Overcast
RB07308,Los Angeles,Valencia,Low,14,1.0,3,16.9,Overcast
RB07309,Valencia,London,Moderate,27,2.6,26,8.0,Rain
RB07310,Valencia,London,Moderate,32,2.7,19,8.6,Rain
RB07311,Valencia,London,Moderate,32,2.6,25,8.5,Rain
RB07312,Valencia,Mumbai,Moderate,30,2.4,22,9.1,Rain
RB07313,Valencia,Mumbai,Moderate,24,2.0,18,10.5,Rain
RB07314,Valencia,Chennai,High,43,4.0,86,4.0,Storm
RB07315,Valencia,Chennai,High,40,5.0,63,4.7,Storm
RB07316,Valencia,Melbourne,High,45,4.7,95,4.1,Squall
RB07317,Valencia,Melbourne,High,44,5.7,91,5.3,Storm
RB07318,Valencia,Melbourne,High,45,5.8,96,5.0,Storm
RB07319,Vancouver,Durban,Moderate,31,2.4,27,8.4,Rain
RB07320,Vancouver,Durban,Moderate,31,2.6,18,9.9,Rain
RB07321,Vancouver,Durban,Moderate,31,2.6,27,8.6,Rain
RB07322,Vancouver,Durban,Moderate,29,2.4,27,9.6,Rain
RB07323,Valencia,Dar es Salaam,High,46,4.7,80,4.6,Storm
RB07324,Valencia,Dar es Salaam,High,40,4.6,53,4.4,Squall
RB07325,Dubai,Hamburg,High,51,4.4,65,4.0,Storm
RB07326,Dubai,Hamburg,High,43,5.2,69,3.6,Storm
RB07327,Dubai,Hamburg,High,50,4.8,93,4.6,Storm
RB07328,Dubai,Hamburg,High,46,4.9,86,4.5,Storm
RB07329,Valencia,Tokyo,High,45,4.6,89,4.1,Storm
RB07330,Dubai,Kochi,Moderate,28,2.4,15,9.9,Rain
RB07331,Dubai,Kochi,Moderate,25,2.5,19,11.5,Rain
RB07332,Dubai,Kochi,Moderate,25,2.2,11,10.7,Overcast
RB07333,Dubai,Kochi,Moderate,29,2.2,21,11.2,Rain
RB07334,Valencia,New York,High,46,5.3,59,4.1,Storm
RB07335,Valencia,New York,High,47,4.1,92,4.8,Storm
RB07336,Valencia,New York,High,43,5.3,88,3.8,Storm
RB07337,Valencia,Los Angeles,Moderate,31,2.4,22,9.7,Rain
RB07338,Piraeus,Kochi,High,46,5.2,52,4.0,Storm
RB07339,Piraeus,Kochi,High,41,5.2,85,4.9,Storm
RB07340,Colombo,Singapore,High,38,4.7,43,5.1,Squall
RB07341,Colombo,Singapore,High,44,3.7,71,6.4,Squall
RB07342,Colombo,Singapore,High,37,4.8,52,4.4,Squall
RB07343,Colombo,Singapore,High,37,5.0,47,5.9,Squall
RB07344,Piraeus,Rotterdam,Low,14,1.1,2,14.5,Fair
RB07345,Piraeus,Vancouver,Moderate,31,2.7,25,9.7,Rain
RB07346,Piraeus,Vancouver,Moderate,28,2.6,17,8.1,Rain
RB07347,Piraeus,Vancouver,Moderate,27,2.3,20,8.5,Rain
RB07348,Piraeus,Busan,Moderate,28,2.4,27,10.7,Rain
RB07349,Piraeus,Santos,Moderate,27,2.2,16,8.4,Rain
RB07350,Piraeus,Santos,Moderate,26,2.5,21,10.6,Rain
RB07351,Piraeus,Valencia,Moderate,28,2.6,26,10.1,Rain
RB07352,Piraeus,Valencia,Moderate,27,2.5,17,10.2,Rain
RB07353,Piraeus,Istanbul,High,50,5.4,97,4.7,Storm
RB07354,Piraeus,Istanbul,High,44,4.8,95,3.5,Storm
RB07355,Piraeus,Mombasa,High,46,5.6,85,4.4,Storm
RB07356,Piraeus,Mombasa,High,43,4.2,60,5.6,Squall
RB07357,Piraeus,Mombasa,High,42,5.5,97,4.2,Storm
RB07358,Piraeus,Dubai,Moderate,29,2.7,24,8.2,Rain
RB07359,Piraeus,Dubai,Moderate,30,2.6,20,9.6,Rain
RB07360,Piraeus,Hamburg,Low,11,0.9,2,17.0,Fair
RB07361,Piraeus,Shanghai,Low,13,1.3,2,16.8,Fair
RB07362,Piraeus,Shanghai,Low,14,0.9,4,17.6,Overcast
RB07363,Piraeus,Shanghai,Low,15,1.3,5,15.4,Overcast
RB07364,Melbourne,London,Moderate,27,2.4,25,9.6,Rain
RB07365,Melbourne,London,Moderate,26,2.2,23,8.9,Rain
RB07366,Melbourne,London,Moderate,29,2.7,17,9.1,Rain
RB07367,Melbourne,London,Moderate,30,2.7,18,10.0,Rain
RB07368,Piraeus,Durban,Low,16,0.8,5,15.9,Overcast
RB07369,Piraeus,Cape Town,High,40,4.5,78,5.6,Squall
RB07370,Piraeus,Cape Town,High,49,4.3,79,4.0,Storm
RB07371,Piraeus,Buenos Aires,High,50,5.1,64,4.5,Storm
RB07372,Piraeus,Buenos Aires,High,51,4.2,56,3.6,Storm
RB07373,Piraeus,Buenos Aires,High,47,4.1,96,4.5,Storm
RB07374,Piraeus,Auckland,High,50,5.3,92,4.9,Storm
RB07375,Piraeus,Auckland,High,45,4.3,75,5.3,Storm
RB07376,Piraeus,Auckland,High,44,4.0,63,6.0,Squall
RB07377,Istanbul,Singapore,High,50,4.0,58,5.6,Storm
RB07378,Istanbul,Singapore,High,41,5.0,94,4.6,Squall
RB07379,Istanbul,Singapore,High,48,5.0,81,5.2,Storm
RB07380,Istanbul,Singapore,High,43,4.9,73,5.5,Squall
RB07381,Dar es Salaam,Shanghai,High,45,5.1,72,4.2,Storm
RB07382,Dar es Salaam,Shanghai,High,46,4.4,82,4.4,Storm
RB07383,Dar es Salaam,Shanghai,High,47,4.7,60,3.9,Storm
RB07384,Dar es Salaam,Shanghai,High,51,4.4,81,5.1,Storm
RB07385,London,Dar es Salaam,Low,16,0.7,1,17.7,Fair
RB07386,London,Dar es Salaam,Low,12,0.9,5,18.2,Overcast
RB07387,London,Dar es Salaam,Low,14,0.9,3,15.2,Overcast
RB07388,London,Dar es Salaam,Low,10,0.6,5,17.6,Overcast
RB07389,Piraeus,Chennai,High,48,5.5,79,3.2,Storm
RB07390,Piraeus,Chennai,High,43,4.9,91,3.9,Storm
RB07391,Piraeus,Chennai,High,51,4.4,84,5.0,Storm
RB07392,Piraeus,Melbourne,High,46,4.1,68,4.5,Storm
RB07393,Piraeus,Melbourne,High,46,5.5,90,4.0,Storm
RB07394,Piraeus,Dar es Salaam,High,45,5.1,55,5.0,Storm
RB07395,Piraeus,Dar es Salaam,High,38,4.2,63,4.2,Squall
RB07396,Piraeus,Dar es Salaam,High,42,5.0,69,4.4,Storm
RB07397,Dar es Salaam,New York,High,42,5.3,77,5.3,Storm
RB07398,Dar es Salaam,New York,High,46,5.4,83,5.0,Storm
RB07399,Dar es Salaam,New York,High,50,4.1,79,5.6,Storm
RB07400,Dar es Salaam,New York,High,52,5.4,94,3.7,Storm
RB07401,Piraeus,Tokyo,High,50,5.2,88,3.7,Storm
RB07402,Piraeus,Tokyo,High,41,4.9,67,3.5,Storm
RB07403,Piraeus,Sydney,Low,15,1.0,4,17.9,Overcast
RB07404,Piraeus,Sydney,Low,14,1.0,4,14.3,Overcast
RB07405,Piraeus,New York,High,45,4.1,88,4.5,Storm
RB07406,Piraeus,New York,High,44,4.8,83,4.5,Squall
RB07407,Durban,Dubai,Low,15,0.8,2,16.7,Fair
RB07408,Durban,Dubai,Low,17,1.0,4,17.5,Overcast
RB07409,Durban,Dubai,Low,14,0.9,4,14.6,Overcast
RB07410,Durban,Dubai,Low,11,0.7,2,17.3,Fair
RB07411,Istanbul,Kochi,High,45,5.5,92,4.4,Storm
RB07412,Istanbul,Kochi,High,49,4.1,95,5.1,Storm
RB07413,Istanbul,Kochi,High,41,4.8,81,3.7,Storm
RB07414,Hamburg,Hong Kong,High,42,5.7,71,3.7,Storm
RB07415,Hamburg,Hong Kong,High,45,4.8,70,4.6,Squall
RB07416,Hamburg,Hong Kong,High,42,5.3,93,3.3,Storm
RB07417,Hamburg,Hong Kong,High,48,5.4,94,4.6,Storm
RB07418,Istanbul,Vancouver,High,45,5.3,67,4.8,Storm
RB07419,Busan,Durban,High,46,4.9,94,5.1,Storm
RB07420,Busan,Durban,High,43,5.2,77,4.2,Storm
RB07421,Busan,Durban,High,42,5.4,91,4.2,Storm
RB07422,Busan,Durban,High,44,4.5,72,3.6,Storm
RB07423,Istanbul,Santos,High,44,4.8,71,3.6,Storm
RB07424,Istanbul,Santos,High,43,4.4,87,5.1,Squall
RB07425,Istanbul,Santos,High,49,4.2,65,3.9,Storm
RB07426,Istanbul,Valencia,Low,12,0.6,4,16.8,Overcast
RB07427,Istanbul,Valencia,Low,14,1.0,4,16.1,Overcast
RB07428,Istanbul,Valencia,Low,12,0.8,4,15.4,Overcast
RB07429,Istanbul,Mombasa,Moderate,27,2.3,23,9.4,Rain
RB07430,Istanbul,Mombasa,Moderate,29,2.5,19,10.7,Rain
RB07431,Istanbul,Mombasa,Moderate,25,2.7,25,11.0,Rain
RB07432,Istanbul,Dubai,Low,13,0.8,6,14.1,Overcast
RB07433,Mumbai,Kochi,Low,12,0.7,3,15.1,Fair
RB07434,Mumbai,Kochi,Low,11,0.7,3,18.7,Fair
RB07435,Mumbai,Kochi,Low,15,1.1,2,15.1,Fair
RB07436,Mumbai,Kochi,Low,13,1.1,4,16.6,Overcast
RB07437,Istanbul,Durban,Low,17,1.1,2,15.2,Fair
RB07438,Istanbul,Durban,Low,12,1.1,4,14.8,Overcast
RB07439,Istanbul,Durban,Low,15,0.7,2,16.5,Fair
RB07440,Tokyo,Durban,High,49,5.0,87,4.6,Storm
RB07441,Tokyo,Durban,High,45,4.7,59,3.8,Storm
RB07442,Tokyo,Durban,High,41,5.4,68,5.3,Storm
RB07443,Tokyo,Durban,High,50,4.3,91,4.8,Storm
RB07444,Melbourne,Singapore,Low,15,0.8,5,17.8,Overcast
RB07445,Melbourne,Singapore,Low,12,1.0,3,18.6,Fair
RB07446,Melbourne,Singapore,Low,11,0.9,2,14.9,Fair
RB07447,Melbourne,Singapore,Low,11,0.9,2,17.3,Fair
RB07448,Istanbul,Auckland,Moderate,25,2.5,27,10.3,Rain
RB07449,Istanbul,Auckland,Moderate,28,2.6,18,10.1,Rain
RB07450,Istanbul,Felixstowe,Low,16,0.8,5,14.9,Overcast
RB07451,Istanbul,Felixstowe,Low,18,1.1,5,13.6,Overcast
RB07452,Istanbul,Felixstowe,Low,19,1.2,5,17.1,Overcast
RB07453,Istanbul,Colombo,Low,14,1.2,2,14.3,Fair
RB07454,Istanbul,Colombo,Low,18,1.2,5,15.6,Overcast
RB07455,Istanbul,Colombo,Low,13,1.0,6,15.8,Overcast
RB07456,Istanbul,London,High,43,4.5,98,3.3,Storm
RB07457,Istanbul,London,High,53,4.3,99,3.6,Storm
RB07458,Istanbul,London,High,44,4.9,106,3.2,Storm
RB07459,Rotterdam,Valencia,High,44,5.2,62,4.0,Storm
RB07460,Rotterdam,Valencia,High,46,4.2,66,5.0,Storm
RB07461,Rotterdam,Valencia,High,47,5.1,99,4.7,Storm
RB07462,Rotterdam,Valencia,High,47,4.1,63,5.3,Storm
RB07463,Istanbul,Chennai,Moderate,27,2.6,15,9.4,Rain
RB07464,Istanbul,Chennai,Moderate,27,2.2,17,9.9,Rain
RB07465,Istanbul,Chennai,Moderate,31,2.5,17,9.9,Rain
RB07466,Colombo,Tokyo,High,44,4.3,67,4.9,Squall
RB07467,Colombo,Tokyo,High,43,5.1,55,5.1,Storm
RB07468,Colombo,Tokyo,High,44,5.4,77,4.6,Storm
RB07469,Colombo,Tokyo,High,39,4.6,68,5.7,Squall
RB07470,Kochi,Mumbai,Low,12,1.1,3,15.3,Fair
RB07471,Kochi,Mumbai,Low,15,0.8,2,17.1,Fair
RB07472,Kochi,Mumbai,Low,11,0.8,4,18.6,Overcast
RB07473,Kochi,Mumbai,Low,11,0.9,2,17.9,Fair
RB07474,Istanbul,Dar es Salaam,Moderate,26,2.5,21,9.8,Rain
RB07475,Istanbul,Dar es Salaam,Moderate,26,2.6,25,9.2,Rain
RB07476,Istanbul,Dar es Salaam,Moderate,26,2.2,23,9.4,Rain
RB07477,Hong Kong,Rotterdam,Moderate,31,2.3,22,8.5,Rain
RB07478,Hong Kong,Rotterdam,Moderate,30,2.6,28,9.7,Rain
RB07479,Hong Kong,Rotterdam,Moderate,31,2.7,18,10.3,Rain
RB07480,Hong Kong,Rotterdam,Moderate,27,2.3,21,8.9,Rain
RB07481,New York,Dubai,High,44,4.4,68,3.6,Storm
RB07482,New York,Dubai,High,46,4.3,87,5.3,Storm
RB07483,New York,Dubai,High,49,5.1,62,5.7,Storm
RB07484,New York,Dubai,High,40,4.0,60,5.4,Squall
RB07485,Buenos Aires,Los Angeles,Moderate,28,2.6,22,9.7,Rain
RB07486,Buenos Aires,Los Angeles,Moderate,25,2.4,16,10.7,Rain
RB07487,Buenos Aires,Los Angeles,Moderate,27,2.6,17,9.3,Rain
RB07488,Buenos Aires,Los Angeles,Moderate,27,2.4,28,10.7,Rain
RB07489,Chennai,Durban,High,46,5.2,91,4.4,Storm
RB07490,Chennai,Durban,High,51,5.1,75,4.9,Storm
RB07491,Chennai,Durban,High,49,5.3,84,5.1,Storm
RB07492,Chennai,Durban,High,50,5.0,96,3.9,Storm
RB07493,Mombasa,Kochi,Moderate,24,1.9,17,11.5,Rain
RB07494,Mombasa,Kochi,Moderate,25,1.9,21,11.0,Rain
RB07495,Mombasa,Kochi,Moderate,24,2.3,24,10.1,Rain
RB07496,Cape Town,Durban,Low,11,0.7,5,16.2,Overcast
RB07497,Cape Town,Durban,Low,16,1.2,4,17.0,Overcast
RB07498,Cape Town,Durban,Low,13,1.0,3,17.5,Fair
RB07499,Cape Town,Durban,Low,11,0.7,5,18.0,Overcast
RB07500,Los Angeles,Valencia,Low,17,1.3,4,15.7,Overcast
RB07501,Los Angeles,Valencia,Low,12,0.8,5,14.5,Overcast
RB07502,Los Angeles,Valencia,Low,16,1.0,3,15.5,Overcast
RB07503,Los Angeles,Valencia,Low,17,0.9,4,15.2,Overcast
RB07504,Melbourne,Hong Kong,Low,11,1.0,5,15.0,Overcast
RB07505,Melbourne,Hong Kong,Low,14,0.8,4,16.3,Overcast
RB07506,Melbourne,Hong Kong,Low,11,0.7,5,17.4,Overcast
RB07507,Melbourne,Hong Kong,Low,15,0.9,5,16.6,Overcast
RB07508,Valencia,Durban,Low,12,0.8,5,16.8,Overcast
RB07509,Valencia,Durban,Low,11,0.6,2,15.4,Fair
RB07510,Valencia,Durban,Low,17,1.1,4,16.9,Overcast
RB07511,Valencia,Durban,Low,12,0.8,5,15.7,Overcast
RB07512,Mombasa,Istanbul,Moderate,30,2.0,24,10.0,Rain
RB07513,Mombasa,Istanbul,Moderate,28,2.2,25,10.6,Rain
RB07514,Mumbai,Kochi,Low,12,0.9,4,18.5,Overcast
RB07515,Mumbai,Kochi,Low,15,1.2,4,17.8,Overcast
RB07516,Mumbai,Kochi,Low,17,1.0,3,14.9,Fair
RB07517,Mumbai,Kochi,Low,12,0.8,2,15.6,Fair
RB07518,Hamburg,Piraeus,High,45,5.1,89,5.6,Storm
RB07519,Hamburg,Piraeus,High,44,5.3,78,4.8,Storm
RB07520,Hamburg,Piraeus,High,44,4.5,61,3.7,Storm
RB07521,Hamburg,Piraeus,High,46,4.0,63,3.6,Storm
RB07522,Valencia,Rotterdam,Low,13,0.7,3,16.0,Overcast
RB07523,Valencia,Rotterdam,Low,11,0.8,2,16.2,Fair
RB07524,Valencia,Rotterdam,Low,15,0.8,3,15.7,Fair
RB07525,Valencia,Rotterdam,Low,13,1.1,5,17.3,Overcast
RB07526,Mombasa,Hong Kong,Moderate,25,2.0,14,10.6,Overcast
RB07527,Mombasa,Hong Kong,Moderate,29,2.5,24,9.0,Rain
RB07528,Mombasa,Hong Kong,Moderate,26,1.9,17,10.1,Rain
RB07529,Colombo,Cape Town,High,45,4.3,87,4.3,Storm
RB07530,Colombo,Cape Town,High,51,5.2,78,4.3,Storm
RB07531,Colombo,Cape Town,High,50,5.4,64,4.9,Storm
RB07532,Colombo,Cape Town,High,44,4.2,75,3.8,Storm
RB07533,Mombasa,Cape Town,High,47,3.9,54,5.9,Storm
RB07534,Mombasa,Cape Town,High,46,5.3,76,5.8,Storm
RB07535,Mombasa,Buenos Aires,Low,14,0.8,3,17.4,Overcast
RB07536,Mombasa,Buenos Aires,Low,13,1.1,5,17.7,Overcast
RB07537,Valencia,Hong Kong,Low,15,1.2,3,18.2,Fair
RB07538,Valencia,Hong Kong,Low,17,1.2,2,15.5,Fair
RB07539,Valencia,Hong Kong,Low,13,1.2,3,17.4,Fair
RB07540,Valencia,Hong Kong,Low,13,0.8,2,17.3,Fair
RB07541,Mombasa,Felixstowe,Moderate,27,2.1,23,11.0,Rain
RB07542,Mombasa,Felixstowe,Moderate,26,2.1,17,10.4,Rain
RB07543,Mombasa,Colombo,Low,9,0.8,3,16.1,Fair
RB07544,Mombasa,Colombo,Low,11,0.8,4,16.1,Overcast
RB07545,Mombasa,Colombo,Low,15,1.1,2,17.8,Fair
RB07546,Shanghai,Jebel Ali,High,46,4.9,92,3.9,Storm
RB07547,Shanghai,Jebel Ali,High,49,5.4,93,3.2,Storm
RB07548,Shanghai,Jebel Ali,High,47,5.5,88,3.7,Storm
RB07549,Shanghai,Jebel Ali,High,49,5.5,68,3.6,Storm
RB07550,Mombasa,Mumbai,Low,11,0.8,3,16.8,Fair
RB07551,Mombasa,Mumbai,Low,16,0.9,5,18.2,Overcast
RB07552,Mombasa,Chennai,Moderate,26,2.6,18,10.7,Rain
RB07553,Mombasa,Chennai,Moderate,28,2.0,19,9.9,Rain
RB07554,Mombasa,Melbourne,Moderate,26,2.2,18,9.1,Rain
RB07555,Mombasa,Melbourne,Moderate,30,2.1,24,8.4,Rain
RB07556,Mombasa,Melbourne,Moderate,28,2.0,19,10.3,Rain
RB07557,Mombasa,Piraeus,Moderate,27,2.5,20,9.6,Rain
RB07558,Mombasa,Piraeus,Moderate,28,2.1,20,9.0,Rain
RB07559,Mombasa,Piraeus,Moderate,27,2.7,17,9.2,Rain
RB07560,Mombasa,Dar es Salaam,High,43,5.3,56,4.3,Storm
RB07561,Mombasa,Dar es Salaam,High,40,4.1,70,4.6,Squall
RB07562,Mombasa,Dar es Salaam,High,42,4.5,69,4.8,Squall
RB07563,Dar es Salaam,Kochi,High,46,5.1,63,5.2,Storm
RB07564,Dar es Salaam,Kochi,High,42,5.1,52,5.6,Storm
RB07565,Dar es Salaam,Kochi,High,45,5.0,83,5.3,Squall
RB07566,Dar es Salaam,Kochi,High,43,4.0,51,6.3,Squall
RB07567,Mombasa,Tokyo,Low,17,1.0,2,16.4,Fair
RB07568,Mombasa,Tokyo,Low,12,0.9,2,18.9,Fair
RB07569,Mombasa,Tokyo,Low,16,0.6,3,17.5,Fair
RB07570,Durban,Hong Kong,Low,18,1.2,5,14.4,Overcast
RB07571,Durban,Hong Kong,Low,17,1.0,6,15.2,Overcast
RB07572,Durban,Hong Kong,Low,16,0.9,2,17.6,Fair
RB07573,Durban,Hong Kong,Low,13,0.8,3,15.5,Overcast
RB07574,Mombasa,New York,Moderate,31,2.1,20,10.4,Rain
RB07575,Mombasa,New York,Moderate,29,2.2,26,9.3,Rain
RB07576,Mombasa,New York,Moderate,28,2.7,20,8.7,Rain
RB07577,Mombasa,Los Angeles,High,47,4.0,73,4.0,Storm
RB07578,Mombasa,Los Angeles,High,43,3.8,88,4.4,Squall
RB07579,Dar es Salaam,Kochi,Moderate,26,2.5,19,10.6,Rain
RB07580,Dar es Salaam,Singapore,Moderate,29,2.1,13,10.2,Overcast
RB07581,Dar es Salaam,Singapore,Moderate,26,2.4,21,9.4,Rain
RB07582,Dar es Salaam,Singapore,Moderate,28,2.4,18,11.2,Rain
RB07583,Colombo,Melbourne,High,45,5.0,61,5.3,Storm
RB07584,Colombo,Melbourne,High,40,5.5,90,5.5,Storm
RB07585,Colombo,Melbourne,High,43,5.0,73,4.3,Storm
RB07586,Colombo,Melbourne,High,49,5.3,95,4.3,Storm
RB07587,Dar es Salaam,Vancouver,Low,16,1.1,5,14.1,Overcast
RB07588,Dar es Salaam,Vancouver,Low,14,1.1,4,14.9,Overcast
RB07589,Dar es Salaam,Vancouver,Low,15,1.3,3,15.7,Overcast
RB07590,Dar es Salaam,Busan,Low,17,1.2,3,16.6,Overcast
RB07591,Dar es Salaam,Busan,Low,18,1.3,4,14.8,Overcast
RB07592,Dar es Salaam,Busan,Low,18,0.9,5,17.8,Overcast
RB07593,Dar es Salaam,Santos,Moderate,28,2.6,21,10.1,Rain
RB07594,Dar es Salaam,Santos,Moderate,25,2.4,25,10.5,Rain
RB07595,Dar es Salaam,Santos,Moderate,27,2.3,24,10.0,Rain
RB07596,Dar es Salaam,Valencia,High,42,4.7,76,3.7,Storm
RB07597,Dar es Salaam,Valencia,High,47,5.4,54,4.8,Storm
RB07598,Dar es Salaam,Valencia,High,43,5.4,65,4.1,Storm
RB07599,Dar es Salaam,Istanbul,Moderate,27,2.6,19,10.5,Rain
RB07600,Dar es Salaam,Istanbul,Moderate,26,2.2,18,9.7,Rain
RB07601,Dar es Salaam,Istanbul,Moderate,27,2.6,23,10.4,Rain
RB07602,Dar es Salaam,Mombasa,High,40,3.8,42,6.3,Squall
RB07603,Dar es Salaam,Mombasa,High,39,4.8,79,6.3,Squall
RB07604,Dar es Salaam,Mombasa,High,37,4.9,80,4.4,Squall
RB07605,Dar es Salaam,Dubai,Moderate,28,2.2,19,10.2,Rain
RB07606,Dar es Salaam,Hamburg,Moderate,25,2.8,26,10.1,Rain
RB07607,Dar es Salaam,Hamburg,Moderate,28,2.2,21,9.3,Rain
RB07608,Dar es Salaam,Hamburg,Moderate,28,2.0,16,9.5,Rain
RB07609,Dar es Salaam,Hong Kong,Moderate,24,2.1,17,9.1,Rain
RB07610,Dar es Salaam,Hong Kong,Moderate,28,2.1,24,9.8,Rain
RB07611,Dar es Salaam,Durban,High,48,5.0,52,4.6,Storm
RB07612,Dar es Salaam,Durban,High,41,4.9,67,5.9,Squall
RB07613,Dar es Salaam,Durban,High,44,4.3,49,4.9,Squall
RB07614,Felixstowe,Singapore,Low,11,0.7,3,17.3,Overcast
RB07615,Felixstowe,Singapore,Low,13,1.2,3,17.2,Overcast
RB07616,Felixstowe,Singapore,Low,16,0.9,2,17.1,Fair
RB07617,Felixstowe,Singapore,Low,11,1.2,5,16.8,Overcast
RB07618,Buenos Aires,Felixstowe,Moderate,28,2.1,14,10.0,Overcast
RB07619,Buenos Aires,Felixstowe,Moderate,28,2.7,15,9.0,Overcast
RB07620,Buenos Aires,Felixstowe,Moderate,27,2.2,17,8.7,Rain
RB07621,Buenos Aires,Felixstowe,Moderate,29,2.5,26,10.3,Rain
RB07622,Durban,Piraeus,Moderate,30,2.2,18,10.2,Rain
RB07623,Durban,Piraeus,Moderate,26,2.1,23,9.8,Rain
RB07624,Durban,Piraeus,Moderate,28,2.2,18,8.7,Rain
RB07625,Durban,Piraeus,Moderate,27,2.4,23,10.9,Rain
RB07626,Dar es Salaam,Felixstowe,Low,15,0.8,6,17.6,Overcast
RB07627,Dar es Salaam,Felixstowe,Low,16,1.2,6,17.5,Overcast
RB07628,Dar es Salaam,Felixstowe,Low,14,0.8,5,16.6,Overcast
RB07629,Dar es Salaam,Colombo,High,44,5.2,68,4.0,Storm
RB07630,Dar es Salaam,Colombo,High,44,5.3,66,3.6,Storm
RB07631,Mumbai,Piraeus,High,43,4.8,79,4.4,Squall
RB07632,Mumbai,Piraeus,High,49,5.0,62,5.8,Storm
RB07633,Mumbai,Piraeus,High,44,4.3,62,5.1,Squall
RB07634,Mumbai,Piraeus,High,49,4.8,95,3.5,Storm
RB07635,Dar es Salaam,Mumbai,Moderate,25,2.0,12,10.6,Overcast
RB07636,Dar es Salaam,Mumbai,Moderate,25,1.9,23,9.0,Rain
RB07637,Dar es Salaam,Mumbai,Moderate,25,2.1,19,10.5,Rain
RB07638,Cape Town,Jebel Ali,High,45,4.1,87,3.4,Storm
RB07639,Cape Town,Jebel Ali,High,52,5.2,84,5.2,Storm
RB07640,Cape Town,Jebel Ali,High,52,4.5,67,5.6,Storm
RB07641,Cape Town,Jebel Ali,High,50,4.6,62,4.3,Storm
RB07642,Colombo,Cape Town,Low,15,0.8,3,16.9,Overcast
RB07643,Colombo,Cape Town,Low,13,1.1,5,16.5,Overcast
RB07644,Colombo,Cape Town,Low,16,0.8,3,18.6,Overcast
RB07645,Colombo,Cape Town,Low,11,0.6,5,18.5,Overcast
RB07646,Durban,Hamburg,Moderate,31,2.6,19,9.1,Rain
RB07647,Durban,Hamburg,Moderate,26,2.6,20,9.5,Rain
RB07648,Durban,Hamburg,Moderate,26,2.5,15,10.0,Overcast
RB07649,Durban,Hamburg,Moderate,30,2.2,24,9.0,Rain
RB07650,Dar es Salaam,Jebel Ali,Low,12,0.9,4,15.8,Overcast
RB07651,Dar es Salaam,Tokyo,Low,15,0.8,3,17.6,Overcast
RB07652,Dar es Salaam,Tokyo,Low,12,1.0,5,16.4,Overcast
RB07653,Dar es Salaam,Tokyo,Low,12,0.7,5,15.3,Overcast
RB07654,Dar es Salaam,Sydney,Moderate,24,1.9,16,9.4,Rain
RB07655,Dar es Salaam,Sydney,Moderate,26,2.0,22,10.2,Rain
RB07656,Dar es Salaam,Sydney,Moderate,28,2.6,15,10.2,Rain
RB07657,Dar es Salaam,New York,High,40,5.3,95,4.6,Storm
RB07658,Dar es Salaam,New York,High,43,5.2,59,3.5,Storm
RB07659,Dar es Salaam,Los Angeles,Low,14,1.1,2,17.4,Fair
RB07660,Dar es Salaam,Los Angeles,Low,14,0.9,2,16.7,Fair
RB07661,Dar es Salaam,Los Angeles,Low,15,0.6,3,16.7,Fair
RB07662,Auckland,Kochi,High,49,5.0,59,5.2,Storm
RB07663,Auckland,Kochi,High,41,4.3,85,4.9,Squall
RB07664,Auckland,Singapore,High,44,5.0,72,6.1,Storm
RB07665,Auckland,Singapore,High,43,5.0,52,5.2,Squall
RB07666,Auckland,Singapore,High,38,3.6,67,4.4,Squall
RB07667,Hamburg,Dar es Salaam,High,49,4.4,62,5.4,Storm
RB07668,Hamburg,Dar es Salaam,High,48,5.1,77,4.6,Storm
RB07669,Hamburg,Dar es Salaam,High,48,5.2,92,3.6,Storm
RB07670,Hamburg,Dar es Salaam,High,44,5.4,97,3.7,Storm
RB07671,Auckland,Vancouver,Low,17,0.8,4,17.3,Overcast
RB07672,Auckland,Vancouver,Low,11,0.7,5,17.6,Overcast
RB07673,Auckland,Vancouver,Low,13,0.9,2,16.3,Fair
RB07674,Auckland,Busan,Low,14,1.1,6,17.4,Overcast
RB07675,Auckland,Busan,Low,14,0.7,4,17.7,Overcast
RB07676,Colombo,Istanbul,Moderate,27,2.1,21,9.8,Rain
RB07677,Colombo,Istanbul,Moderate,28,2.4,18,8.5,Rain
RB07678,Colombo,Istanbul,Moderate,30,2.5,19,8.9,Rain
RB07679,Colombo,Istanbul,Moderate,28,2.7,24,8.9,Rain
RB07680,Auckland,Valencia,Moderate,26,2.7,24,9.4,Rain
RB07681,Auckland,Valencia,Moderate,28,1.9,14,10.5,Overcast
RB07682,Auckland,Valencia,Moderate,25,2.7,25,9.0,Rain
RB07683,Auckland,Istanbul,Moderate,31,2.1,21,10.2,Rain
RB07684,Auckland,Istanbul,Moderate,31,2.1,19,8.7,Rain
RB07685,Auckland,Istanbul,Moderate,27,2.2,18,10.7,Rain
RB07686,Auckland,Mombasa,High,48,5.6,92,5.3,Storm
RB07687,Auckland,Mombasa,High,41,4.4,82,5.2,Squall
RB07688,Auckland,Mombasa,High,41,5.3,91,4.9,Storm
RB07689,Piraeus,Auckland,High,46,4.0,92,4.7,Storm
RB07690,Piraeus,Auckland,High,44,5.2,87,5.9,Storm
RB07691,Piraeus,Auckland,High,42,4.0,51,4.1,Squall
RB07692,Piraeus,Auckland,High,42,4.4,83,5.8,Squall
RB07693,Auckland,Hamburg,High,51,4.7,102,4.7,Storm
RB07694,Auckland,Hamburg,High,52,5.6,73,5.2,Storm
RB07695,Auckland,Shanghai,Moderate,25,2.2,15,9.3,Rain
RB07696,Auckland,Shanghai,Moderate,24,2.4,25,10.5,Rain
RB07697,Auckland,Shanghai,Moderate,26,2.1,13,9.9,Overcast
RB07698,Hamburg,Sydney,Low,12,1.0,5,14.8,Overcast
RB07699,Hamburg,Sydney,Low,12,1.1,4,16.8,Overcast
RB07700,Hamburg,Sydney,Low,14,0.9,2,17.1,Fair
RB07701,Hamburg,Sydney,Low,17,1.1,6,16.1,Overcast
RB07702,Rotterdam,Cape Town,Moderate,30,2.2,25,8.6,Rain
RB07703,Rotterdam,Cape Town,Moderate,26,2.7,24,8.1,Rain
RB07704,Rotterdam,Cape Town,Moderate,31,2.9,28,8.0,Rain
RB07705,Rotterdam,Cape Town,Moderate,29,2.3,27,9.6,Rain
RB07706,Auckland,Cape Town,High,48,4.6,73,4.3,Storm
RB07707,Istanbul,Dubai,Moderate,29,2.9,19,8.1,Rain
RB07708,Istanbul,Dubai,Moderate,30,2.8,18,9.4,Rain
RB07709,Istanbul,Dubai,Moderate,26,2.1,27,9.3,Rain
RB07710,Istanbul,Dubai,Moderate,31,2.4,19,8.4,Rain
RB07711,Los Angeles,Durban,Low,15,1.0,5,15.3,Overcast
RB07712,Los Angeles,Durban,Low,12,0.8,3,17.0,Fair
RB07713,Los Angeles,Durban,Low,15,1.2,6,16.9,Overcast
RB07714,Los Angeles,Durban,Low,17,1.2,2,18.0,Fair
RB07715,Auckland,Colombo,Low,17,0.9,6,16.1,Overcast
RB07716,Auckland,Colombo,Low,16,1.2,4,14.5,Overcast
RB07717,Auckland,Colombo,Low,17,1.2,3,15.3,Fair
RB07718,Auckland,London,Moderate,31,2.5,16,9.1,Rain
RB07719,Auckland,London,Moderate,31,2.6,24,10.0,Rain
RB07720,Auckland,London,Moderate,30,2.1,24,10.1,Rain
RB07721,Auckland,Mumbai,High,46,4.8,71,5.3,Storm
RB07722,Auckland,Mumbai,High,44,4.8,98,4.2,Squall
RB07723,Auckland,Mumbai,High,43,4.5,65,4.5,Squall
RB07724,Auckland,Chennai,Moderate,27,2.7,16,9.9,Rain
RB07725,Auckland,Chennai,Moderate,29,2.2,22,8.5,Rain
RB07726,Auckland,Chennai,Moderate,26,2.0,24,8.4,Rain
RB07727,Auckland,Melbourne,Low,16,1.0,2,14.6,Fair
RB07728,Auckland,Piraeus,High,49,4.8,64,5.0,Storm
RB07729,Auckland,Piraeus,High,43,5.0,55,5.6,Storm
RB07730,Auckland,Piraeus,High,46,5.4,81,3.8,Storm
RB07731,Dubai,Hamburg,Moderate,24,2.0,17,10.0,Rain
RB07732,Dubai,Hamburg,Moderate,29,2.1,21,8.7,Rain
RB07733,Dubai,Hamburg,Moderate,28,2.4,23,11.0,Rain
RB07734,Dubai,Hamburg,Moderate,27,2.0,15,9.8,Rain
RB07735,London,Santos,Moderate,29,1.9,25,9.5,Rain
RB07736,London,Santos,Moderate,25,2.2,20,9.8,Rain
RB07737,London,Santos,Moderate,24,2.4,19,10.9,Rain
RB07738,London,Santos,Moderate,27,2.4,21,9.3,Rain
RB07739,Auckland,Tokyo,High,45,5.4,98,5.2,Storm
RB07740,Auckland,Tokyo,High,50,5.1,86,5.6,Storm
RB07741,Auckland,Sydney,High,43,4.5,77,4.1,Squall
RB07742,Auckland,Sydney,High,41,5.1,75,4.8,Storm
RB07743,Auckland,Sydney,High,47,4.4,78,5.4,Storm
RB07744,Auckland,New York,Moderate,28,2.8,19,8.6,Rain
RB07745,Auckland,New York,Moderate,29,2.8,25,8.0,Rain
RB07746,Auckland,New York,Moderate,31,2.8,23,8.1,Rain
RB07747,Auckland,Los Angeles,Moderate,30,2.5,14,10.9,Overcast
RB07748,Auckland,Los Angeles,Moderate,28,2.2,17,8.7,Rain
RB07749,Auckland,Los Angeles,Moderate,28,2.4,15,9.3,Overcast
RB07750,Colombo,Singapore,High,37,3.6,43,4.9,Squall
RB07751,Colombo,Singapore,High,45,4.1,50,6.0,Storm
RB07752,Colombo,Singapore,High,44,4.2,56,5.1,Squall
RB07753,Colombo,Singapore,High,38,4.2,78,6.4,Squall
RB07754,London,Mumbai,Moderate,28,2.2,27,9.1,Rain
RB07755,London,Mumbai,Moderate,25,2.4,17,8.8,Rain
RB07756,London,Mumbai,Moderate,28,2.7,20,9.4,Rain
RB07757,London,Mumbai,Moderate,26,2.2,14,10.8,Overcast
RB07758,Felixstowe,Vancouver,Moderate,29,2.2,24,8.6,Rain
RB07759,Felixstowe,Vancouver,Moderate,31,2.7,29,8.3,Rain
RB07760,Felixstowe,Busan,Moderate,29,2.5,22,10.0,Rain
RB07761,Felixstowe,Busan,Moderate,26,2.0,19,9.6,Rain
RB07762,Felixstowe,Busan,Moderate,30,2.2,26,10.1,Rain
RB07763,Tokyo,Piraeus,Moderate,30,2.3,23,8.7,Rain
RB07764,Tokyo,Piraeus,Moderate,28,2.4,18,9.2,Rain
RB07765,Tokyo,Piraeus,Moderate,30,2.4,17,8.8,Rain
RB07766,Tokyo,Piraeus,Moderate,29,2.4,20,10.7,Rain
RB07767,Felixstowe,Valencia,Moderate,31,2.4,26,8.5,Rain
RB07768,Felixstowe,Valencia,Moderate,32,2.8,29,9.6,Rain
RB07769,Mumbai,London,High,47,5.5,95,5.4,Storm
RB07770,Mumbai,London,High,48,5.1,99,3.4,Storm
RB07771,Mumbai,London,High,45,5.1,96,3.7,Storm
RB07772,Mumbai,London,High,42,5.1,83,4.8,Storm
RB07773,Buenos Aires,Istanbul,Low,16,1.2,4,18.5,Overcast
RB07774,Buenos Aires,Istanbul,Low,11,0.9,3,18.3,Fair
RB07775,Buenos Aires,Istanbul,Low,11,1.2,3,16.8,Overcast
RB07776,Buenos Aires,Istanbul,Low,17,1.1,5,16.5,Overcast
RB07777,London,Felixstowe,Moderate,26,2.5,20,10.5,Rain
RB07778,London,Felixstowe,Moderate,30,2.4,18,10.6,Rain
RB07779,London,Felixstowe,Moderate,25,2.7,25,10.0,Rain
RB07780,London,Felixstowe,Moderate,25,2.2,14,8.8,Overcast
RB07781,Hong Kong,Cape Town,High,40,4.2,52,3.9,Storm
RB07782,Hong Kong,Cape Town,High,45,4.5,67,4.9,Squall
RB07783,Hong Kong,Cape Town,High,41,4.4,80,5.5,Squall
RB07784,Hong Kong,Cape Town,High,44,5.4,60,4.2,Storm
RB07785,Felixstowe,Hong Kong,High,49,5.4,56,4.3,Storm
RB07786,Felixstowe,Hong Kong,High,49,4.1,85,5.8,Storm
RB07787,Felixstowe,Durban,Low,18,0.9,5,17.5,Overcast
RB07788,Felixstowe,Durban,Low,17,1.0,5,16.2,Overcast
RB07789,Felixstowe,Durban,Low,13,1.0,6,14.3,Overcast
RB07790,Felixstowe,Cape Town,Moderate,30,2.3,23,10.6,Rain
RB07791,Felixstowe,Cape Town,Moderate,30,2.1,25,8.6,Rain
RB07792,Felixstowe,Cape Town,Moderate,30,2.6,19,8.5,Rain
RB07793,Felixstowe,Buenos Aires,High,42,5.5,89,3.7,Storm
RB07794,Felixstowe,Buenos Aires,High,50,4.5,68,5.4,Storm
RB07795,Felixstowe,Buenos Aires,High,49,5.0,59,5.2,Storm
RB07796,Shanghai,Vancouver,Moderate,27,2.1,16,9.7,Rain
RB07797,Shanghai,Vancouver,Moderate,27,2.2,18,9.2,Rain
RB07798,Shanghai,Vancouver,Moderate,30,2.0,22,10.0,Rain
RB07799,Shanghai,Vancouver,Moderate,31,2.0,16,9.1,Rain
RB07800,Felixstowe,Colombo,Moderate,30,2.7,21,9.3,Rain
RB07801,Felixstowe,Colombo,Moderate,27,2.5,23,10.0,Rain
RB07802,Felixstowe,London,High,43,5.3,58,4.8,Storm
RB07803,Istanbul,Chennai,Moderate,30,2.1,23,9.9,Rain
RB07804,Istanbul,Chennai,Moderate,29,2.3,21,10.4,Rain
RB07805,Istanbul,Chennai,Moderate,28,2.1,26,9.5,Rain
RB07806,Istanbul,Chennai,Moderate,28,2.8,25,10.6,Rain
RB07807,Felixstowe,Chennai,Moderate,27,2.2,27,8.7,Rain
RB07808,Felixstowe,Chennai,Moderate,30,2.4,22,9.9,Rain
RB07809,Felixstowe,Chennai,Moderate,27,2.5,17,8.8,Rain
RB07810,Felixstowe,Melbourne,Moderate,31,2.8,26,8.8,Rain
RB07811,Felixstowe,Piraeus,Moderate,26,2.4,19,9.0,Rain
RB07812,Felixstowe,Piraeus,Moderate,29,2.8,24,9.6,Rain
RB07813,Felixstowe,Dar es Salaam,Low,16,1.1,5,18.3,Overcast
RB07814,Felixstowe,Dar es Salaam,Low,11,1.2,3,16.4,Fair
RB07815,Hong Kong,London,Low,16,0.9,3,15.4,Fair
RB07816,Hong Kong,London,Low,12,1.1,5,18.0,Overcast
RB07817,Hong Kong,London,Low,14,0.8,4,17.8,Overcast
RB07818,Hong Kong,London,Low,13,0.7,4,16.7,Overcast
RB07819,Dubai,Los Angeles,Moderate,24,2.2,13,9.3,Overcast
RB07820,Dubai,Los Angeles,Moderate,27,2.3,16,10.6,Rain
RB07821,Dubai,Los Angeles,Moderate,29,2.4,16,9.6,Rain
RB07822,Dubai,Los Angeles,Moderate,24,2.5,19,10.3,Rain
RB07823,Felixstowe,Sydney,High,52,4.5,74,5.2,Storm
RB07824,Felixstowe,Sydney,High,44,4.3,91,3.3,Storm
RB07825,Felixstowe,Sydney,High,52,4.8,84,5.3,Storm
RB07826,Felixstowe,New York,High,49,5.0,81,3.5,Storm
RB07827,Felixstowe,New York,High,42,4.0,76,4.1,Squall
RB07828,Felixstowe,Los Angeles,Low,14,1.2,4,17.0,Overcast
RB07829,Felixstowe,Los Angeles,Low,17,1.2,4,14.8,Overcast
RB07830,Felixstowe,Los Angeles,Low,12,1.0,2,16.7,Fair
